--------- beginning of main
         1789127303.079 20544 20544 D YTV2_DUMP: [0] parent=null id=null text='null' desc='null' bounds=(0,0,1080,2460) class=android.widget.FrameLayout
         1789127303.080 20544 20544 D YTV2_DUMP: [1] parent=0 id=null text='null' desc='null' bounds=(0,0,1080,2460) class=android.widget.LinearLayout
         1789127303.080 20544 20544 D YTV2_DUMP: [2] parent=0 id=android:id/navigationBarBackground text='null' desc='null' bounds=(0,2330,1080,2460) class=android.view.View
         1789127303.080 20544 20544 D YTV2_DUMP: [3] parent=1 id=null text='null' desc='null' bounds=(0,0,1080,2460) class=android.widget.FrameLayout
         1789127303.080 20544 20544 D YTV2_DUMP: [4] parent=3 id=com.google.android.youtube:id/action_bar_root text='null' desc='null' bounds=(0,0,1080,2460) class=android.widget.LinearLayout
         1789127303.080 20544 20544 D YTV2_DUMP: [5] parent=4 id=android:id/content text='null' desc='null' bounds=(0,0,1080,2460) class=android.widget.FrameLayout
         1789127303.080 20544 20544 D YTV2_DUMP: [6] parent=5 id=com.google.android.youtube:id/more_drawer_container text='null' desc='null' bounds=(0,0,1080,2460) class=androidx.drawerlayout.widget.DrawerLayout
         1789127303.080 20544 20544 D YTV2_DUMP: [7] parent=5 id=com.google.android.youtube:id/reel_time_bar text='null' desc='null' bounds=(0,0,1080,2460) class=android.view.ViewGroup
         1789127303.080 20544 20544 D YTV2_DUMP: [8] parent=6 id=com.google.android.youtube:id/slim_status_bar_player_container text='null' desc='null' bounds=(0,0,1080,2460) class=android.widget.FrameLayout
         1789127303.080 20544 20544 D YTV2_DUMP: [9] parent=8 id=com.google.android.youtube:id/navigation_bar_divider_frame text='null' desc='null' bounds=(0,0,1080,2330) class=android.view.ViewGroup
         1789127303.080 20544 20544 D YTV2_DUMP: [10] parent=8 id=null text='null' desc='null' bounds=(0,0,1080,104) class=android.widget.FrameLayout
         1789127303.080 20544 20544 D YTV2_DUMP: [11] parent=8 id=null text='null' desc='null' bounds=(0,0,3,3) class=android.view.View
         1789127303.080 20544 20544 D YTV2_DUMP: [12] parent=9 id=com.google.android.youtube:id/global_slim_status_bar_container text='null' desc='null' bounds=(0,0,1080,2330) class=android.widget.FrameLayout
         1789127303.080 20544 20544 D YTV2_DUMP: [13] parent=9 id=com.google.android.youtube:id/accessibility_layer_container text='null' desc='null' bounds=(0,0,1080,2330) class=android.widget.FrameLayout
         1789127303.081 20544 20544 D YTV2_DUMP: [14] parent=10 id=com.google.android.youtube:id/global_status_bar_view text='null' desc='null' bounds=(0,0,1080,104) class=android.view.View
         1789127303.081 20544 20544 D YTV2_DUMP: [15] parent=13 id=com.google.android.youtube:id/fullscreen_mode_container text='null' desc='null' bounds=(0,0,1080,0) class=android.widget.FrameLayout
         1789127303.081 20544 20544 D YTV2_DUMP: [16] parent=13 id=com.google.android.youtube:id/next_gen_watch_container_layout text='null' desc='null' bounds=(0,0,1080,2330) class=android.view.ViewGroup
         1789127303.081 20544 20544 D YTV2_DUMP: [17] parent=13 id=com.google.android.youtube:id/bottom_bar_container text='null' desc='null' bounds=(0,2198,1080,2330) class=android.widget.LinearLayout
         1789127303.081 20544 20544 D YTV2_DUMP: [18] parent=16 id=com.google.android.youtube:id/watch_while_layout_coordinator_layout text='null' desc='null' bounds=(0,0,1080,2330) class=android.view.ViewGroup
         1789127303.081 20544 20544 D YTV2_DUMP: [19] parent=17 id=com.google.android.youtube:id/pivot_bar text='null' desc='null' bounds=(0,2198,1080,2330) class=android.widget.HorizontalScrollView
         1789127303.081 20544 20544 D YTV2_DUMP: [20] parent=18 id=com.google.android.youtube:id/fab_container text='null' desc='null' bounds=(0,0,1080,2330) class=android.widget.FrameLayout
         1789127303.081 20544 20544 D YTV2_DUMP: [21] parent=18 id=com.google.android.youtube:id/pane_fragment_container text='null' desc='null' bounds=(0,0,1080,2330) class=android.widget.FrameLayout
         1789127303.081 20544 20544 D YTV2_DUMP: [22] parent=18 id=com.google.android.youtube:id/root_pill_container text='null' desc='null' bounds=(0,2220,1080,2220) class=android.widget.FrameLayout
         1789127303.081 20544 20544 D YTV2_DUMP: [23] parent=18 id=com.google.android.youtube:id/pane_fragment_footer_container text='null' desc='null' bounds=(0,2330,1080,2330) class=android.widget.FrameLayout
         1789127303.081 20544 20544 D YTV2_DUMP: [24] parent=19 id=null text='null' desc='null' bounds=(0,2198,1080,2330) class=android.widget.LinearLayout
         1789127303.081 20544 20544 D YTV2_DUMP: [25] parent=21 id=com.google.android.youtube:id/inline_player_container text='null' desc='null' bounds=(0,0,1080,2198) class=android.view.ViewGroup
         1789127303.081 20544 20544 D YTV2_DUMP: [26] parent=21 id=com.google.android.youtube:id/inline_player_overlay_container text='null' desc='null' bounds=(0,0,1080,2198) class=android.view.ViewGroup
         1789127303.081 20544 20544 D YTV2_DUMP: [27] parent=21 id=com.google.android.youtube:id/browse_fragment_layout_coordinator_layout text='null' desc='null' bounds=(0,0,1080,2198) class=android.widget.ScrollView
         1789127303.081 20544 20544 D YTV2_DUMP: [28] parent=21 id=com.google.android.youtube:id/bar_wrapper text='null' desc='null' bounds=(0,236,1080,269) class=android.widget.FrameLayout
         1789127303.081 20544 20544 D YTV2_DUMP: [29] parent=24 id=null text='null' desc='Home' bounds=(0,2198,216,2330) class=android.widget.Button
         1789127303.082 20544 20544 D YTV2_DUMP: [30] parent=24 id=null text='null' desc='Shorts' bounds=(216,2198,432,2330) class=android.widget.Button
         1789127303.082 20544 20544 D YTV2_DUMP: [31] parent=24 id=null text='null' desc='Create' bounds=(432,2198,648,2330) class=android.widget.Button
         1789127303.082 20544 20544 D YTV2_DUMP: [32] parent=24 id=null text='null' desc='Subscriptions: New content is available' bounds=(648,2198,864,2330) class=android.widget.Button
         1789127303.082 20544 20544 D YTV2_DUMP: [33] parent=24 id=null text='null' desc='You' bounds=(864,2198,1080,2330) class=android.widget.Button
         1789127303.082 20544 20544 D YTV2_DUMP: [34] parent=25 id=com.google.android.youtube:id/player_fragment_container text='null' desc='null' bounds=(33,511,530,1256) class=android.widget.FrameLayout
         1789127303.082 20544 20544 D YTV2_DUMP: [35] parent=26 id=null text='null' desc='null' bounds=(33,511,1080,2198) class=android.widget.FrameLayout
         1789127303.082 20544 20544 D YTV2_DUMP: [36] parent=26 id=com.google.android.youtube:id/player_overlays text='null' desc='null' bounds=(33,511,530,1256) class=android.view.ViewGroup
         1789127303.082 20544 20544 D YTV2_DUMP: [37] parent=27 id=com.google.android.youtube:id/pane_fragment_background_container text='null' desc='null' bounds=(0,0,1080,2198) class=android.widget.FrameLayout
         1789127303.082 20544 20544 D YTV2_DUMP: [38] parent=27 id=com.google.android.youtube:id/appbar_layout text='null' desc='null' bounds=(0,0,1080,368) class=android.widget.LinearLayout
         1789127303.082 20544 20544 D YTV2_DUMP: [39] parent=27 id=com.google.android.youtube:id/pane_fragment_contents text='null' desc='null' bounds=(0,368,1080,2198) class=android.widget.FrameLayout
         1789127303.082 20544 20544 D YTV2_DUMP: [40] parent=29 id=com.google.android.youtube:id/thumbnail_layout text='null' desc='null' bounds=(75,2210,141,2276) class=android.widget.FrameLayout
         1789127303.082 20544 20544 D YTV2_DUMP: [41] parent=29 id=com.google.android.youtube:id/text text='Home' desc='null' bounds=(67,2282,150,2319) class=android.widget.TextView
         1789127303.083 20544 20544 D YTV2_DUMP: [42] parent=30 id=com.google.android.youtube:id/thumbnail_layout text='null' desc='null' bounds=(291,2210,357,2276) class=android.widget.FrameLayout
         1789127303.083 20544 20544 D YTV2_DUMP: [43] parent=30 id=com.google.android.youtube:id/text text='Shorts' desc='null' bounds=(279,2282,369,2319) class=android.widget.TextView
         1789127303.083 20544 20544 D YTV2_DUMP: [44] parent=31 id=com.google.android.youtube:id/image text='null' desc='null' bounds=(491,2216,590,2315) class=android.widget.ImageView
         1789127303.083 20544 20544 D YTV2_DUMP: [45] parent=32 id=com.google.android.youtube:id/thumbnail_layout text='null' desc='null' bounds=(723,2210,789,2276) class=android.widget.FrameLayout
         1789127303.083 20544 20544 D YTV2_DUMP: [46] parent=32 id=com.google.android.youtube:id/new_content_dot text='null' desc='New content available' bounds=(761,2204,794,2237) class=android.view.View
         1789127303.083 20544 20544 D YTV2_DUMP: [47] parent=32 id=com.google.android.youtube:id/text text='Subscriptions' desc='null' bounds=(666,2282,847,2319) class=android.widget.TextView
         1789127303.083 20544 20544 D YTV2_DUMP: [48] parent=33 id=com.google.android.youtube:id/thumbnail_layout text='null' desc='null' bounds=(939,2210,1005,2276) class=android.widget.FrameLayout
         1789127303.083 20544 20544 D YTV2_DUMP: [49] parent=33 id=com.google.android.youtube:id/text text='You' desc='null' bounds=(946,2282,999,2319) class=android.widget.TextView
         1789127303.083 20544 20544 D YTV2_DUMP: [50] parent=34 id=com.google.android.youtube:id/player_view text='null' desc='null' bounds=(33,511,530,1256) class=android.view.ViewGroup
         1789127303.083 20544 20544 D YTV2_DUMP: [51] parent=35 id=com.google.android.youtube:id/inline_playback_time_bar text='null' desc='null' bounds=(49,511,514,1303) class=android.view.ViewGroup
         1789127303.084 20544 20544 D YTV2_DUMP: [52] parent=36 id=com.google.android.youtube:id/player_overlays_custom_views_container text='null' desc='null' bounds=(33,511,530,1256) class=android.widget.FrameLayout
         1789127303.084 20544 20544 D YTV2_DUMP: [53] parent=36 id=null text='null' desc='null' bounds=(33,511,530,1256) class=android.widget.FrameLayout
         1789127303.084 20544 20544 D YTV2_DUMP: [54] parent=36 id=null text='null' desc='null' bounds=(33,511,530,1256) class=android.widget.FrameLayout
         1789127303.084 20544 20544 D YTV2_DUMP: [55] parent=36 id=null text='null' desc='null' bounds=(33,511,530,1256) class=android.widget.FrameLayout
         1789127303.084 20544 20544 D YTV2_DUMP: [56] parent=37 id=com.google.android.youtube:id/pane_fragment_background_alpha_overlay text='null' desc='null' bounds=(0,0,1080,2198) class=android.view.View
         1789127303.084 20544 20544 D YTV2_DUMP: [57] parent=38 id=com.google.android.youtube:id/toolbar_container text='null' desc='null' bounds=(0,0,1080,236) class=android.widget.FrameLayout
         1789127303.084 20544 20544 D YTV2_DUMP: [58] parent=38 id=com.google.android.youtube:id/filter_bar text='null' desc='null' bounds=(0,236,1080,368) class=android.widget.LinearLayout
         1789127303.084 20544 20544 D YTV2_DUMP: [59] parent=39 id=com.google.android.youtube:id/loading_layout text='null' desc='null' bounds=(0,368,1080,2198) class=android.widget.FrameLayout
         1789127303.084 20544 20544 D YTV2_DUMP: [60] parent=40 id=com.google.android.youtube:id/image text='null' desc='null' bounds=(75,2210,141,2276) class=android.widget.ImageView
         1789127303.084 20544 20544 D YTV2_DUMP: [61] parent=42 id=com.google.android.youtube:id/image text='null' desc='null' bounds=(291,2210,357,2276) class=android.widget.ImageView
         1789127303.084 20544 20544 D YTV2_DUMP: [62] parent=45 id=com.google.android.youtube:id/image text='null' desc='null' bounds=(723,2210,789,2276) class=android.widget.ImageView
         1789127303.084 20544 20544 D YTV2_DUMP: [63] parent=48 id=com.google.android.youtube:id/pivot_bar_thumbnail text='null' desc='null' bounds=(939,2210,1005,2276) class=android.widget.ImageView
         1789127303.085 20544 20544 D YTV2_DUMP: [64] parent=50 id=null text='null' desc='null' bounds=(33,511,530,1256) class=android.view.ViewGroup
         1789127303.085 20544 20544 D YTV2_DUMP: [65] parent=53 id=null text='null' desc='null' bounds=(33,511,530,1256) class=android.widget.FrameLayout
         1789127303.085 20544 20544 D YTV2_DUMP: [66] parent=54 id=null text='null' desc='null' bounds=(33,511,530,1256) class=android.widget.FrameLayout
         1789127303.085 20544 20544 D YTV2_DUMP: [67] parent=55 id=null text='null' desc='null' bounds=(33,511,530,1256) class=android.view.ViewGroup
         1789127303.085 20544 20544 D YTV2_DUMP: [68] parent=57 id=com.google.android.youtube:id/collapsing_header_container text='null' desc='null' bounds=(0,104,1080,104) class=android.widget.FrameLayout
         1789127303.085 20544 20544 D YTV2_DUMP: [69] parent=57 id=com.google.android.youtube:id/toolbar text='null' desc='null' bounds=(0,104,1080,236) class=android.view.ViewGroup
         1789127303.085 20544 20544 D YTV2_DUMP: [70] parent=58 id=null text='null' desc='filters' bounds=(0,236,1080,368) class=android.support.v7.widget.RecyclerView
         1789127303.085 20544 20544 D YTV2_DUMP: [71] parent=59 id=null text='null' desc='null' bounds=(0,368,1080,2198) class=android.view.ViewGroup
         1789127303.085 20544 20544 D YTV2_DUMP: [72] parent=64 id=null text='null' desc='null' bounds=(33,511,530,1256) class=android.view.ViewGroup
         1789127303.085 20544 20544 D YTV2_DUMP: [73] parent=65 id=null text='null' desc='null' bounds=(33,511,530,1256) class=android.view.ViewGroup
         1789127303.085 20544 20544 D YTV2_DUMP: [74] parent=66 id=null text='null' desc='null' bounds=(33,511,530,1256) class=android.view.ViewGroup
         1789127303.085 20544 20544 D YTV2_DUMP: [75] parent=67 id=com.google.android.youtube:id/subtitle text='null' desc='null' bounds=(33,511,530,1180) class=android.widget.FrameLayout
         1789127303.085 20544 20544 D YTV2_DUMP: [76] parent=67 id=com.google.android.youtube:id/status_bar text='null' desc='null' bounds=(508,1179,530,1256) class=android.widget.LinearLayout
         1789127303.085 20544 20544 D YTV2_DUMP: [77] parent=69 id=null text='null' desc='null' bounds=(0,104,816,236) class=android.widget.FrameLayout
         1789127303.085 20544 20544 D YTV2_DUMP: [78] parent=69 id=null text='null' desc='null' bounds=(816,104,1080,236) class=android.support.v7.widget.LinearLayoutCompat
         1789127303.086 20544 20544 D YTV2_DUMP: [79] parent=70 id=null text='null' desc='Explore menu' bounds=(33,258,149,346) class=android.widget.Button
         1789127303.086 20544 20544 D YTV2_DUMP: [80] parent=70 id=null text='null' desc='null' bounds=(171,258,171,346) class=android.view.View
         1789127303.086 20544 20544 D YTV2_DUMP: [81] parent=70 id=null text='null' desc='null' bounds=(193,258,310,346) class=android.widget.LinearLayout
         1789127303.086 20544 20544 D YTV2_DUMP: [82] parent=70 id=null text='null' desc='null' bounds=(332,258,515,346) class=android.widget.LinearLayout
         1789127303.086 20544 20544 D YTV2_DUMP: [83] parent=70 id=null text='null' desc='null' bounds=(537,258,784,346) class=android.widget.LinearLayout
         1789127303.086 20544 20544 D YTV2_DUMP: [84] parent=70 id=null text='null' desc='null' bounds=(806,258,986,346) class=android.widget.LinearLayout
         1789127303.086 20544 20544 D YTV2_DUMP: [85] parent=70 id=null text='null' desc='null' bounds=(1008,258,1080,346) class=android.widget.LinearLayout
         1789127303.086 20544 20544 D YTV2_DUMP: [86] parent=70 id=null text='null' desc='null' bounds=(1378,258,1080,346) class=android.widget.LinearLayout
         1789127303.086 20544 20544 D YTV2_DUMP: [87] parent=71 id=com.google.android.youtube:id/results text='null' desc='null' bounds=(0,368,1080,2198) class=android.support.v7.widget.RecyclerView
         1789127303.086 20544 20544 D YTV2_DUMP: [88] parent=72 id=null text='null' desc='null' bounds=(33,511,530,1256) class=android.view.View
         1789127303.086 20544 20544 D YTV2_DUMP: [89] parent=72 id=null text='null' desc='null' bounds=(33,511,530,1256) class=android.view.View
         1789127303.086 20544 20544 D YTV2_DUMP: [90] parent=76 id=com.google.android.youtube:id/autoplay_loading_view_container text='null' desc='null' bounds=(508,1231,508,1231) class=android.widget.FrameLayout
         1789127303.086 20544 20544 D YTV2_DUMP: [91] parent=77 id=com.google.android.youtube:id/youtube_logo text='null' desc='YouTube' bounds=(0,104,336,236) class=android.widget.ImageView
         1789127303.086 20544 20544 D YTV2_DUMP: [92] parent=78 id=com.google.android.youtube:id/menu_item_0 text='null' desc='null' bounds=(816,104,948,236) class=android.widget.FrameLayout
         1789127303.086 20544 20544 D YTV2_DUMP: [93] parent=78 id=com.google.android.youtube:id/menu_item_1 text='null' desc='null' bounds=(948,104,1080,236) class=android.widget.FrameLayout
         1789127303.086 20544 20544 D YTV2_DUMP: [94] parent=79 id=null text='null' desc='null' bounds=(58,269,124,335) class=android.widget.ImageView
         1789127303.087 20544 20544 D YTV2_DUMP: [95] parent=81 id=com.google.android.youtube:id/chip_cloud_chip_modern_text text='All' desc='null' bounds=(193,258,310,346) class=android.widget.TextView
         1789127303.087 20544 20544 D YTV2_DUMP: [96] parent=82 id=com.google.android.youtube:id/chip_cloud_chip_modern_text text='Music' desc='null' bounds=(332,258,515,346) class=android.widget.TextView
         1789127303.087 20544 20544 D YTV2_DUMP: [97] parent=83 id=com.google.android.youtube:id/chip_cloud_chip_modern_text text='Podcasts' desc='null' bounds=(537,258,784,346) class=android.widget.TextView
         1789127303.087 20544 20544 D YTV2_DUMP: [98] parent=84 id=com.google.android.youtube:id/chip_cloud_chip_modern_text text='Mixes' desc='null' bounds=(806,258,986,346) class=android.widget.TextView
         1789127303.087 20544 20544 D YTV2_DUMP: [99] parent=85 id=com.google.android.youtube:id/chip_cloud_chip_modern_text text='Comedy clubs' desc='null' bounds=(1008,258,1080,346) class=android.widget.TextView
         1789127303.087 20544 20544 D YTV2_DUMP: [100] parent=86 id=com.google.android.youtube:id/chip_cloud_chip_modern_text text='Combined Graduate Level Examination' desc='null' bounds=(1378,258,1080,346) class=android.widget.TextView
         1789127303.087 20544 20544 D YTV2_DUMP: [101] parent=87 id=null text='null' desc='null' bounds=(0,368,1080,511) class=android.view.ViewGroup
         1789127303.087 20544 20544 D YTV2_DUMP: [102] parent=87 id=null text='null' desc='null' bounds=(0,511,1080,1256) class=android.view.ViewGroup
         1789127303.087 20544 20544 D YTV2_DUMP: [103] parent=87 id=null text='null' desc='null' bounds=(0,1256,1080,1319) class=android.view.ViewGroup
         1789127303.087 20544 20544 D YTV2_DUMP: [104] parent=87 id=null text='null' desc='Sponsored – Applied AI & Machine Learning
         1789127303.087 20544 20544 D YTV2_DUMP: Earn an executive AI certificate from IIT Kharagpur - live online, 8 months.
         1789127303.087 20544 20544 D YTV2_DUMP: IIT KGP – Apply now - Link opens in new window' bounds=(0,1341,1080,2198) class=android.widget.Button
         1789127303.087 20544 20544 D YTV2_DUMP: [105] parent=92 id=null text='null' desc='null' bounds=(816,104,948,236) class=android.view.ViewGroup
         1789127303.087 20544 20544 D YTV2_DUMP: [106] parent=93 id=null text='null' desc='null' bounds=(948,104,1080,236) class=android.view.ViewGroup
         1789127303.087 20544 20544 D YTV2_DUMP: [107] parent=101 id=null text='null' desc='null' bounds=(0,368,1080,511) class=android.view.ViewGroup
         1789127303.087 20544 20544 D YTV2_DUMP: [108] parent=102 id=null text='null' desc='null' bounds=(0,511,540,1256) class=android.view.ViewGroup
         1789127303.087 20544 20544 D YTV2_DUMP: [109] parent=102 id=null text='null' desc='null' bounds=(540,511,1080,1256) class=android.view.ViewGroup
         1789127303.087 20544 20544 D YTV2_DUMP: [110] parent=104 id=null text='null' desc='null' bounds=(0,1341,1080,2198) class=android.view.ViewGroup
         1789127303.087 20544 20544 D YTV2_DUMP: [111] parent=104 id=null text='null' desc='null' bounds=(0,1341,1080,2198) class=android.view.ViewGroup
         1789127303.088 20544 20544 D YTV2_DUMP: [112] parent=105 id=com.google.android.youtube:id/menu_item_view text='null' desc='Notifications' bounds=(816,104,948,236) class=android.widget.ImageView
         1789127303.088 20544 20544 D YTV2_DUMP: [113] parent=106 id=com.google.android.youtube:id/menu_item_view text='null' desc='Search' bounds=(948,104,1080,236) class=android.widget.ImageView
         1789127303.088 20544 20544 D YTV2_DUMP: [114] parent=107 id=null text='null' desc='null' bounds=(44,390,143,489) class=android.widget.ImageView
         1789127303.088 20544 20544 D YTV2_DUMP: [115] parent=107 id=null text='null' desc='Shorts' bounds=(176,408,339,472) class=android.view.ViewGroup
         1789127303.088 20544 20544 D YTV2_DUMP: [116] parent=107 id=null text='null' desc='Action menu' bounds=(970,407,1036,473) class=android.widget.Button
         1789127303.088 20544 20544 D YTV2_DUMP: [117] parent=108 id=null text='null' desc='Gucci ft. ravikishan & Sharvari ❤️‍🔥… – play Short' bounds=(33,511,530,1256) class=android.widget.Button
         1789127303.088 20544 20544 D YTV2_DUMP: [118] parent=109 id=null text='null' desc='LIVE FROM THE HIMALAYAS – play Short' bounds=(550,511,1047,1256) class=android.widget.Button
         1789127303.088 20544 20544 D YTV2_DUMP: [119] parent=111 id=null text='null' desc='null' bounds=(0,1341,1080,2198) class=android.widget.ImageView
         1789127303.088 20544 20544 D YTV2_DUMP: [120] parent=115 id=null text='Shorts' desc='Shorts' bounds=(176,408,339,472) class=android.view.ViewGroup
         1789127303.088 20544 20544 D YTV2_DUMP: [121] parent=117 id=null text='null' desc='null' bounds=(33,511,530,1256) class=android.view.ViewGroup
         1789127303.088 20544 20544 D YTV2_DUMP: [122] parent=118 id=null text='null' desc='null' bounds=(550,511,1047,1256) class=android.view.ViewGroup
         1789127303.088 20544 20544 D YTV2_DUMP: [123] parent=121 id=null text='null' desc='null' bounds=(33,511,530,1256) class=android.widget.ImageView
         1789127303.088 20544 20544 D YTV2_DUMP: [124] parent=121 id=null text='null' desc='null' bounds=(33,511,530,1256) class=android.view.ViewGroup
         1789127303.088 20544 20544 D YTV2_DUMP: [125] parent=121 id=null text='null' desc='null' bounds=(420,511,530,621) class=android.view.ViewGroup
         1789127303.088 20544 20544 D YTV2_DUMP: [126] parent=121 id=null text='null' desc='null' bounds=(33,1119,530,1256) class=android.view.ViewGroup
         1789127303.088 20544 20544 D YTV2_DUMP: [127] parent=122 id=null text='null' desc='null' bounds=(550,511,1047,1256) class=android.widget.ImageView
         1789127303.089 20544 20544 D YTV2_DUMP: [128] parent=122 id=null text='null' desc='null' bounds=(550,511,1047,1256) class=android.view.ViewGroup
         1789127303.089 20544 20544 D YTV2_DUMP: [129] parent=122 id=null text='null' desc='null' bounds=(937,511,1047,621) class=android.view.ViewGroup
         1789127303.089 20544 20544 D YTV2_DUMP: [130] parent=122 id=null text='null' desc='null' bounds=(550,1119,1047,1256) class=android.view.ViewGroup
         1789127303.089 20544 20544 D YTV2_DUMP: [131] parent=124 id=null text='null' desc='null' bounds=(33,511,530,1256) class=android.widget.ImageView
         1789127303.089 20544 20544 D YTV2_DUMP: [132] parent=124 id=null text='null' desc='null' bounds=(33,511,530,1256) class=android.view.ViewGroup
         1789127303.089 20544 20544 D YTV2_DUMP: [133] parent=125 id=null text='null' desc='More actions' bounds=(469,533,519,583) class=android.widget.Button
         1789127303.089 20544 20544 D YTV2_DUMP: [134] parent=126 id=null text='null' desc='null' bounds=(55,1119,508,1234) class=android.view.ViewGroup
         1789127303.089 20544 20544 D YTV2_DUMP: [135] parent=128 id=null text='null' desc='null' bounds=(550,511,1047,1256) class=android.widget.ImageView
         1789127303.089 20544 20544 D YTV2_DUMP: [136] parent=128 id=null text='null' desc='null' bounds=(550,511,1047,1256) class=android.view.ViewGroup
         1789127303.089 20544 20544 D YTV2_DUMP: [137] parent=129 id=null text='null' desc='More actions' bounds=(986,533,1036,583) class=android.widget.Button
         1789127303.089 20544 20544 D YTV2_DUMP: [138] parent=130 id=null text='null' desc='null' bounds=(572,1119,1025,1234) class=android.view.ViewGroup
         1789127303.089 20544 20544 D YTV2_DUMP: [139] parent=132 id=null text='null' desc='null' bounds=(33,511,530,1256) class=android.widget.ImageView
         1789127303.089 20544 20544 D YTV2_DUMP: [140] parent=134 id=null text='null' desc='null' bounds=(55,1119,508,1234) class=android.view.ViewGroup
         1789127303.089 20544 20544 D YTV2_DUMP: [141] parent=136 id=null text='null' desc='null' bounds=(550,511,1047,1256) class=android.widget.ImageView
         1789127303.090 20544 20544 D YTV2_DUMP: [142] parent=138 id=null text='null' desc='null' bounds=(572,1119,1025,1234) class=android.view.ViewGroup
         1789127303.090 20544 20544 D YTV2_DUMP: [143] parent=140 id=null text='Gucci ft. ravikishan & Sharvari ❤️‍🔥…' desc='Gucci ft. ravikishan & Sharvari ❤️‍🔥…' bounds=(55,1119,508,1234) class=android.view.ViewGroup
         1789127303.090 20544 20544 D YTV2_DUMP: [144] parent=142 id=null text='LIVE FROM THE HIMALAYAS' desc='LIVE FROM THE HIMALAYAS' bounds=(572,1119,1025,1234) class=android.view.ViewGroup
         1789127303.101 20544 20544 D YTV2_DUMP: --> PARSED: kind=NON_PLAYBACK watchConfirmed=false title='null' handle='null' display='null' channelId='null'
         1789127305.093 20544 20544 D YTV2_DUMP: [0] parent=null id=null text='null' desc='null' bounds=(0,0,1080,2460) class=android.widget.FrameLayout
         1789127305.093 20544 20544 D YTV2_DUMP: [1] parent=0 id=null text='null' desc='null' bounds=(0,0,1080,2460) class=android.widget.LinearLayout
         1789127305.094 20544 20544 D YTV2_DUMP: [2] parent=0 id=android:id/navigationBarBackground text='null' desc='null' bounds=(0,2330,1080,2460) class=android.view.View
         1789127305.094 20544 20544 D YTV2_DUMP: [3] parent=1 id=null text='null' desc='null' bounds=(0,0,1080,2460) class=android.widget.FrameLayout
         1789127305.094 20544 20544 D YTV2_DUMP: [4] parent=3 id=com.google.android.youtube:id/action_bar_root text='null' desc='null' bounds=(0,0,1080,2460) class=android.widget.LinearLayout
         1789127305.094 20544 20544 D YTV2_DUMP: [5] parent=4 id=android:id/content text='null' desc='null' bounds=(0,0,1080,2460) class=android.widget.FrameLayout
         1789127305.094 20544 20544 D YTV2_DUMP: [6] parent=5 id=com.google.android.youtube:id/more_drawer_container text='null' desc='null' bounds=(0,0,1080,2460) class=androidx.drawerlayout.widget.DrawerLayout
         1789127305.095 20544 20544 D YTV2_DUMP: [7] parent=5 id=com.google.android.youtube:id/reel_time_bar text='null' desc='null' bounds=(0,0,1080,2460) class=android.view.ViewGroup
         1789127305.095 20544 20544 D YTV2_DUMP: [8] parent=6 id=com.google.android.youtube:id/slim_status_bar_player_container text='null' desc='null' bounds=(0,0,1080,2460) class=android.widget.FrameLayout
         1789127305.095 20544 20544 D YTV2_DUMP: [9] parent=8 id=com.google.android.youtube:id/navigation_bar_divider_frame text='null' desc='null' bounds=(0,0,1080,2330) class=android.view.ViewGroup
         1789127305.095 20544 20544 D YTV2_DUMP: [10] parent=8 id=null text='null' desc='null' bounds=(0,0,1080,104) class=android.widget.FrameLayout
         1789127305.096 20544 20544 D YTV2_DUMP: [11] parent=8 id=null text='null' desc='null' bounds=(0,0,3,3) class=android.view.View
         1789127305.096 20544 20544 D YTV2_DUMP: [12] parent=9 id=com.google.android.youtube:id/global_slim_status_bar_container text='null' desc='null' bounds=(0,0,1080,2330) class=android.widget.FrameLayout
         1789127305.096 20544 20544 D YTV2_DUMP: [13] parent=9 id=com.google.android.youtube:id/accessibility_layer_container text='null' desc='null' bounds=(0,0,1080,2330) class=android.widget.FrameLayout
         1789127305.096 20544 20544 D YTV2_DUMP: [14] parent=10 id=com.google.android.youtube:id/global_status_bar_view text='null' desc='null' bounds=(0,0,1080,104) class=android.view.View
         1789127305.096 20544 20544 D YTV2_DUMP: [15] parent=13 id=com.google.android.youtube:id/fullscreen_mode_container text='null' desc='null' bounds=(0,0,1080,0) class=android.widget.FrameLayout
         1789127305.097 20544 20544 D YTV2_DUMP: [16] parent=13 id=com.google.android.youtube:id/next_gen_watch_container_layout text='null' desc='null' bounds=(0,0,1080,2330) class=android.view.ViewGroup
         1789127305.097 20544 20544 D YTV2_DUMP: [17] parent=13 id=com.google.android.youtube:id/bottom_bar_container text='null' desc='null' bounds=(0,2198,1080,2330) class=android.widget.LinearLayout
         1789127305.097 20544 20544 D YTV2_DUMP: [18] parent=16 id=com.google.android.youtube:id/watch_while_layout_coordinator_layout text='null' desc='null' bounds=(0,0,1080,2330) class=android.view.ViewGroup
         1789127305.097 20544 20544 D YTV2_DUMP: [19] parent=17 id=com.google.android.youtube:id/pivot_bar text='null' desc='null' bounds=(0,2198,1080,2330) class=android.widget.HorizontalScrollView
         1789127305.097 20544 20544 D YTV2_DUMP: [20] parent=18 id=com.google.android.youtube:id/fab_container text='null' desc='null' bounds=(0,0,1080,2330) class=android.widget.FrameLayout
         1789127305.097 20544 20544 D YTV2_DUMP: [21] parent=18 id=com.google.android.youtube:id/pane_fragment_container text='null' desc='null' bounds=(0,0,1080,2330) class=android.widget.FrameLayout
         1789127305.097 20544 20544 D YTV2_DUMP: [22] parent=18 id=com.google.android.youtube:id/root_pill_container text='null' desc='null' bounds=(0,2220,1080,2220) class=android.widget.FrameLayout
         1789127305.097 20544 20544 D YTV2_DUMP: [23] parent=18 id=com.google.android.youtube:id/pane_fragment_footer_container text='null' desc='null' bounds=(0,2330,1080,2330) class=android.widget.FrameLayout
         1789127305.097 20544 20544 D YTV2_DUMP: [24] parent=19 id=null text='null' desc='null' bounds=(0,2198,1080,2330) class=android.widget.LinearLayout
         1789127305.097 20544 20544 D YTV2_DUMP: [25] parent=21 id=com.google.android.youtube:id/inline_player_container text='null' desc='null' bounds=(0,0,1080,2198) class=android.view.ViewGroup
         1789127305.097 20544 20544 D YTV2_DUMP: [26] parent=21 id=com.google.android.youtube:id/inline_player_overlay_container text='null' desc='null' bounds=(0,0,1080,2198) class=android.view.ViewGroup
         1789127305.097 20544 20544 D YTV2_DUMP: [27] parent=21 id=com.google.android.youtube:id/browse_fragment_layout_coordinator_layout text='null' desc='null' bounds=(0,0,1080,2198) class=android.widget.ScrollView
         1789127305.097 20544 20544 D YTV2_DUMP: [28] parent=21 id=com.google.android.youtube:id/bar_wrapper text='null' desc='null' bounds=(0,236,1080,269) class=android.widget.FrameLayout
         1789127305.097 20544 20544 D YTV2_DUMP: [29] parent=24 id=null text='null' desc='Home' bounds=(0,2198,216,2330) class=android.widget.Button
         1789127305.097 20544 20544 D YTV2_DUMP: [30] parent=24 id=null text='null' desc='Shorts' bounds=(216,2198,432,2330) class=android.widget.Button
         1789127305.098 20544 20544 D YTV2_DUMP: [31] parent=24 id=null text='null' desc='Create' bounds=(432,2198,648,2330) class=android.widget.Button
         1789127305.098 20544 20544 D YTV2_DUMP: [32] parent=24 id=null text='null' desc='Subscriptions: New content is available' bounds=(648,2198,864,2330) class=android.widget.Button
         1789127305.098 20544 20544 D YTV2_DUMP: [33] parent=24 id=null text='null' desc='You' bounds=(864,2198,1080,2330) class=android.widget.Button
         1789127305.098 20544 20544 D YTV2_DUMP: [34] parent=25 id=com.google.android.youtube:id/player_fragment_container text='null' desc='null' bounds=(33,511,530,1256) class=android.widget.FrameLayout
         1789127305.098 20544 20544 D YTV2_DUMP: [35] parent=26 id=null text='null' desc='null' bounds=(33,511,1080,2198) class=android.widget.FrameLayout
         1789127305.098 20544 20544 D YTV2_DUMP: [36] parent=26 id=com.google.android.youtube:id/player_overlays text='null' desc='null' bounds=(33,511,530,1256) class=android.view.ViewGroup
         1789127305.098 20544 20544 D YTV2_DUMP: [37] parent=27 id=com.google.android.youtube:id/pane_fragment_background_container text='null' desc='null' bounds=(0,0,1080,2198) class=android.widget.FrameLayout
         1789127305.098 20544 20544 D YTV2_DUMP: [38] parent=27 id=com.google.android.youtube:id/appbar_layout text='null' desc='null' bounds=(0,0,1080,368) class=android.widget.LinearLayout
         1789127305.098 20544 20544 D YTV2_DUMP: [39] parent=27 id=com.google.android.youtube:id/pane_fragment_contents text='null' desc='null' bounds=(0,368,1080,2198) class=android.widget.FrameLayout
         1789127305.099 20544 20544 D YTV2_DUMP: [40] parent=29 id=com.google.android.youtube:id/thumbnail_layout text='null' desc='null' bounds=(75,2210,141,2276) class=android.widget.FrameLayout
         1789127305.099 20544 20544 D YTV2_DUMP: [41] parent=29 id=com.google.android.youtube:id/text text='Home' desc='null' bounds=(67,2282,150,2319) class=android.widget.TextView
         1789127305.099 20544 20544 D YTV2_DUMP: [42] parent=30 id=com.google.android.youtube:id/thumbnail_layout text='null' desc='null' bounds=(291,2210,357,2276) class=android.widget.FrameLayout
         1789127305.099 20544 20544 D YTV2_DUMP: [43] parent=30 id=com.google.android.youtube:id/text text='Shorts' desc='null' bounds=(279,2282,369,2319) class=android.widget.TextView
         1789127305.099 20544 20544 D YTV2_DUMP: [44] parent=31 id=com.google.android.youtube:id/image text='null' desc='null' bounds=(491,2216,590,2315) class=android.widget.ImageView
         1789127305.100 20544 20544 D YTV2_DUMP: [45] parent=32 id=com.google.android.youtube:id/thumbnail_layout text='null' desc='null' bounds=(723,2210,789,2276) class=android.widget.FrameLayout
         1789127305.100 20544 20544 D YTV2_DUMP: [46] parent=32 id=com.google.android.youtube:id/new_content_dot text='null' desc='New content available' bounds=(761,2204,794,2237) class=android.view.View
         1789127305.100 20544 20544 D YTV2_DUMP: [47] parent=32 id=com.google.android.youtube:id/text text='Subscriptions' desc='null' bounds=(666,2282,847,2319) class=android.widget.TextView
         1789127305.100 20544 20544 D YTV2_DUMP: [48] parent=33 id=com.google.android.youtube:id/thumbnail_layout text='null' desc='null' bounds=(939,2210,1005,2276) class=android.widget.FrameLayout
         1789127305.100 20544 20544 D YTV2_DUMP: [49] parent=33 id=com.google.android.youtube:id/text text='You' desc='null' bounds=(946,2282,999,2319) class=android.widget.TextView
         1789127305.100 20544 20544 D YTV2_DUMP: [50] parent=34 id=com.google.android.youtube:id/player_view text='null' desc='null' bounds=(33,511,530,1256) class=android.view.ViewGroup
         1789127305.100 20544 20544 D YTV2_DUMP: [51] parent=35 id=com.google.android.youtube:id/inline_playback_time_bar text='null' desc='null' bounds=(49,511,514,1303) class=android.view.ViewGroup
         1789127305.100 20544 20544 D YTV2_DUMP: [52] parent=36 id=com.google.android.youtube:id/player_overlays_custom_views_container text='null' desc='null' bounds=(33,511,530,1256) class=android.widget.FrameLayout
         1789127305.100 20544 20544 D YTV2_DUMP: [53] parent=36 id=null text='null' desc='null' bounds=(33,511,530,1256) class=android.widget.FrameLayout
         1789127305.100 20544 20544 D YTV2_DUMP: [54] parent=36 id=null text='null' desc='null' bounds=(33,511,530,1256) class=android.widget.FrameLayout
         1789127305.100 20544 20544 D YTV2_DUMP: [55] parent=36 id=null text='null' desc='null' bounds=(33,511,530,1256) class=android.widget.FrameLayout
         1789127305.100 20544 20544 D YTV2_DUMP: [56] parent=37 id=com.google.android.youtube:id/pane_fragment_background_alpha_overlay text='null' desc='null' bounds=(0,0,1080,2198) class=android.view.View
         1789127305.100 20544 20544 D YTV2_DUMP: [57] parent=38 id=com.google.android.youtube:id/toolbar_container text='null' desc='null' bounds=(0,0,1080,236) class=android.widget.FrameLayout
         1789127305.100 20544 20544 D YTV2_DUMP: [58] parent=38 id=com.google.android.youtube:id/filter_bar text='null' desc='null' bounds=(0,236,1080,368) class=android.widget.LinearLayout
         1789127305.100 20544 20544 D YTV2_DUMP: [59] parent=39 id=com.google.android.youtube:id/loading_layout text='null' desc='null' bounds=(0,368,1080,2198) class=android.widget.FrameLayout
         1789127305.100 20544 20544 D YTV2_DUMP: [60] parent=40 id=com.google.android.youtube:id/image text='null' desc='null' bounds=(75,2210,141,2276) class=android.widget.ImageView
         1789127305.100 20544 20544 D YTV2_DUMP: [61] parent=42 id=com.google.android.youtube:id/image text='null' desc='null' bounds=(291,2210,357,2276) class=android.widget.ImageView
         1789127305.100 20544 20544 D YTV2_DUMP: [62] parent=45 id=com.google.android.youtube:id/image text='null' desc='null' bounds=(723,2210,789,2276) class=android.widget.ImageView
         1789127305.101 20544 20544 D YTV2_DUMP: [63] parent=48 id=com.google.android.youtube:id/pivot_bar_thumbnail text='null' desc='null' bounds=(939,2210,1005,2276) class=android.widget.ImageView
         1789127305.101 20544 20544 D YTV2_DUMP: [64] parent=50 id=null text='null' desc='null' bounds=(33,511,530,1256) class=android.view.ViewGroup
         1789127305.101 20544 20544 D YTV2_DUMP: [65] parent=53 id=null text='null' desc='null' bounds=(33,511,530,1256) class=android.widget.FrameLayout
         1789127305.101 20544 20544 D YTV2_DUMP: [66] parent=54 id=null text='null' desc='null' bounds=(33,511,530,1256) class=android.widget.FrameLayout
         1789127305.101 20544 20544 D YTV2_DUMP: [67] parent=55 id=null text='null' desc='null' bounds=(33,511,530,1256) class=android.view.ViewGroup
         1789127305.101 20544 20544 D YTV2_DUMP: [68] parent=57 id=com.google.android.youtube:id/collapsing_header_container text='null' desc='null' bounds=(0,104,1080,104) class=android.widget.FrameLayout
         1789127305.101 20544 20544 D YTV2_DUMP: [69] parent=57 id=com.google.android.youtube:id/toolbar text='null' desc='null' bounds=(0,104,1080,236) class=android.view.ViewGroup
         1789127305.101 20544 20544 D YTV2_DUMP: [70] parent=58 id=null text='null' desc='filters' bounds=(0,236,1080,368) class=android.support.v7.widget.RecyclerView
         1789127305.102 20544 20544 D YTV2_DUMP: [71] parent=59 id=null text='null' desc='null' bounds=(0,368,1080,2198) class=android.view.ViewGroup
         1789127305.102 20544 20544 D YTV2_DUMP: [72] parent=64 id=null text='null' desc='null' bounds=(33,511,530,1256) class=android.view.ViewGroup
         1789127305.102 20544 20544 D YTV2_DUMP: [73] parent=65 id=null text='null' desc='null' bounds=(33,511,530,1256) class=android.view.ViewGroup
         1789127305.102 20544 20544 D YTV2_DUMP: [74] parent=66 id=null text='null' desc='null' bounds=(33,511,530,1256) class=android.view.ViewGroup
         1789127305.102 20544 20544 D YTV2_DUMP: [75] parent=67 id=com.google.android.youtube:id/subtitle text='null' desc='null' bounds=(33,511,530,1180) class=android.widget.FrameLayout
         1789127305.102 20544 20544 D YTV2_DUMP: [76] parent=67 id=com.google.android.youtube:id/status_bar text='null' desc='null' bounds=(508,1179,530,1256) class=android.widget.LinearLayout
         1789127305.103 20544 20544 D YTV2_DUMP: [77] parent=69 id=null text='null' desc='null' bounds=(0,104,816,236) class=android.widget.FrameLayout
         1789127305.103 20544 20544 D YTV2_DUMP: [78] parent=69 id=null text='null' desc='null' bounds=(816,104,1080,236) class=android.support.v7.widget.LinearLayoutCompat
         1789127305.103 20544 20544 D YTV2_DUMP: [79] parent=70 id=null text='null' desc='Explore menu' bounds=(33,258,149,346) class=android.widget.Button
         1789127305.103 20544 20544 D YTV2_DUMP: [80] parent=70 id=null text='null' desc='null' bounds=(171,258,171,346) class=android.view.View
         1789127305.103 20544 20544 D YTV2_DUMP: [81] parent=70 id=null text='null' desc='null' bounds=(193,258,310,346) class=android.widget.LinearLayout
         1789127305.103 20544 20544 D YTV2_DUMP: [82] parent=70 id=null text='null' desc='null' bounds=(332,258,515,346) class=android.widget.LinearLayout
         1789127305.103 20544 20544 D YTV2_DUMP: [83] parent=70 id=null text='null' desc='null' bounds=(537,258,784,346) class=android.widget.LinearLayout
         1789127305.103 20544 20544 D YTV2_DUMP: [84] parent=70 id=null text='null' desc='null' bounds=(806,258,986,346) class=android.widget.LinearLayout
         1789127305.103 20544 20544 D YTV2_DUMP: [85] parent=70 id=null text='null' desc='null' bounds=(1008,258,1080,346) class=android.widget.LinearLayout
         1789127305.103 20544 20544 D YTV2_DUMP: [86] parent=70 id=null text='null' desc='null' bounds=(1378,258,1080,346) class=android.widget.LinearLayout
         1789127305.103 20544 20544 D YTV2_DUMP: [87] parent=71 id=com.google.android.youtube:id/results text='null' desc='null' bounds=(0,368,1080,2198) class=android.support.v7.widget.RecyclerView
         1789127305.103 20544 20544 D YTV2_DUMP: [88] parent=72 id=null text='null' desc='null' bounds=(33,511,530,1256) class=android.view.View
         1789127305.103 20544 20544 D YTV2_DUMP: [89] parent=72 id=null text='null' desc='null' bounds=(33,511,530,1256) class=android.view.View
         1789127305.103 20544 20544 D YTV2_DUMP: [90] parent=76 id=com.google.android.youtube:id/autoplay_loading_view_container text='null' desc='null' bounds=(508,1231,508,1231) class=android.widget.FrameLayout
         1789127305.103 20544 20544 D YTV2_DUMP: [91] parent=77 id=com.google.android.youtube:id/youtube_logo text='null' desc='YouTube' bounds=(0,104,336,236) class=android.widget.ImageView
         1789127305.103 20544 20544 D YTV2_DUMP: [92] parent=78 id=com.google.android.youtube:id/menu_item_0 text='null' desc='null' bounds=(816,104,948,236) class=android.widget.FrameLayout
         1789127305.103 20544 20544 D YTV2_DUMP: [93] parent=78 id=com.google.android.youtube:id/menu_item_1 text='null' desc='null' bounds=(948,104,1080,236) class=android.widget.FrameLayout
         1789127305.103 20544 20544 D YTV2_DUMP: [94] parent=79 id=null text='null' desc='null' bounds=(58,269,124,335) class=android.widget.ImageView
         1789127305.104 20544 20544 D YTV2_DUMP: [95] parent=81 id=com.google.android.youtube:id/chip_cloud_chip_modern_text text='All' desc='null' bounds=(193,258,310,346) class=android.widget.TextView
         1789127305.104 20544 20544 D YTV2_DUMP: [96] parent=82 id=com.google.android.youtube:id/chip_cloud_chip_modern_text text='Music' desc='null' bounds=(332,258,515,346) class=android.widget.TextView
         1789127305.104 20544 20544 D YTV2_DUMP: [97] parent=83 id=com.google.android.youtube:id/chip_cloud_chip_modern_text text='Podcasts' desc='null' bounds=(537,258,784,346) class=android.widget.TextView
         1789127305.104 20544 20544 D YTV2_DUMP: [98] parent=84 id=com.google.android.youtube:id/chip_cloud_chip_modern_text text='Mixes' desc='null' bounds=(806,258,986,346) class=android.widget.TextView
         1789127305.104 20544 20544 D YTV2_DUMP: [99] parent=85 id=com.google.android.youtube:id/chip_cloud_chip_modern_text text='Comedy clubs' desc='null' bounds=(1008,258,1080,346) class=android.widget.TextView
         1789127305.104 20544 20544 D YTV2_DUMP: [100] parent=86 id=com.google.android.youtube:id/chip_cloud_chip_modern_text text='Combined Graduate Level Examination' desc='null' bounds=(1378,258,1080,346) class=android.widget.TextView
         1789127305.104 20544 20544 D YTV2_DUMP: [101] parent=87 id=null text='null' desc='null' bounds=(0,368,1080,511) class=android.view.ViewGroup
         1789127305.104 20544 20544 D YTV2_DUMP: [102] parent=87 id=null text='null' desc='null' bounds=(0,511,1080,1256) class=android.view.ViewGroup
         1789127305.104 20544 20544 D YTV2_DUMP: [103] parent=87 id=null text='null' desc='null' bounds=(0,1256,1080,1319) class=android.view.ViewGroup
         1789127305.104 20544 20544 D YTV2_DUMP: [104] parent=87 id=null text='null' desc='Sponsored – Applied AI & Machine Learning
         1789127305.104 20544 20544 D YTV2_DUMP: Earn an executive AI certificate from IIT Kharagpur - live online, 8 months.
         1789127305.104 20544 20544 D YTV2_DUMP: IIT KGP – Apply now - Link opens in new window' bounds=(0,1341,1080,2198) class=android.widget.Button
         1789127305.104 20544 20544 D YTV2_DUMP: [105] parent=92 id=null text='null' desc='null' bounds=(816,104,948,236) class=android.view.ViewGroup
         1789127305.104 20544 20544 D YTV2_DUMP: [106] parent=93 id=null text='null' desc='null' bounds=(948,104,1080,236) class=android.view.ViewGroup
         1789127305.105 20544 20544 D YTV2_DUMP: [107] parent=101 id=null text='null' desc='null' bounds=(0,368,1080,511) class=android.view.ViewGroup
         1789127305.105 20544 20544 D YTV2_DUMP: [108] parent=102 id=null text='null' desc='null' bounds=(0,511,540,1256) class=android.view.ViewGroup
         1789127305.105 20544 20544 D YTV2_DUMP: [109] parent=102 id=null text='null' desc='null' bounds=(540,511,1080,1256) class=android.view.ViewGroup
         1789127305.105 20544 20544 D YTV2_DUMP: [110] parent=104 id=null text='null' desc='null' bounds=(0,1341,1080,2198) class=android.view.ViewGroup
         1789127305.105 20544 20544 D YTV2_DUMP: [111] parent=104 id=null text='null' desc='null' bounds=(0,1341,1080,2198) class=android.view.ViewGroup
         1789127305.105 20544 20544 D YTV2_DUMP: [112] parent=105 id=com.google.android.youtube:id/menu_item_view text='null' desc='Notifications' bounds=(816,104,948,236) class=android.widget.ImageView
         1789127305.106 20544 20544 D YTV2_DUMP: [113] parent=106 id=com.google.android.youtube:id/menu_item_view text='null' desc='Search' bounds=(948,104,1080,236) class=android.widget.ImageView
         1789127305.106 20544 20544 D YTV2_DUMP: [114] parent=107 id=null text='null' desc='null' bounds=(44,390,143,489) class=android.widget.ImageView
         1789127305.106 20544 20544 D YTV2_DUMP: [115] parent=107 id=null text='null' desc='Shorts' bounds=(176,408,339,472) class=android.view.ViewGroup
         1789127305.106 20544 20544 D YTV2_DUMP: [116] parent=107 id=null text='null' desc='Action menu' bounds=(970,407,1036,473) class=android.widget.Button
         1789127305.106 20544 20544 D YTV2_DUMP: [117] parent=108 id=null text='null' desc='Gucci ft. ravikishan & Sharvari ❤️‍🔥… – play Short' bounds=(33,511,530,1256) class=android.widget.Button
         1789127305.107 20544 20544 D YTV2_DUMP: [118] parent=109 id=null text='null' desc='LIVE FROM THE HIMALAYAS – play Short' bounds=(550,511,1047,1256) class=android.widget.Button
         1789127305.107 20544 20544 D YTV2_DUMP: [119] parent=111 id=null text='null' desc='null' bounds=(0,1341,1080,2198) class=android.widget.ImageView
         1789127305.107 20544 20544 D YTV2_DUMP: [120] parent=115 id=null text='Shorts' desc='Shorts' bounds=(176,408,339,472) class=android.view.ViewGroup
         1789127305.107 20544 20544 D YTV2_DUMP: [121] parent=117 id=null text='null' desc='null' bounds=(33,511,530,1256) class=android.view.ViewGroup
         1789127305.107 20544 20544 D YTV2_DUMP: [122] parent=118 id=null text='null' desc='null' bounds=(550,511,1047,1256) class=android.view.ViewGroup
         1789127305.107 20544 20544 D YTV2_DUMP: [123] parent=121 id=null text='null' desc='null' bounds=(33,511,530,1256) class=android.widget.ImageView
         1789127305.108 20544 20544 D YTV2_DUMP: [124] parent=121 id=null text='null' desc='null' bounds=(33,511,530,1256) class=android.view.ViewGroup
         1789127305.108 20544 20544 D YTV2_DUMP: [125] parent=121 id=null text='null' desc='null' bounds=(420,511,530,621) class=android.view.ViewGroup
         1789127305.108 20544 20544 D YTV2_DUMP: [126] parent=121 id=null text='null' desc='null' bounds=(33,1119,530,1256) class=android.view.ViewGroup
         1789127305.108 20544 20544 D YTV2_DUMP: [127] parent=122 id=null text='null' desc='null' bounds=(550,511,1047,1256) class=android.widget.ImageView
         1789127305.108 20544 20544 D YTV2_DUMP: [128] parent=122 id=null text='null' desc='null' bounds=(550,511,1047,1256) class=android.view.ViewGroup
         1789127305.108 20544 20544 D YTV2_DUMP: [129] parent=122 id=null text='null' desc='null' bounds=(937,511,1047,621) class=android.view.ViewGroup
         1789127305.108 20544 20544 D YTV2_DUMP: [130] parent=122 id=null text='null' desc='null' bounds=(550,1119,1047,1256) class=android.view.ViewGroup
         1789127305.109 20544 20544 D YTV2_DUMP: [131] parent=124 id=null text='null' desc='null' bounds=(33,511,530,1256) class=android.widget.ImageView
         1789127305.109 20544 20544 D YTV2_DUMP: [132] parent=124 id=null text='null' desc='null' bounds=(33,511,530,1256) class=android.view.ViewGroup
         1789127305.109 20544 20544 D YTV2_DUMP: [133] parent=125 id=null text='null' desc='More actions' bounds=(469,533,519,583) class=android.widget.Button
         1789127305.109 20544 20544 D YTV2_DUMP: [134] parent=126 id=null text='null' desc='null' bounds=(55,1119,508,1234) class=android.view.ViewGroup
         1789127305.109 20544 20544 D YTV2_DUMP: [135] parent=128 id=null text='null' desc='null' bounds=(550,511,1047,1256) class=android.widget.ImageView
         1789127305.109 20544 20544 D YTV2_DUMP: [136] parent=128 id=null text='null' desc='null' bounds=(550,511,1047,1256) class=android.view.ViewGroup
         1789127305.109 20544 20544 D YTV2_DUMP: [137] parent=129 id=null text='null' desc='More actions' bounds=(986,533,1036,583) class=android.widget.Button
         1789127305.109 20544 20544 D YTV2_DUMP: [138] parent=130 id=null text='null' desc='null' bounds=(572,1119,1025,1234) class=android.view.ViewGroup
         1789127305.110 20544 20544 D YTV2_DUMP: [139] parent=132 id=null text='null' desc='null' bounds=(33,511,530,1256) class=android.widget.ImageView
         1789127305.110 20544 20544 D YTV2_DUMP: [140] parent=134 id=null text='null' desc='null' bounds=(55,1119,508,1234) class=android.view.ViewGroup
         1789127305.110 20544 20544 D YTV2_DUMP: [141] parent=136 id=null text='null' desc='null' bounds=(550,511,1047,1256) class=android.widget.ImageView
         1789127305.110 20544 20544 D YTV2_DUMP: [142] parent=138 id=null text='null' desc='null' bounds=(572,1119,1025,1234) class=android.view.ViewGroup
         1789127305.110 20544 20544 D YTV2_DUMP: [143] parent=140 id=null text='Gucci ft. ravikishan & Sharvari ❤️‍🔥…' desc='Gucci ft. ravikishan & Sharvari ❤️‍🔥…' bounds=(55,1119,508,1234) class=android.view.ViewGroup
         1789127305.110 20544 20544 D YTV2_DUMP: [144] parent=142 id=null text='LIVE FROM THE HIMALAYAS' desc='LIVE FROM THE HIMALAYAS' bounds=(572,1119,1025,1234) class=android.view.ViewGroup
         1789127305.124 20544 20544 D YTV2_DUMP: --> PARSED: kind=NON_PLAYBACK watchConfirmed=false title='null' handle='null' display='null' channelId='null'
         1789127307.082 20544 20544 D YTV2_DUMP: [0] parent=null id=null text='null' desc='null' bounds=(0,0,1080,2460) class=android.widget.FrameLayout
         1789127307.083 20544 20544 D YTV2_DUMP: [1] parent=0 id=null text='null' desc='null' bounds=(0,0,1080,2460) class=android.widget.LinearLayout
         1789127307.083 20544 20544 D YTV2_DUMP: [2] parent=0 id=android:id/navigationBarBackground text='null' desc='null' bounds=(0,2330,1080,2460) class=android.view.View
         1789127307.083 20544 20544 D YTV2_DUMP: [3] parent=1 id=null text='null' desc='null' bounds=(0,0,1080,2460) class=android.widget.FrameLayout
         1789127307.084 20544 20544 D YTV2_DUMP: [4] parent=3 id=com.google.android.youtube:id/action_bar_root text='null' desc='null' bounds=(0,0,1080,2460) class=android.widget.LinearLayout
         1789127307.084 20544 20544 D YTV2_DUMP: [5] parent=4 id=android:id/content text='null' desc='null' bounds=(0,0,1080,2460) class=android.widget.FrameLayout
         1789127307.084 20544 20544 D YTV2_DUMP: [6] parent=5 id=com.google.android.youtube:id/more_drawer_container text='null' desc='null' bounds=(0,0,1080,2460) class=androidx.drawerlayout.widget.DrawerLayout
         1789127307.084 20544 20544 D YTV2_DUMP: [7] parent=5 id=com.google.android.youtube:id/reel_time_bar text='null' desc='null' bounds=(0,0,1080,2460) class=android.view.ViewGroup
         1789127307.084 20544 20544 D YTV2_DUMP: [8] parent=6 id=com.google.android.youtube:id/slim_status_bar_player_container text='null' desc='null' bounds=(0,0,1080,2460) class=android.widget.FrameLayout
         1789127307.085 20544 20544 D YTV2_DUMP: [9] parent=8 id=com.google.android.youtube:id/navigation_bar_divider_frame text='null' desc='null' bounds=(0,0,1080,2330) class=android.view.ViewGroup
         1789127307.085 20544 20544 D YTV2_DUMP: [10] parent=8 id=null text='null' desc='null' bounds=(0,0,1080,104) class=android.widget.FrameLayout
         1789127307.085 20544 20544 D YTV2_DUMP: [11] parent=8 id=null text='null' desc='null' bounds=(0,0,3,3) class=android.view.View
         1789127307.085 20544 20544 D YTV2_DUMP: [12] parent=9 id=com.google.android.youtube:id/global_slim_status_bar_container text='null' desc='null' bounds=(0,0,1080,2330) class=android.widget.FrameLayout
         1789127307.085 20544 20544 D YTV2_DUMP: [13] parent=9 id=com.google.android.youtube:id/accessibility_layer_container text='null' desc='null' bounds=(0,0,1080,2330) class=android.widget.FrameLayout
         1789127307.085 20544 20544 D YTV2_DUMP: [14] parent=10 id=com.google.android.youtube:id/global_status_bar_view text='null' desc='null' bounds=(0,0,1080,104) class=android.view.View
         1789127307.085 20544 20544 D YTV2_DUMP: [15] parent=13 id=com.google.android.youtube:id/fullscreen_mode_container text='null' desc='null' bounds=(0,0,1080,0) class=android.widget.FrameLayout
         1789127307.085 20544 20544 D YTV2_DUMP: [16] parent=13 id=com.google.android.youtube:id/next_gen_watch_container_layout text='null' desc='null' bounds=(0,0,1080,2330) class=android.view.ViewGroup
         1789127307.085 20544 20544 D YTV2_DUMP: [17] parent=13 id=com.google.android.youtube:id/bottom_bar_container text='null' desc='null' bounds=(0,2198,1080,2330) class=android.widget.LinearLayout
         1789127307.085 20544 20544 D YTV2_DUMP: [18] parent=16 id=com.google.android.youtube:id/watch_while_layout_coordinator_layout text='null' desc='null' bounds=(0,0,1080,2330) class=android.view.ViewGroup
         1789127307.085 20544 20544 D YTV2_DUMP: [19] parent=17 id=com.google.android.youtube:id/pivot_bar text='null' desc='null' bounds=(0,2198,1080,2330) class=android.widget.HorizontalScrollView
         1789127307.085 20544 20544 D YTV2_DUMP: [20] parent=18 id=com.google.android.youtube:id/fab_container text='null' desc='null' bounds=(0,0,1080,2330) class=android.widget.FrameLayout
         1789127307.087 20544 20544 D YTV2_DUMP: [21] parent=18 id=com.google.android.youtube:id/pane_fragment_container text='null' desc='null' bounds=(0,0,1080,2330) class=android.widget.FrameLayout
         1789127307.090 20544 20544 D YTV2_DUMP: [22] parent=18 id=com.google.android.youtube:id/root_pill_container text='null' desc='null' bounds=(0,2220,1080,2220) class=android.widget.FrameLayout
         1789127307.091 20544 20544 D YTV2_DUMP: [23] parent=18 id=com.google.android.youtube:id/pane_fragment_footer_container text='null' desc='null' bounds=(0,2330,1080,2330) class=android.widget.FrameLayout
         1789127307.091 20544 20544 D YTV2_DUMP: [24] parent=19 id=null text='null' desc='null' bounds=(0,2198,1080,2330) class=android.widget.LinearLayout
         1789127307.091 20544 20544 D YTV2_DUMP: [25] parent=21 id=com.google.android.youtube:id/inline_player_container text='null' desc='null' bounds=(0,0,1080,2198) class=android.view.ViewGroup
         1789127307.091 20544 20544 D YTV2_DUMP: [26] parent=21 id=com.google.android.youtube:id/inline_player_overlay_container text='null' desc='null' bounds=(0,0,1080,2198) class=android.view.ViewGroup
         1789127307.091 20544 20544 D YTV2_DUMP: [27] parent=21 id=com.google.android.youtube:id/browse_fragment_layout_coordinator_layout text='null' desc='null' bounds=(0,0,1080,2198) class=android.widget.ScrollView
         1789127307.091 20544 20544 D YTV2_DUMP: [28] parent=21 id=com.google.android.youtube:id/bar_wrapper text='null' desc='null' bounds=(0,236,1080,269) class=android.widget.FrameLayout
         1789127307.092 20544 20544 D YTV2_DUMP: [29] parent=24 id=null text='null' desc='Home' bounds=(0,2198,216,2330) class=android.widget.Button
         1789127307.092 20544 20544 D YTV2_DUMP: [30] parent=24 id=null text='null' desc='Shorts' bounds=(216,2198,432,2330) class=android.widget.Button
         1789127307.092 20544 20544 D YTV2_DUMP: [31] parent=24 id=null text='null' desc='Create' bounds=(432,2198,648,2330) class=android.widget.Button
         1789127307.092 20544 20544 D YTV2_DUMP: [32] parent=24 id=null text='null' desc='Subscriptions: New content is available' bounds=(648,2198,864,2330) class=android.widget.Button
         1789127307.092 20544 20544 D YTV2_DUMP: [33] parent=24 id=null text='null' desc='You' bounds=(864,2198,1080,2330) class=android.widget.Button
         1789127307.092 20544 20544 D YTV2_DUMP: [34] parent=25 id=com.google.android.youtube:id/player_fragment_container text='null' desc='null' bounds=(33,511,530,1256) class=android.widget.FrameLayout
         1789127307.092 20544 20544 D YTV2_DUMP: [35] parent=26 id=null text='null' desc='null' bounds=(33,511,1080,2198) class=android.widget.FrameLayout
         1789127307.092 20544 20544 D YTV2_DUMP: [36] parent=26 id=com.google.android.youtube:id/player_overlays text='null' desc='null' bounds=(33,511,530,1256) class=android.view.ViewGroup
         1789127307.092 20544 20544 D YTV2_DUMP: [37] parent=27 id=com.google.android.youtube:id/pane_fragment_background_container text='null' desc='null' bounds=(0,0,1080,2198) class=android.widget.FrameLayout
         1789127307.092 20544 20544 D YTV2_DUMP: [38] parent=27 id=com.google.android.youtube:id/appbar_layout text='null' desc='null' bounds=(0,0,1080,368) class=android.widget.LinearLayout
         1789127307.092 20544 20544 D YTV2_DUMP: [39] parent=27 id=com.google.android.youtube:id/pane_fragment_contents text='null' desc='null' bounds=(0,368,1080,2198) class=android.widget.FrameLayout
         1789127307.092 20544 20544 D YTV2_DUMP: [40] parent=29 id=com.google.android.youtube:id/thumbnail_layout text='null' desc='null' bounds=(75,2210,141,2276) class=android.widget.FrameLayout
         1789127307.092 20544 20544 D YTV2_DUMP: [41] parent=29 id=com.google.android.youtube:id/text text='Home' desc='null' bounds=(67,2282,150,2319) class=android.widget.TextView
         1789127307.093 20544 20544 D YTV2_DUMP: [42] parent=30 id=com.google.android.youtube:id/thumbnail_layout text='null' desc='null' bounds=(291,2210,357,2276) class=android.widget.FrameLayout
         1789127307.093 20544 20544 D YTV2_DUMP: [43] parent=30 id=com.google.android.youtube:id/text text='Shorts' desc='null' bounds=(279,2282,369,2319) class=android.widget.TextView
         1789127307.093 20544 20544 D YTV2_DUMP: [44] parent=31 id=com.google.android.youtube:id/image text='null' desc='null' bounds=(491,2216,590,2315) class=android.widget.ImageView
         1789127307.093 20544 20544 D YTV2_DUMP: [45] parent=32 id=com.google.android.youtube:id/thumbnail_layout text='null' desc='null' bounds=(723,2210,789,2276) class=android.widget.FrameLayout
         1789127307.093 20544 20544 D YTV2_DUMP: [46] parent=32 id=com.google.android.youtube:id/new_content_dot text='null' desc='New content available' bounds=(761,2204,794,2237) class=android.view.View
         1789127307.093 20544 20544 D YTV2_DUMP: [47] parent=32 id=com.google.android.youtube:id/text text='Subscriptions' desc='null' bounds=(666,2282,847,2319) class=android.widget.TextView
         1789127307.093 20544 20544 D YTV2_DUMP: [48] parent=33 id=com.google.android.youtube:id/thumbnail_layout text='null' desc='null' bounds=(939,2210,1005,2276) class=android.widget.FrameLayout
         1789127307.093 20544 20544 D YTV2_DUMP: [49] parent=33 id=com.google.android.youtube:id/text text='You' desc='null' bounds=(946,2282,999,2319) class=android.widget.TextView
         1789127307.093 20544 20544 D YTV2_DUMP: [50] parent=34 id=com.google.android.youtube:id/player_view text='null' desc='null' bounds=(33,511,530,1256) class=android.view.ViewGroup
         1789127307.093 20544 20544 D YTV2_DUMP: [51] parent=35 id=com.google.android.youtube:id/inline_playback_time_bar text='null' desc='null' bounds=(49,511,514,1303) class=android.view.ViewGroup
         1789127307.093 20544 20544 D YTV2_DUMP: [52] parent=36 id=com.google.android.youtube:id/player_overlays_custom_views_container text='null' desc='null' bounds=(33,511,530,1256) class=android.widget.FrameLayout
         1789127307.093 20544 20544 D YTV2_DUMP: [53] parent=36 id=null text='null' desc='null' bounds=(33,511,530,1256) class=android.widget.FrameLayout
         1789127307.093 20544 20544 D YTV2_DUMP: [54] parent=36 id=null text='null' desc='null' bounds=(33,511,530,1256) class=android.widget.FrameLayout
         1789127307.094 20544 20544 D YTV2_DUMP: [55] parent=36 id=null text='null' desc='null' bounds=(33,511,530,1256) class=android.widget.FrameLayout
         1789127307.094 20544 20544 D YTV2_DUMP: [56] parent=37 id=com.google.android.youtube:id/pane_fragment_background_alpha_overlay text='null' desc='null' bounds=(0,0,1080,2198) class=android.view.View
         1789127307.094 20544 20544 D YTV2_DUMP: [57] parent=38 id=com.google.android.youtube:id/toolbar_container text='null' desc='null' bounds=(0,0,1080,236) class=android.widget.FrameLayout
         1789127307.094 20544 20544 D YTV2_DUMP: [58] parent=38 id=com.google.android.youtube:id/filter_bar text='null' desc='null' bounds=(0,236,1080,368) class=android.widget.LinearLayout
         1789127307.094 20544 20544 D YTV2_DUMP: [59] parent=39 id=com.google.android.youtube:id/loading_layout text='null' desc='null' bounds=(0,368,1080,2198) class=android.widget.FrameLayout
         1789127307.094 20544 20544 D YTV2_DUMP: [60] parent=40 id=com.google.android.youtube:id/image text='null' desc='null' bounds=(75,2210,141,2276) class=android.widget.ImageView
         1789127307.094 20544 20544 D YTV2_DUMP: [61] parent=42 id=com.google.android.youtube:id/image text='null' desc='null' bounds=(291,2210,357,2276) class=android.widget.ImageView
         1789127307.094 20544 20544 D YTV2_DUMP: [62] parent=45 id=com.google.android.youtube:id/image text='null' desc='null' bounds=(723,2210,789,2276) class=android.widget.ImageView
         1789127307.094 20544 20544 D YTV2_DUMP: [63] parent=48 id=com.google.android.youtube:id/pivot_bar_thumbnail text='null' desc='null' bounds=(939,2210,1005,2276) class=android.widget.ImageView
         1789127307.094 20544 20544 D YTV2_DUMP: [64] parent=50 id=null text='null' desc='null' bounds=(33,511,530,1256) class=android.view.ViewGroup
         1789127307.094 20544 20544 D YTV2_DUMP: [65] parent=53 id=null text='null' desc='null' bounds=(33,511,530,1256) class=android.widget.FrameLayout
         1789127307.094 20544 20544 D YTV2_DUMP: [66] parent=54 id=null text='null' desc='null' bounds=(33,511,530,1256) class=android.widget.FrameLayout
         1789127307.094 20544 20544 D YTV2_DUMP: [67] parent=55 id=null text='null' desc='null' bounds=(33,511,530,1256) class=android.view.ViewGroup
         1789127307.094 20544 20544 D YTV2_DUMP: [68] parent=57 id=com.google.android.youtube:id/collapsing_header_container text='null' desc='null' bounds=(0,104,1080,104) class=android.widget.FrameLayout
         1789127307.094 20544 20544 D YTV2_DUMP: [69] parent=57 id=com.google.android.youtube:id/toolbar text='null' desc='null' bounds=(0,104,1080,236) class=android.view.ViewGroup
         1789127307.094 20544 20544 D YTV2_DUMP: [70] parent=58 id=null text='null' desc='filters' bounds=(0,236,1080,368) class=android.support.v7.widget.RecyclerView
         1789127307.094 20544 20544 D YTV2_DUMP: [71] parent=59 id=null text='null' desc='null' bounds=(0,368,1080,2198) class=android.view.ViewGroup
         1789127307.094 20544 20544 D YTV2_DUMP: [72] parent=64 id=null text='null' desc='null' bounds=(33,511,530,1256) class=android.view.ViewGroup
         1789127307.095 20544 20544 D YTV2_DUMP: [73] parent=65 id=null text='null' desc='null' bounds=(33,511,530,1256) class=android.view.ViewGroup
         1789127307.095 20544 20544 D YTV2_DUMP: [74] parent=66 id=null text='null' desc='null' bounds=(33,511,530,1256) class=android.view.ViewGroup
         1789127307.095 20544 20544 D YTV2_DUMP: [75] parent=67 id=com.google.android.youtube:id/subtitle text='null' desc='null' bounds=(33,511,530,1180) class=android.widget.FrameLayout
         1789127307.095 20544 20544 D YTV2_DUMP: [76] parent=67 id=com.google.android.youtube:id/status_bar text='null' desc='null' bounds=(508,1179,530,1256) class=android.widget.LinearLayout
         1789127307.095 20544 20544 D YTV2_DUMP: [77] parent=69 id=null text='null' desc='null' bounds=(0,104,816,236) class=android.widget.FrameLayout
         1789127307.095 20544 20544 D YTV2_DUMP: [78] parent=69 id=null text='null' desc='null' bounds=(816,104,1080,236) class=android.support.v7.widget.LinearLayoutCompat
         1789127307.095 20544 20544 D YTV2_DUMP: [79] parent=70 id=null text='null' desc='Explore menu' bounds=(33,258,149,346) class=android.widget.Button
         1789127307.095 20544 20544 D YTV2_DUMP: [80] parent=70 id=null text='null' desc='null' bounds=(171,258,171,346) class=android.view.View
         1789127307.095 20544 20544 D YTV2_DUMP: [81] parent=70 id=null text='null' desc='null' bounds=(193,258,310,346) class=android.widget.LinearLayout
         1789127307.095 20544 20544 D YTV2_DUMP: [82] parent=70 id=null text='null' desc='null' bounds=(332,258,515,346) class=android.widget.LinearLayout
         1789127307.095 20544 20544 D YTV2_DUMP: [83] parent=70 id=null text='null' desc='null' bounds=(537,258,784,346) class=android.widget.LinearLayout
         1789127307.095 20544 20544 D YTV2_DUMP: [84] parent=70 id=null text='null' desc='null' bounds=(806,258,986,346) class=android.widget.LinearLayout
         1789127307.095 20544 20544 D YTV2_DUMP: [85] parent=70 id=null text='null' desc='null' bounds=(1008,258,1080,346) class=android.widget.LinearLayout
         1789127307.095 20544 20544 D YTV2_DUMP: [86] parent=70 id=null text='null' desc='null' bounds=(1378,258,1080,346) class=android.widget.LinearLayout
         1789127307.095 20544 20544 D YTV2_DUMP: [87] parent=71 id=com.google.android.youtube:id/results text='null' desc='null' bounds=(0,368,1080,2198) class=android.support.v7.widget.RecyclerView
         1789127307.095 20544 20544 D YTV2_DUMP: [88] parent=72 id=null text='null' desc='null' bounds=(33,511,530,1256) class=android.view.View
         1789127307.095 20544 20544 D YTV2_DUMP: [89] parent=72 id=null text='null' desc='null' bounds=(33,511,530,1256) class=android.view.View
         1789127307.095 20544 20544 D YTV2_DUMP: [90] parent=76 id=com.google.android.youtube:id/autoplay_loading_view_container text='null' desc='null' bounds=(508,1231,508,1231) class=android.widget.FrameLayout
         1789127307.095 20544 20544 D YTV2_DUMP: [91] parent=77 id=com.google.android.youtube:id/youtube_logo text='null' desc='YouTube' bounds=(0,104,336,236) class=android.widget.ImageView
         1789127307.095 20544 20544 D YTV2_DUMP: [92] parent=78 id=com.google.android.youtube:id/menu_item_0 text='null' desc='null' bounds=(816,104,948,236) class=android.widget.FrameLayout
         1789127307.096 20544 20544 D YTV2_DUMP: [93] parent=78 id=com.google.android.youtube:id/menu_item_1 text='null' desc='null' bounds=(948,104,1080,236) class=android.widget.FrameLayout
         1789127307.096 20544 20544 D YTV2_DUMP: [94] parent=79 id=null text='null' desc='null' bounds=(58,269,124,335) class=android.widget.ImageView
         1789127307.096 20544 20544 D YTV2_DUMP: [95] parent=81 id=com.google.android.youtube:id/chip_cloud_chip_modern_text text='All' desc='null' bounds=(193,258,310,346) class=android.widget.TextView
         1789127307.096 20544 20544 D YTV2_DUMP: [96] parent=82 id=com.google.android.youtube:id/chip_cloud_chip_modern_text text='Music' desc='null' bounds=(332,258,515,346) class=android.widget.TextView
         1789127307.096 20544 20544 D YTV2_DUMP: [97] parent=83 id=com.google.android.youtube:id/chip_cloud_chip_modern_text text='Podcasts' desc='null' bounds=(537,258,784,346) class=android.widget.TextView
         1789127307.096 20544 20544 D YTV2_DUMP: [98] parent=84 id=com.google.android.youtube:id/chip_cloud_chip_modern_text text='Mixes' desc='null' bounds=(806,258,986,346) class=android.widget.TextView
         1789127307.096 20544 20544 D YTV2_DUMP: [99] parent=85 id=com.google.android.youtube:id/chip_cloud_chip_modern_text text='Comedy clubs' desc='null' bounds=(1008,258,1080,346) class=android.widget.TextView
         1789127307.096 20544 20544 D YTV2_DUMP: [100] parent=86 id=com.google.android.youtube:id/chip_cloud_chip_modern_text text='Combined Graduate Level Examination' desc='null' bounds=(1378,258,1080,346) class=android.widget.TextView
         1789127307.096 20544 20544 D YTV2_DUMP: [101] parent=87 id=null text='null' desc='null' bounds=(0,368,1080,511) class=android.view.ViewGroup
         1789127307.096 20544 20544 D YTV2_DUMP: [102] parent=87 id=null text='null' desc='null' bounds=(0,511,1080,1256) class=android.view.ViewGroup
         1789127307.096 20544 20544 D YTV2_DUMP: [103] parent=87 id=null text='null' desc='null' bounds=(0,1256,1080,1319) class=android.view.ViewGroup
         1789127307.096 20544 20544 D YTV2_DUMP: [104] parent=87 id=null text='null' desc='Sponsored – Applied AI & Machine Learning
         1789127307.096 20544 20544 D YTV2_DUMP: Earn an executive AI certificate from IIT Kharagpur - live online, 8 months.
         1789127307.096 20544 20544 D YTV2_DUMP: IIT KGP – Apply now - Link opens in new window' bounds=(0,1341,1080,2198) class=android.widget.Button
         1789127307.096 20544 20544 D YTV2_DUMP: [105] parent=92 id=null text='null' desc='null' bounds=(816,104,948,236) class=android.view.ViewGroup
         1789127307.096 20544 20544 D YTV2_DUMP: [106] parent=93 id=null text='null' desc='null' bounds=(948,104,1080,236) class=android.view.ViewGroup
         1789127307.097 20544 20544 D YTV2_DUMP: [107] parent=101 id=null text='null' desc='null' bounds=(0,368,1080,511) class=android.view.ViewGroup
         1789127307.097 20544 20544 D YTV2_DUMP: [108] parent=102 id=null text='null' desc='null' bounds=(0,511,540,1256) class=android.view.ViewGroup
         1789127307.097 20544 20544 D YTV2_DUMP: [109] parent=102 id=null text='null' desc='null' bounds=(540,511,1080,1256) class=android.view.ViewGroup
         1789127307.097 20544 20544 D YTV2_DUMP: [110] parent=104 id=null text='null' desc='null' bounds=(0,1341,1080,2198) class=android.view.ViewGroup
         1789127307.097 20544 20544 D YTV2_DUMP: [111] parent=104 id=null text='null' desc='null' bounds=(0,1341,1080,2198) class=android.view.ViewGroup
         1789127307.097 20544 20544 D YTV2_DUMP: [112] parent=105 id=com.google.android.youtube:id/menu_item_view text='null' desc='Notifications' bounds=(816,104,948,236) class=android.widget.ImageView
         1789127307.097 20544 20544 D YTV2_DUMP: [113] parent=106 id=com.google.android.youtube:id/menu_item_view text='null' desc='Search' bounds=(948,104,1080,236) class=android.widget.ImageView
         1789127307.097 20544 20544 D YTV2_DUMP: [114] parent=107 id=null text='null' desc='null' bounds=(44,390,143,489) class=android.widget.ImageView
         1789127307.097 20544 20544 D YTV2_DUMP: [115] parent=107 id=null text='null' desc='Shorts' bounds=(176,408,339,472) class=android.view.ViewGroup
         1789127307.097 20544 20544 D YTV2_DUMP: [116] parent=107 id=null text='null' desc='Action menu' bounds=(970,407,1036,473) class=android.widget.Button
         1789127307.097 20544 20544 D YTV2_DUMP: [117] parent=108 id=null text='null' desc='Gucci ft. ravikishan & Sharvari ❤️‍🔥… – play Short' bounds=(33,511,530,1256) class=android.widget.Button
         1789127307.097 20544 20544 D YTV2_DUMP: [118] parent=109 id=null text='null' desc='LIVE FROM THE HIMALAYAS – play Short' bounds=(550,511,1047,1256) class=android.widget.Button
         1789127307.097 20544 20544 D YTV2_DUMP: [119] parent=111 id=null text='null' desc='null' bounds=(0,1341,1080,2198) class=android.widget.ImageView
         1789127307.097 20544 20544 D YTV2_DUMP: [120] parent=115 id=null text='Shorts' desc='Shorts' bounds=(176,408,339,472) class=android.view.ViewGroup
         1789127307.099 20544 20544 D YTV2_DUMP: [121] parent=117 id=null text='null' desc='null' bounds=(33,511,530,1256) class=android.view.ViewGroup
         1789127307.099 20544 20544 D YTV2_DUMP: [122] parent=118 id=null text='null' desc='null' bounds=(550,511,1047,1256) class=android.view.ViewGroup
         1789127307.099 20544 20544 D YTV2_DUMP: [123] parent=121 id=null text='null' desc='null' bounds=(33,511,530,1256) class=android.widget.ImageView
         1789127307.099 20544 20544 D YTV2_DUMP: [124] parent=121 id=null text='null' desc='null' bounds=(33,511,530,1256) class=android.view.ViewGroup
         1789127307.099 20544 20544 D YTV2_DUMP: [125] parent=121 id=null text='null' desc='null' bounds=(420,511,530,621) class=android.view.ViewGroup
         1789127307.099 20544 20544 D YTV2_DUMP: [126] parent=121 id=null text='null' desc='null' bounds=(33,1119,530,1256) class=android.view.ViewGroup
         1789127307.099 20544 20544 D YTV2_DUMP: [127] parent=122 id=null text='null' desc='null' bounds=(550,511,1047,1256) class=android.widget.ImageView
         1789127307.099 20544 20544 D YTV2_DUMP: [128] parent=122 id=null text='null' desc='null' bounds=(550,511,1047,1256) class=android.view.ViewGroup
         1789127307.099 20544 20544 D YTV2_DUMP: [129] parent=122 id=null text='null' desc='null' bounds=(937,511,1047,621) class=android.view.ViewGroup
         1789127307.099 20544 20544 D YTV2_DUMP: [130] parent=122 id=null text='null' desc='null' bounds=(550,1119,1047,1256) class=android.view.ViewGroup
         1789127307.099 20544 20544 D YTV2_DUMP: [131] parent=124 id=null text='null' desc='null' bounds=(33,511,530,1256) class=android.widget.ImageView
         1789127307.099 20544 20544 D YTV2_DUMP: [132] parent=124 id=null text='null' desc='null' bounds=(33,511,530,1256) class=android.view.ViewGroup
         1789127307.099 20544 20544 D YTV2_DUMP: [133] parent=125 id=null text='null' desc='More actions' bounds=(469,533,519,583) class=android.widget.Button
         1789127307.099 20544 20544 D YTV2_DUMP: [134] parent=126 id=null text='null' desc='null' bounds=(55,1119,508,1234) class=android.view.ViewGroup
         1789127307.099 20544 20544 D YTV2_DUMP: [135] parent=128 id=null text='null' desc='null' bounds=(550,511,1047,1256) class=android.widget.ImageView
         1789127307.099 20544 20544 D YTV2_DUMP: [136] parent=128 id=null text='null' desc='null' bounds=(550,511,1047,1256) class=android.view.ViewGroup
         1789127307.099 20544 20544 D YTV2_DUMP: [137] parent=129 id=null text='null' desc='More actions' bounds=(986,533,1036,583) class=android.widget.Button
         1789127307.099 20544 20544 D YTV2_DUMP: [138] parent=130 id=null text='null' desc='null' bounds=(572,1119,1025,1234) class=android.view.ViewGroup
         1789127307.099 20544 20544 D YTV2_DUMP: [139] parent=132 id=null text='null' desc='null' bounds=(33,511,530,1256) class=android.widget.ImageView
         1789127307.099 20544 20544 D YTV2_DUMP: [140] parent=134 id=null text='null' desc='null' bounds=(55,1119,508,1234) class=android.view.ViewGroup
         1789127307.099 20544 20544 D YTV2_DUMP: [141] parent=136 id=null text='null' desc='null' bounds=(550,511,1047,1256) class=android.widget.ImageView
         1789127307.099 20544 20544 D YTV2_DUMP: [142] parent=138 id=null text='null' desc='null' bounds=(572,1119,1025,1234) class=android.view.ViewGroup
         1789127307.099 20544 20544 D YTV2_DUMP: [143] parent=140 id=null text='Gucci ft. ravikishan & Sharvari ❤️‍🔥…' desc='Gucci ft. ravikishan & Sharvari ❤️‍🔥…' bounds=(55,1119,508,1234) class=android.view.ViewGroup
         1789127307.099 20544 20544 D YTV2_DUMP: [144] parent=142 id=null text='LIVE FROM THE HIMALAYAS' desc='LIVE FROM THE HIMALAYAS' bounds=(572,1119,1025,1234) class=android.view.ViewGroup
         1789127307.103 20544 20544 D YTV2_DUMP: --> PARSED: kind=NON_PLAYBACK watchConfirmed=false title='null' handle='null' display='null' channelId='null'
         1789127309.083 20544 20544 D YTV2_DUMP: [0] parent=null id=null text='null' desc='null' bounds=(0,0,1080,2460) class=android.widget.FrameLayout
         1789127309.083 20544 20544 D YTV2_DUMP: [1] parent=0 id=null text='null' desc='null' bounds=(0,0,1080,2460) class=android.widget.LinearLayout
         1789127309.083 20544 20544 D YTV2_DUMP: [2] parent=0 id=android:id/navigationBarBackground text='null' desc='null' bounds=(0,2330,1080,2460) class=android.view.View
         1789127309.084 20544 20544 D YTV2_DUMP: [3] parent=1 id=null text='null' desc='null' bounds=(0,0,1080,2460) class=android.widget.FrameLayout
         1789127309.084 20544 20544 D YTV2_DUMP: [4] parent=3 id=com.google.android.youtube:id/action_bar_root text='null' desc='null' bounds=(0,0,1080,2460) class=android.widget.LinearLayout
         1789127309.084 20544 20544 D YTV2_DUMP: [5] parent=4 id=android:id/content text='null' desc='null' bounds=(0,0,1080,2460) class=android.widget.FrameLayout
         1789127309.084 20544 20544 D YTV2_DUMP: [6] parent=5 id=com.google.android.youtube:id/more_drawer_container text='null' desc='null' bounds=(0,0,1080,2460) class=androidx.drawerlayout.widget.DrawerLayout
         1789127309.084 20544 20544 D YTV2_DUMP: [7] parent=5 id=com.google.android.youtube:id/reel_time_bar text='null' desc='null' bounds=(0,0,1080,2460) class=android.view.ViewGroup
         1789127309.084 20544 20544 D YTV2_DUMP: [8] parent=6 id=com.google.android.youtube:id/slim_status_bar_player_container text='null' desc='null' bounds=(0,0,1080,2460) class=android.widget.FrameLayout
         1789127309.084 20544 20544 D YTV2_DUMP: [9] parent=8 id=com.google.android.youtube:id/navigation_bar_divider_frame text='null' desc='null' bounds=(0,0,1080,2330) class=android.view.ViewGroup
         1789127309.084 20544 20544 D YTV2_DUMP: [10] parent=8 id=null text='null' desc='null' bounds=(0,0,1080,104) class=android.widget.FrameLayout
         1789127309.084 20544 20544 D YTV2_DUMP: [11] parent=8 id=null text='null' desc='null' bounds=(0,0,3,3) class=android.view.View
         1789127309.084 20544 20544 D YTV2_DUMP: [12] parent=9 id=com.google.android.youtube:id/global_slim_status_bar_container text='null' desc='null' bounds=(0,0,1080,2330) class=android.widget.FrameLayout
         1789127309.085 20544 20544 D YTV2_DUMP: [13] parent=9 id=com.google.android.youtube:id/accessibility_layer_container text='null' desc='null' bounds=(0,0,1080,2330) class=android.widget.FrameLayout
         1789127309.085 20544 20544 D YTV2_DUMP: [14] parent=10 id=com.google.android.youtube:id/global_status_bar_view text='null' desc='null' bounds=(0,0,1080,104) class=android.view.View
         1789127309.085 20544 20544 D YTV2_DUMP: [15] parent=13 id=com.google.android.youtube:id/fullscreen_mode_container text='null' desc='null' bounds=(0,0,1080,0) class=android.widget.FrameLayout
         1789127309.085 20544 20544 D YTV2_DUMP: [16] parent=13 id=com.google.android.youtube:id/next_gen_watch_container_layout text='null' desc='null' bounds=(0,0,1080,2330) class=android.view.ViewGroup
         1789127309.085 20544 20544 D YTV2_DUMP: [17] parent=13 id=com.google.android.youtube:id/bottom_bar_container text='null' desc='null' bounds=(0,2198,1080,2330) class=android.widget.LinearLayout
         1789127309.085 20544 20544 D YTV2_DUMP: [18] parent=16 id=com.google.android.youtube:id/watch_while_layout_coordinator_layout text='null' desc='null' bounds=(0,0,1080,2330) class=android.view.ViewGroup
         1789127309.085 20544 20544 D YTV2_DUMP: [19] parent=17 id=com.google.android.youtube:id/pivot_bar text='null' desc='null' bounds=(0,2198,1080,2330) class=android.widget.HorizontalScrollView
         1789127309.085 20544 20544 D YTV2_DUMP: [20] parent=18 id=com.google.android.youtube:id/fab_container text='null' desc='null' bounds=(0,0,1080,2330) class=android.widget.FrameLayout
         1789127309.085 20544 20544 D YTV2_DUMP: [21] parent=18 id=com.google.android.youtube:id/pane_fragment_container text='null' desc='null' bounds=(0,0,1080,2330) class=android.widget.FrameLayout
         1789127309.085 20544 20544 D YTV2_DUMP: [22] parent=18 id=com.google.android.youtube:id/root_pill_container text='null' desc='null' bounds=(0,2220,1080,2220) class=android.widget.FrameLayout
         1789127309.085 20544 20544 D YTV2_DUMP: [23] parent=18 id=com.google.android.youtube:id/pane_fragment_footer_container text='null' desc='null' bounds=(0,2330,1080,2330) class=android.widget.FrameLayout
         1789127309.085 20544 20544 D YTV2_DUMP: [24] parent=19 id=null text='null' desc='null' bounds=(0,2198,1080,2330) class=android.widget.LinearLayout
         1789127309.085 20544 20544 D YTV2_DUMP: [25] parent=21 id=com.google.android.youtube:id/inline_player_container text='null' desc='null' bounds=(0,0,1080,2198) class=android.view.ViewGroup
         1789127309.085 20544 20544 D YTV2_DUMP: [26] parent=21 id=com.google.android.youtube:id/inline_player_overlay_container text='null' desc='null' bounds=(0,0,1080,2198) class=android.view.ViewGroup
         1789127309.086 20544 20544 D YTV2_DUMP: [27] parent=21 id=com.google.android.youtube:id/browse_fragment_layout_coordinator_layout text='null' desc='null' bounds=(0,0,1080,2198) class=android.widget.ScrollView
         1789127309.086 20544 20544 D YTV2_DUMP: [28] parent=21 id=com.google.android.youtube:id/bar_wrapper text='null' desc='null' bounds=(0,236,1080,269) class=android.widget.FrameLayout
         1789127309.086 20544 20544 D YTV2_DUMP: [29] parent=24 id=null text='null' desc='Home' bounds=(0,2198,216,2330) class=android.widget.Button
         1789127309.086 20544 20544 D YTV2_DUMP: [30] parent=24 id=null text='null' desc='Shorts' bounds=(216,2198,432,2330) class=android.widget.Button
         1789127309.086 20544 20544 D YTV2_DUMP: [31] parent=24 id=null text='null' desc='Create' bounds=(432,2198,648,2330) class=android.widget.Button
         1789127309.086 20544 20544 D YTV2_DUMP: [32] parent=24 id=null text='null' desc='Subscriptions: New content is available' bounds=(648,2198,864,2330) class=android.widget.Button
         1789127309.086 20544 20544 D YTV2_DUMP: [33] parent=24 id=null text='null' desc='You' bounds=(864,2198,1080,2330) class=android.widget.Button
         1789127309.086 20544 20544 D YTV2_DUMP: [34] parent=25 id=com.google.android.youtube:id/player_fragment_container text='null' desc='null' bounds=(33,511,530,1256) class=android.widget.FrameLayout
         1789127309.086 20544 20544 D YTV2_DUMP: [35] parent=26 id=null text='null' desc='null' bounds=(33,511,1080,2198) class=android.widget.FrameLayout
         1789127309.086 20544 20544 D YTV2_DUMP: [36] parent=26 id=com.google.android.youtube:id/player_overlays text='null' desc='null' bounds=(33,511,530,1256) class=android.view.ViewGroup
         1789127309.086 20544 20544 D YTV2_DUMP: [37] parent=27 id=com.google.android.youtube:id/pane_fragment_background_container text='null' desc='null' bounds=(0,0,1080,2198) class=android.widget.FrameLayout
         1789127309.086 20544 20544 D YTV2_DUMP: [38] parent=27 id=com.google.android.youtube:id/appbar_layout text='null' desc='null' bounds=(0,0,1080,368) class=android.widget.LinearLayout
         1789127309.086 20544 20544 D YTV2_DUMP: [39] parent=27 id=com.google.android.youtube:id/pane_fragment_contents text='null' desc='null' bounds=(0,368,1080,2198) class=android.widget.FrameLayout
         1789127309.086 20544 20544 D YTV2_DUMP: [40] parent=29 id=com.google.android.youtube:id/thumbnail_layout text='null' desc='null' bounds=(75,2210,141,2276) class=android.widget.FrameLayout
         1789127309.086 20544 20544 D YTV2_DUMP: [41] parent=29 id=com.google.android.youtube:id/text text='Home' desc='null' bounds=(67,2282,150,2319) class=android.widget.TextView
         1789127309.086 20544 20544 D YTV2_DUMP: [42] parent=30 id=com.google.android.youtube:id/thumbnail_layout text='null' desc='null' bounds=(291,2210,357,2276) class=android.widget.FrameLayout
         1789127309.087 20544 20544 D YTV2_DUMP: [43] parent=30 id=com.google.android.youtube:id/text text='Shorts' desc='null' bounds=(279,2282,369,2319) class=android.widget.TextView
         1789127309.087 20544 20544 D YTV2_DUMP: [44] parent=31 id=com.google.android.youtube:id/image text='null' desc='null' bounds=(491,2216,590,2315) class=android.widget.ImageView
         1789127309.087 20544 20544 D YTV2_DUMP: [45] parent=32 id=com.google.android.youtube:id/thumbnail_layout text='null' desc='null' bounds=(723,2210,789,2276) class=android.widget.FrameLayout
         1789127309.087 20544 20544 D YTV2_DUMP: [46] parent=32 id=com.google.android.youtube:id/new_content_dot text='null' desc='New content available' bounds=(761,2204,794,2237) class=android.view.View
         1789127309.087 20544 20544 D YTV2_DUMP: [47] parent=32 id=com.google.android.youtube:id/text text='Subscriptions' desc='null' bounds=(666,2282,847,2319) class=android.widget.TextView
         1789127309.087 20544 20544 D YTV2_DUMP: [48] parent=33 id=com.google.android.youtube:id/thumbnail_layout text='null' desc='null' bounds=(939,2210,1005,2276) class=android.widget.FrameLayout
         1789127309.087 20544 20544 D YTV2_DUMP: [49] parent=33 id=com.google.android.youtube:id/text text='You' desc='null' bounds=(946,2282,999,2319) class=android.widget.TextView
         1789127309.087 20544 20544 D YTV2_DUMP: [50] parent=34 id=com.google.android.youtube:id/player_view text='null' desc='null' bounds=(33,511,530,1256) class=android.view.ViewGroup
         1789127309.087 20544 20544 D YTV2_DUMP: [51] parent=35 id=com.google.android.youtube:id/inline_playback_time_bar text='null' desc='null' bounds=(49,511,514,1303) class=android.view.ViewGroup
         1789127309.087 20544 20544 D YTV2_DUMP: [52] parent=36 id=com.google.android.youtube:id/player_overlays_custom_views_container text='null' desc='null' bounds=(33,511,530,1256) class=android.widget.FrameLayout
         1789127309.087 20544 20544 D YTV2_DUMP: [53] parent=36 id=null text='null' desc='null' bounds=(33,511,530,1256) class=android.widget.FrameLayout
         1789127309.087 20544 20544 D YTV2_DUMP: [54] parent=36 id=null text='null' desc='null' bounds=(33,511,530,1256) class=android.widget.FrameLayout
         1789127309.087 20544 20544 D YTV2_DUMP: [55] parent=36 id=null text='null' desc='null' bounds=(33,511,530,1256) class=android.widget.FrameLayout
         1789127309.087 20544 20544 D YTV2_DUMP: [56] parent=37 id=com.google.android.youtube:id/pane_fragment_background_alpha_overlay text='null' desc='null' bounds=(0,0,1080,2198) class=android.view.View
         1789127309.087 20544 20544 D YTV2_DUMP: [57] parent=38 id=com.google.android.youtube:id/toolbar_container text='null' desc='null' bounds=(0,0,1080,236) class=android.widget.FrameLayout
         1789127309.087 20544 20544 D YTV2_DUMP: [58] parent=38 id=com.google.android.youtube:id/filter_bar text='null' desc='null' bounds=(0,236,1080,368) class=android.widget.LinearLayout
         1789127309.088 20544 20544 D YTV2_DUMP: [59] parent=39 id=com.google.android.youtube:id/loading_layout text='null' desc='null' bounds=(0,368,1080,2198) class=android.widget.FrameLayout
         1789127309.088 20544 20544 D YTV2_DUMP: [60] parent=40 id=com.google.android.youtube:id/image text='null' desc='null' bounds=(75,2210,141,2276) class=android.widget.ImageView
         1789127309.088 20544 20544 D YTV2_DUMP: [61] parent=42 id=com.google.android.youtube:id/image text='null' desc='null' bounds=(291,2210,357,2276) class=android.widget.ImageView
         1789127309.088 20544 20544 D YTV2_DUMP: [62] parent=45 id=com.google.android.youtube:id/image text='null' desc='null' bounds=(723,2210,789,2276) class=android.widget.ImageView
         1789127309.088 20544 20544 D YTV2_DUMP: [63] parent=48 id=com.google.android.youtube:id/pivot_bar_thumbnail text='null' desc='null' bounds=(939,2210,1005,2276) class=android.widget.ImageView
         1789127309.088 20544 20544 D YTV2_DUMP: [64] parent=50 id=null text='null' desc='null' bounds=(33,511,530,1256) class=android.view.ViewGroup
         1789127309.088 20544 20544 D YTV2_DUMP: [65] parent=53 id=null text='null' desc='null' bounds=(33,511,530,1256) class=android.widget.FrameLayout
         1789127309.088 20544 20544 D YTV2_DUMP: [66] parent=54 id=null text='null' desc='null' bounds=(33,511,530,1256) class=android.widget.FrameLayout
         1789127309.088 20544 20544 D YTV2_DUMP: [67] parent=55 id=null text='null' desc='null' bounds=(33,511,530,1256) class=android.view.ViewGroup
         1789127309.088 20544 20544 D YTV2_DUMP: [68] parent=57 id=com.google.android.youtube:id/collapsing_header_container text='null' desc='null' bounds=(0,104,1080,104) class=android.widget.FrameLayout
         1789127309.088 20544 20544 D YTV2_DUMP: [69] parent=57 id=com.google.android.youtube:id/toolbar text='null' desc='null' bounds=(0,104,1080,236) class=android.view.ViewGroup
         1789127309.088 20544 20544 D YTV2_DUMP: [70] parent=58 id=null text='null' desc='filters' bounds=(0,236,1080,368) class=android.support.v7.widget.RecyclerView
         1789127309.088 20544 20544 D YTV2_DUMP: [71] parent=59 id=null text='null' desc='null' bounds=(0,368,1080,2198) class=android.view.ViewGroup
         1789127309.088 20544 20544 D YTV2_DUMP: [72] parent=64 id=null text='null' desc='null' bounds=(33,511,530,1256) class=android.view.ViewGroup
         1789127309.088 20544 20544 D YTV2_DUMP: [73] parent=65 id=null text='null' desc='null' bounds=(33,511,530,1256) class=android.view.ViewGroup
         1789127309.089 20544 20544 D YTV2_DUMP: [74] parent=66 id=null text='null' desc='null' bounds=(33,511,530,1256) class=android.view.ViewGroup
         1789127309.089 20544 20544 D YTV2_DUMP: [75] parent=67 id=com.google.android.youtube:id/subtitle text='null' desc='null' bounds=(33,511,530,1180) class=android.widget.FrameLayout
         1789127309.089 20544 20544 D YTV2_DUMP: [76] parent=67 id=com.google.android.youtube:id/status_bar text='null' desc='null' bounds=(508,1179,530,1256) class=android.widget.LinearLayout
         1789127309.089 20544 20544 D YTV2_DUMP: [77] parent=69 id=null text='null' desc='null' bounds=(0,104,816,236) class=android.widget.FrameLayout
         1789127309.089 20544 20544 D YTV2_DUMP: [78] parent=69 id=null text='null' desc='null' bounds=(816,104,1080,236) class=android.support.v7.widget.LinearLayoutCompat
         1789127309.089 20544 20544 D YTV2_DUMP: [79] parent=70 id=null text='null' desc='Explore menu' bounds=(33,258,149,346) class=android.widget.Button
         1789127309.089 20544 20544 D YTV2_DUMP: [80] parent=70 id=null text='null' desc='null' bounds=(171,258,171,346) class=android.view.View
         1789127309.089 20544 20544 D YTV2_DUMP: [81] parent=70 id=null text='null' desc='null' bounds=(193,258,310,346) class=android.widget.LinearLayout
         1789127309.089 20544 20544 D YTV2_DUMP: [82] parent=70 id=null text='null' desc='null' bounds=(332,258,515,346) class=android.widget.LinearLayout
         1789127309.089 20544 20544 D YTV2_DUMP: [83] parent=70 id=null text='null' desc='null' bounds=(537,258,784,346) class=android.widget.LinearLayout
         1789127309.089 20544 20544 D YTV2_DUMP: [84] parent=70 id=null text='null' desc='null' bounds=(806,258,986,346) class=android.widget.LinearLayout
         1789127309.089 20544 20544 D YTV2_DUMP: [85] parent=70 id=null text='null' desc='null' bounds=(1008,258,1080,346) class=android.widget.LinearLayout
         1789127309.090 20544 20544 D YTV2_DUMP: [86] parent=70 id=null text='null' desc='null' bounds=(1378,258,1080,346) class=android.widget.LinearLayout
         1789127309.090 20544 20544 D YTV2_DUMP: [87] parent=71 id=com.google.android.youtube:id/results text='null' desc='null' bounds=(0,368,1080,2198) class=android.support.v7.widget.RecyclerView
         1789127309.090 20544 20544 D YTV2_DUMP: [88] parent=72 id=null text='null' desc='null' bounds=(33,511,530,1256) class=android.view.View
         1789127309.090 20544 20544 D YTV2_DUMP: [89] parent=72 id=null text='null' desc='null' bounds=(33,511,530,1256) class=android.view.View
         1789127309.090 20544 20544 D YTV2_DUMP: [90] parent=76 id=com.google.android.youtube:id/autoplay_loading_view_container text='null' desc='null' bounds=(508,1231,508,1231) class=android.widget.FrameLayout
         1789127309.090 20544 20544 D YTV2_DUMP: [91] parent=77 id=com.google.android.youtube:id/youtube_logo text='null' desc='YouTube' bounds=(0,104,336,236) class=android.widget.ImageView
         1789127309.090 20544 20544 D YTV2_DUMP: [92] parent=78 id=com.google.android.youtube:id/menu_item_0 text='null' desc='null' bounds=(816,104,948,236) class=android.widget.FrameLayout
         1789127309.090 20544 20544 D YTV2_DUMP: [93] parent=78 id=com.google.android.youtube:id/menu_item_1 text='null' desc='null' bounds=(948,104,1080,236) class=android.widget.FrameLayout
         1789127309.090 20544 20544 D YTV2_DUMP: [94] parent=79 id=null text='null' desc='null' bounds=(58,269,124,335) class=android.widget.ImageView
         1789127309.090 20544 20544 D YTV2_DUMP: [95] parent=81 id=com.google.android.youtube:id/chip_cloud_chip_modern_text text='All' desc='null' bounds=(193,258,310,346) class=android.widget.TextView
         1789127309.090 20544 20544 D YTV2_DUMP: [96] parent=82 id=com.google.android.youtube:id/chip_cloud_chip_modern_text text='Music' desc='null' bounds=(332,258,515,346) class=android.widget.TextView
         1789127309.090 20544 20544 D YTV2_DUMP: [97] parent=83 id=com.google.android.youtube:id/chip_cloud_chip_modern_text text='Podcasts' desc='null' bounds=(537,258,784,346) class=android.widget.TextView
         1789127309.090 20544 20544 D YTV2_DUMP: [98] parent=84 id=com.google.android.youtube:id/chip_cloud_chip_modern_text text='Mixes' desc='null' bounds=(806,258,986,346) class=android.widget.TextView
         1789127309.090 20544 20544 D YTV2_DUMP: [99] parent=85 id=com.google.android.youtube:id/chip_cloud_chip_modern_text text='Comedy clubs' desc='null' bounds=(1008,258,1080,346) class=android.widget.TextView
         1789127309.090 20544 20544 D YTV2_DUMP: [100] parent=86 id=com.google.android.youtube:id/chip_cloud_chip_modern_text text='Combined Graduate Level Examination' desc='null' bounds=(1378,258,1080,346) class=android.widget.TextView
         1789127309.091 20544 20544 D YTV2_DUMP: [101] parent=87 id=null text='null' desc='null' bounds=(0,368,1080,511) class=android.view.ViewGroup
         1789127309.091 20544 20544 D YTV2_DUMP: [102] parent=87 id=null text='null' desc='null' bounds=(0,511,1080,1256) class=android.view.ViewGroup
         1789127309.091 20544 20544 D YTV2_DUMP: [103] parent=87 id=null text='null' desc='null' bounds=(0,1256,1080,1319) class=android.view.ViewGroup
         1789127309.091 20544 20544 D YTV2_DUMP: [104] parent=87 id=null text='null' desc='Sponsored – Applied AI & Machine Learning
         1789127309.091 20544 20544 D YTV2_DUMP: Earn an executive AI certificate from IIT Kharagpur - live online, 8 months.
         1789127309.091 20544 20544 D YTV2_DUMP: IIT KGP – Apply now - Link opens in new window' bounds=(0,1341,1080,2198) class=android.widget.Button
         1789127309.091 20544 20544 D YTV2_DUMP: [105] parent=92 id=null text='null' desc='null' bounds=(816,104,948,236) class=android.view.ViewGroup
         1789127309.091 20544 20544 D YTV2_DUMP: [106] parent=93 id=null text='null' desc='null' bounds=(948,104,1080,236) class=android.view.ViewGroup
         1789127309.091 20544 20544 D YTV2_DUMP: [107] parent=101 id=null text='null' desc='null' bounds=(0,368,1080,511) class=android.view.ViewGroup
         1789127309.091 20544 20544 D YTV2_DUMP: [108] parent=102 id=null text='null' desc='null' bounds=(0,511,540,1256) class=android.view.ViewGroup
         1789127309.091 20544 20544 D YTV2_DUMP: [109] parent=102 id=null text='null' desc='null' bounds=(540,511,1080,1256) class=android.view.ViewGroup
         1789127309.091 20544 20544 D YTV2_DUMP: [110] parent=104 id=null text='null' desc='null' bounds=(0,1341,1080,2198) class=android.view.ViewGroup
         1789127309.091 20544 20544 D YTV2_DUMP: [111] parent=104 id=null text='null' desc='null' bounds=(0,1341,1080,2198) class=android.view.ViewGroup
         1789127309.091 20544 20544 D YTV2_DUMP: [112] parent=105 id=com.google.android.youtube:id/menu_item_view text='null' desc='Notifications' bounds=(816,104,948,236) class=android.widget.ImageView
         1789127309.091 20544 20544 D YTV2_DUMP: [113] parent=106 id=com.google.android.youtube:id/menu_item_view text='null' desc='Search' bounds=(948,104,1080,236) class=android.widget.ImageView
         1789127309.091 20544 20544 D YTV2_DUMP: [114] parent=107 id=null text='null' desc='null' bounds=(44,390,143,489) class=android.widget.ImageView
         1789127309.091 20544 20544 D YTV2_DUMP: [115] parent=107 id=null text='null' desc='Shorts' bounds=(176,408,339,472) class=android.view.ViewGroup
         1789127309.092 20544 20544 D YTV2_DUMP: [116] parent=107 id=null text='null' desc='Action menu' bounds=(970,407,1036,473) class=android.widget.Button
         1789127309.092 20544 20544 D YTV2_DUMP: [117] parent=108 id=null text='null' desc='Gucci ft. ravikishan & Sharvari ❤️‍🔥… – play Short' bounds=(33,511,530,1256) class=android.widget.Button
         1789127309.092 20544 20544 D YTV2_DUMP: [118] parent=109 id=null text='null' desc='LIVE FROM THE HIMALAYAS – play Short' bounds=(550,511,1047,1256) class=android.widget.Button
         1789127309.092 20544 20544 D YTV2_DUMP: [119] parent=111 id=null text='null' desc='null' bounds=(0,1341,1080,2198) class=android.widget.ImageView
         1789127309.092 20544 20544 D YTV2_DUMP: [120] parent=115 id=null text='Shorts' desc='Shorts' bounds=(176,408,339,472) class=android.view.ViewGroup
         1789127309.092 20544 20544 D YTV2_DUMP: [121] parent=117 id=null text='null' desc='null' bounds=(33,511,530,1256) class=android.view.ViewGroup
         1789127309.092 20544 20544 D YTV2_DUMP: [122] parent=118 id=null text='null' desc='null' bounds=(550,511,1047,1256) class=android.view.ViewGroup
         1789127309.092 20544 20544 D YTV2_DUMP: [123] parent=121 id=null text='null' desc='null' bounds=(33,511,530,1256) class=android.widget.ImageView
         1789127309.092 20544 20544 D YTV2_DUMP: [124] parent=121 id=null text='null' desc='null' bounds=(33,511,530,1256) class=android.view.ViewGroup
         1789127309.092 20544 20544 D YTV2_DUMP: [125] parent=121 id=null text='null' desc='null' bounds=(420,511,530,621) class=android.view.ViewGroup
         1789127309.092 20544 20544 D YTV2_DUMP: [126] parent=121 id=null text='null' desc='null' bounds=(33,1119,530,1256) class=android.view.ViewGroup
         1789127309.092 20544 20544 D YTV2_DUMP: [127] parent=122 id=null text='null' desc='null' bounds=(550,511,1047,1256) class=android.widget.ImageView
         1789127309.092 20544 20544 D YTV2_DUMP: [128] parent=122 id=null text='null' desc='null' bounds=(550,511,1047,1256) class=android.view.ViewGroup
         1789127309.093 20544 20544 D YTV2_DUMP: [129] parent=122 id=null text='null' desc='null' bounds=(937,511,1047,621) class=android.view.ViewGroup
         1789127309.093 20544 20544 D YTV2_DUMP: [130] parent=122 id=null text='null' desc='null' bounds=(550,1119,1047,1256) class=android.view.ViewGroup
         1789127309.093 20544 20544 D YTV2_DUMP: [131] parent=124 id=null text='null' desc='null' bounds=(33,511,530,1256) class=android.widget.ImageView
         1789127309.093 20544 20544 D YTV2_DUMP: [132] parent=124 id=null text='null' desc='null' bounds=(33,511,530,1256) class=android.view.ViewGroup
         1789127309.093 20544 20544 D YTV2_DUMP: [133] parent=125 id=null text='null' desc='More actions' bounds=(469,533,519,583) class=android.widget.Button
         1789127309.093 20544 20544 D YTV2_DUMP: [134] parent=126 id=null text='null' desc='null' bounds=(55,1119,508,1234) class=android.view.ViewGroup
         1789127309.093 20544 20544 D YTV2_DUMP: [135] parent=128 id=null text='null' desc='null' bounds=(550,511,1047,1256) class=android.widget.ImageView
         1789127309.093 20544 20544 D YTV2_DUMP: [136] parent=128 id=null text='null' desc='null' bounds=(550,511,1047,1256) class=android.view.ViewGroup
         1789127309.093 20544 20544 D YTV2_DUMP: [137] parent=129 id=null text='null' desc='More actions' bounds=(986,533,1036,583) class=android.widget.Button
         1789127309.093 20544 20544 D YTV2_DUMP: [138] parent=130 id=null text='null' desc='null' bounds=(572,1119,1025,1234) class=android.view.ViewGroup
         1789127309.094 20544 20544 D YTV2_DUMP: [139] parent=132 id=null text='null' desc='null' bounds=(33,511,530,1256) class=android.widget.ImageView
         1789127309.094 20544 20544 D YTV2_DUMP: [140] parent=134 id=null text='null' desc='null' bounds=(55,1119,508,1234) class=android.view.ViewGroup
         1789127309.094 20544 20544 D YTV2_DUMP: [141] parent=136 id=null text='null' desc='null' bounds=(550,511,1047,1256) class=android.widget.ImageView
         1789127309.094 20544 20544 D YTV2_DUMP: [142] parent=138 id=null text='null' desc='null' bounds=(572,1119,1025,1234) class=android.view.ViewGroup
         1789127309.094 20544 20544 D YTV2_DUMP: [143] parent=140 id=null text='Gucci ft. ravikishan & Sharvari ❤️‍🔥…' desc='Gucci ft. ravikishan & Sharvari ❤️‍🔥…' bounds=(55,1119,508,1234) class=android.view.ViewGroup
         1789127309.094 20544 20544 D YTV2_DUMP: [144] parent=142 id=null text='LIVE FROM THE HIMALAYAS' desc='LIVE FROM THE HIMALAYAS' bounds=(572,1119,1025,1234) class=android.view.ViewGroup
         1789127309.104 20544 20544 D YTV2_DUMP: --> PARSED: kind=NON_PLAYBACK watchConfirmed=false title='null' handle='null' display='null' channelId='null'
         1789127311.083 20544 20544 D YTV2_DUMP: [0] parent=null id=null text='null' desc='null' bounds=(0,0,1080,2460) class=android.widget.FrameLayout
         1789127311.083 20544 20544 D YTV2_DUMP: [1] parent=0 id=null text='null' desc='null' bounds=(0,0,1080,2460) class=android.widget.LinearLayout
         1789127311.083 20544 20544 D YTV2_DUMP: [2] parent=0 id=android:id/navigationBarBackground text='null' desc='null' bounds=(0,2330,1080,2460) class=android.view.View
         1789127311.083 20544 20544 D YTV2_DUMP: [3] parent=1 id=null text='null' desc='null' bounds=(0,0,1080,2460) class=android.widget.FrameLayout
         1789127311.083 20544 20544 D YTV2_DUMP: [4] parent=3 id=com.google.android.youtube:id/action_bar_root text='null' desc='null' bounds=(0,0,1080,2460) class=android.widget.LinearLayout
         1789127311.083 20544 20544 D YTV2_DUMP: [5] parent=4 id=android:id/content text='null' desc='null' bounds=(0,0,1080,2460) class=android.widget.FrameLayout
         1789127311.083 20544 20544 D YTV2_DUMP: [6] parent=5 id=com.google.android.youtube:id/more_drawer_container text='null' desc='null' bounds=(0,0,1080,2460) class=androidx.drawerlayout.widget.DrawerLayout
         1789127311.083 20544 20544 D YTV2_DUMP: [7] parent=5 id=com.google.android.youtube:id/reel_time_bar text='null' desc='null' bounds=(0,0,1080,2460) class=android.view.ViewGroup
         1789127311.083 20544 20544 D YTV2_DUMP: [8] parent=6 id=com.google.android.youtube:id/slim_status_bar_player_container text='null' desc='null' bounds=(0,0,1080,2460) class=android.widget.FrameLayout
         1789127311.083 20544 20544 D YTV2_DUMP: [9] parent=8 id=com.google.android.youtube:id/navigation_bar_divider_frame text='null' desc='null' bounds=(0,0,1080,2330) class=android.view.ViewGroup
         1789127311.083 20544 20544 D YTV2_DUMP: [10] parent=8 id=null text='null' desc='null' bounds=(0,0,1080,104) class=android.widget.FrameLayout
         1789127311.083 20544 20544 D YTV2_DUMP: [11] parent=8 id=null text='null' desc='null' bounds=(0,0,3,3) class=android.view.View
         1789127311.083 20544 20544 D YTV2_DUMP: [12] parent=9 id=com.google.android.youtube:id/global_slim_status_bar_container text='null' desc='null' bounds=(0,0,1080,2330) class=android.widget.FrameLayout
         1789127311.083 20544 20544 D YTV2_DUMP: [13] parent=9 id=com.google.android.youtube:id/accessibility_layer_container text='null' desc='null' bounds=(0,0,1080,2330) class=android.widget.FrameLayout
         1789127311.083 20544 20544 D YTV2_DUMP: [14] parent=10 id=com.google.android.youtube:id/global_status_bar_view text='null' desc='null' bounds=(0,0,1080,104) class=android.view.View
         1789127311.083 20544 20544 D YTV2_DUMP: [15] parent=13 id=com.google.android.youtube:id/fullscreen_mode_container text='null' desc='null' bounds=(0,0,1080,0) class=android.widget.FrameLayout
         1789127311.084 20544 20544 D YTV2_DUMP: [16] parent=13 id=com.google.android.youtube:id/next_gen_watch_container_layout text='null' desc='null' bounds=(0,0,1080,2330) class=android.view.ViewGroup
         1789127311.084 20544 20544 D YTV2_DUMP: [17] parent=13 id=com.google.android.youtube:id/bottom_bar_container text='null' desc='null' bounds=(0,2198,1080,2330) class=android.widget.LinearLayout
         1789127311.084 20544 20544 D YTV2_DUMP: [18] parent=16 id=com.google.android.youtube:id/watch_while_layout_coordinator_layout text='null' desc='null' bounds=(0,0,1080,2330) class=android.view.ViewGroup
         1789127311.084 20544 20544 D YTV2_DUMP: [19] parent=17 id=com.google.android.youtube:id/pivot_bar text='null' desc='null' bounds=(0,2198,1080,2330) class=android.widget.HorizontalScrollView
         1789127311.084 20544 20544 D YTV2_DUMP: [20] parent=18 id=com.google.android.youtube:id/fab_container text='null' desc='null' bounds=(0,0,1080,2330) class=android.widget.FrameLayout
         1789127311.084 20544 20544 D YTV2_DUMP: [21] parent=18 id=com.google.android.youtube:id/pane_fragment_container text='null' desc='null' bounds=(0,0,1080,2330) class=android.widget.FrameLayout
         1789127311.084 20544 20544 D YTV2_DUMP: [22] parent=18 id=com.google.android.youtube:id/root_pill_container text='null' desc='null' bounds=(0,2220,1080,2220) class=android.widget.FrameLayout
         1789127311.084 20544 20544 D YTV2_DUMP: [23] parent=18 id=com.google.android.youtube:id/pane_fragment_footer_container text='null' desc='null' bounds=(0,2330,1080,2330) class=android.widget.FrameLayout
         1789127311.084 20544 20544 D YTV2_DUMP: [24] parent=19 id=null text='null' desc='null' bounds=(0,2198,1080,2330) class=android.widget.LinearLayout
         1789127311.084 20544 20544 D YTV2_DUMP: [25] parent=21 id=com.google.android.youtube:id/inline_player_container text='null' desc='null' bounds=(0,0,1080,2198) class=android.view.ViewGroup
         1789127311.084 20544 20544 D YTV2_DUMP: [26] parent=21 id=com.google.android.youtube:id/inline_player_overlay_container text='null' desc='null' bounds=(0,0,1080,2198) class=android.view.ViewGroup
         1789127311.084 20544 20544 D YTV2_DUMP: [27] parent=21 id=com.google.android.youtube:id/browse_fragment_layout_coordinator_layout text='null' desc='null' bounds=(0,0,1080,2198) class=android.widget.ScrollView
         1789127311.084 20544 20544 D YTV2_DUMP: [28] parent=21 id=com.google.android.youtube:id/bar_wrapper text='null' desc='null' bounds=(0,236,1080,269) class=android.widget.FrameLayout
         1789127311.084 20544 20544 D YTV2_DUMP: [29] parent=24 id=null text='null' desc='Home' bounds=(0,2198,216,2330) class=android.widget.Button
         1789127311.084 20544 20544 D YTV2_DUMP: [30] parent=24 id=null text='null' desc='Shorts' bounds=(216,2198,432,2330) class=android.widget.Button
         1789127311.084 20544 20544 D YTV2_DUMP: [31] parent=24 id=null text='null' desc='Create' bounds=(432,2198,648,2330) class=android.widget.Button
         1789127311.084 20544 20544 D YTV2_DUMP: [32] parent=24 id=null text='null' desc='Subscriptions: New content is available' bounds=(648,2198,864,2330) class=android.widget.Button
         1789127311.084 20544 20544 D YTV2_DUMP: [33] parent=24 id=null text='null' desc='You' bounds=(864,2198,1080,2330) class=android.widget.Button
         1789127311.084 20544 20544 D YTV2_DUMP: [34] parent=25 id=com.google.android.youtube:id/player_fragment_container text='null' desc='null' bounds=(33,511,530,1256) class=android.widget.FrameLayout
         1789127311.084 20544 20544 D YTV2_DUMP: [35] parent=26 id=null text='null' desc='null' bounds=(33,511,1080,2198) class=android.widget.FrameLayout
         1789127311.084 20544 20544 D YTV2_DUMP: [36] parent=26 id=com.google.android.youtube:id/player_overlays text='null' desc='null' bounds=(33,511,530,1256) class=android.view.ViewGroup
         1789127311.084 20544 20544 D YTV2_DUMP: [37] parent=27 id=com.google.android.youtube:id/pane_fragment_background_container text='null' desc='null' bounds=(0,0,1080,2198) class=android.widget.FrameLayout
         1789127311.085 20544 20544 D YTV2_DUMP: [38] parent=27 id=com.google.android.youtube:id/appbar_layout text='null' desc='null' bounds=(0,0,1080,368) class=android.widget.LinearLayout
         1789127311.085 20544 20544 D YTV2_DUMP: [39] parent=27 id=com.google.android.youtube:id/pane_fragment_contents text='null' desc='null' bounds=(0,368,1080,2198) class=android.widget.FrameLayout
         1789127311.085 20544 20544 D YTV2_DUMP: [40] parent=29 id=com.google.android.youtube:id/thumbnail_layout text='null' desc='null' bounds=(75,2210,141,2276) class=android.widget.FrameLayout
         1789127311.085 20544 20544 D YTV2_DUMP: [41] parent=29 id=com.google.android.youtube:id/text text='Home' desc='null' bounds=(67,2282,150,2319) class=android.widget.TextView
         1789127311.085 20544 20544 D YTV2_DUMP: [42] parent=30 id=com.google.android.youtube:id/thumbnail_layout text='null' desc='null' bounds=(291,2210,357,2276) class=android.widget.FrameLayout
         1789127311.085 20544 20544 D YTV2_DUMP: [43] parent=30 id=com.google.android.youtube:id/text text='Shorts' desc='null' bounds=(279,2282,369,2319) class=android.widget.TextView
         1789127311.085 20544 20544 D YTV2_DUMP: [44] parent=31 id=com.google.android.youtube:id/image text='null' desc='null' bounds=(491,2216,590,2315) class=android.widget.ImageView
         1789127311.085 20544 20544 D YTV2_DUMP: [45] parent=32 id=com.google.android.youtube:id/thumbnail_layout text='null' desc='null' bounds=(723,2210,789,2276) class=android.widget.FrameLayout
         1789127311.085 20544 20544 D YTV2_DUMP: [46] parent=32 id=com.google.android.youtube:id/new_content_dot text='null' desc='New content available' bounds=(761,2204,794,2237) class=android.view.View
         1789127311.085 20544 20544 D YTV2_DUMP: [47] parent=32 id=com.google.android.youtube:id/text text='Subscriptions' desc='null' bounds=(666,2282,847,2319) class=android.widget.TextView
         1789127311.085 20544 20544 D YTV2_DUMP: [48] parent=33 id=com.google.android.youtube:id/thumbnail_layout text='null' desc='null' bounds=(939,2210,1005,2276) class=android.widget.FrameLayout
         1789127311.085 20544 20544 D YTV2_DUMP: [49] parent=33 id=com.google.android.youtube:id/text text='You' desc='null' bounds=(946,2282,999,2319) class=android.widget.TextView
         1789127311.085 20544 20544 D YTV2_DUMP: [50] parent=34 id=com.google.android.youtube:id/player_view text='null' desc='null' bounds=(33,511,530,1256) class=android.view.ViewGroup
         1789127311.085 20544 20544 D YTV2_DUMP: [51] parent=35 id=com.google.android.youtube:id/inline_playback_time_bar text='null' desc='null' bounds=(49,511,514,1303) class=android.view.ViewGroup
         1789127311.085 20544 20544 D YTV2_DUMP: [52] parent=36 id=com.google.android.youtube:id/player_overlays_custom_views_container text='null' desc='null' bounds=(33,511,530,1256) class=android.widget.FrameLayout
         1789127311.085 20544 20544 D YTV2_DUMP: [53] parent=36 id=null text='null' desc='null' bounds=(33,511,530,1256) class=android.widget.FrameLayout
         1789127311.085 20544 20544 D YTV2_DUMP: [54] parent=36 id=null text='null' desc='null' bounds=(33,511,530,1256) class=android.widget.FrameLayout
         1789127311.085 20544 20544 D YTV2_DUMP: [55] parent=36 id=null text='null' desc='null' bounds=(33,511,530,1256) class=android.widget.FrameLayout
         1789127311.085 20544 20544 D YTV2_DUMP: [56] parent=37 id=com.google.android.youtube:id/pane_fragment_background_alpha_overlay text='null' desc='null' bounds=(0,0,1080,2198) class=android.view.View
         1789127311.085 20544 20544 D YTV2_DUMP: [57] parent=38 id=com.google.android.youtube:id/toolbar_container text='null' desc='null' bounds=(0,0,1080,236) class=android.widget.FrameLayout
         1789127311.086 20544 20544 D YTV2_DUMP: [58] parent=38 id=com.google.android.youtube:id/filter_bar text='null' desc='null' bounds=(0,236,1080,368) class=android.widget.LinearLayout
         1789127311.086 20544 20544 D YTV2_DUMP: [59] parent=39 id=com.google.android.youtube:id/loading_layout text='null' desc='null' bounds=(0,368,1080,2198) class=android.widget.FrameLayout
         1789127311.086 20544 20544 D YTV2_DUMP: [60] parent=40 id=com.google.android.youtube:id/image text='null' desc='null' bounds=(75,2210,141,2276) class=android.widget.ImageView
         1789127311.086 20544 20544 D YTV2_DUMP: [61] parent=42 id=com.google.android.youtube:id/image text='null' desc='null' bounds=(291,2210,357,2276) class=android.widget.ImageView
         1789127311.086 20544 20544 D YTV2_DUMP: [62] parent=45 id=com.google.android.youtube:id/image text='null' desc='null' bounds=(723,2210,789,2276) class=android.widget.ImageView
         1789127311.086 20544 20544 D YTV2_DUMP: [63] parent=48 id=com.google.android.youtube:id/pivot_bar_thumbnail text='null' desc='null' bounds=(939,2210,1005,2276) class=android.widget.ImageView
         1789127311.086 20544 20544 D YTV2_DUMP: [64] parent=50 id=null text='null' desc='null' bounds=(33,511,530,1256) class=android.view.ViewGroup
         1789127311.086 20544 20544 D YTV2_DUMP: [65] parent=53 id=null text='null' desc='null' bounds=(33,511,530,1256) class=android.widget.FrameLayout
         1789127311.086 20544 20544 D YTV2_DUMP: [66] parent=54 id=null text='null' desc='null' bounds=(33,511,530,1256) class=android.widget.FrameLayout
         1789127311.086 20544 20544 D YTV2_DUMP: [67] parent=55 id=null text='null' desc='null' bounds=(33,511,530,1256) class=android.view.ViewGroup
         1789127311.086 20544 20544 D YTV2_DUMP: [68] parent=57 id=com.google.android.youtube:id/collapsing_header_container text='null' desc='null' bounds=(0,104,1080,104) class=android.widget.FrameLayout
         1789127311.086 20544 20544 D YTV2_DUMP: [69] parent=57 id=com.google.android.youtube:id/toolbar text='null' desc='null' bounds=(0,104,1080,236) class=android.view.ViewGroup
         1789127311.087 20544 20544 D YTV2_DUMP: [70] parent=58 id=null text='null' desc='filters' bounds=(0,236,1080,368) class=android.support.v7.widget.RecyclerView
         1789127311.087 20544 20544 D YTV2_DUMP: [71] parent=59 id=null text='null' desc='null' bounds=(0,368,1080,2198) class=android.view.ViewGroup
         1789127311.087 20544 20544 D YTV2_DUMP: [72] parent=64 id=null text='null' desc='null' bounds=(33,511,530,1256) class=android.view.ViewGroup
         1789127311.087 20544 20544 D YTV2_DUMP: [73] parent=65 id=null text='null' desc='null' bounds=(33,511,530,1256) class=android.view.ViewGroup
         1789127311.087 20544 20544 D YTV2_DUMP: [74] parent=66 id=null text='null' desc='null' bounds=(33,511,530,1256) class=android.view.ViewGroup
         1789127311.087 20544 20544 D YTV2_DUMP: [75] parent=67 id=com.google.android.youtube:id/subtitle text='null' desc='null' bounds=(33,511,530,1180) class=android.widget.FrameLayout
         1789127311.087 20544 20544 D YTV2_DUMP: [76] parent=67 id=com.google.android.youtube:id/status_bar text='null' desc='null' bounds=(508,1179,530,1256) class=android.widget.LinearLayout
         1789127311.087 20544 20544 D YTV2_DUMP: [77] parent=69 id=null text='null' desc='null' bounds=(0,104,816,236) class=android.widget.FrameLayout
         1789127311.087 20544 20544 D YTV2_DUMP: [78] parent=69 id=null text='null' desc='null' bounds=(816,104,1080,236) class=android.support.v7.widget.LinearLayoutCompat
         1789127311.087 20544 20544 D YTV2_DUMP: [79] parent=70 id=null text='null' desc='Explore menu' bounds=(33,258,149,346) class=android.widget.Button
         1789127311.087 20544 20544 D YTV2_DUMP: [80] parent=70 id=null text='null' desc='null' bounds=(171,258,171,346) class=android.view.View
         1789127311.087 20544 20544 D YTV2_DUMP: [81] parent=70 id=null text='null' desc='null' bounds=(193,258,310,346) class=android.widget.LinearLayout
         1789127311.087 20544 20544 D YTV2_DUMP: [82] parent=70 id=null text='null' desc='null' bounds=(332,258,515,346) class=android.widget.LinearLayout
         1789127311.087 20544 20544 D YTV2_DUMP: [83] parent=70 id=null text='null' desc='null' bounds=(537,258,784,346) class=android.widget.LinearLayout
         1789127311.087 20544 20544 D YTV2_DUMP: [84] parent=70 id=null text='null' desc='null' bounds=(806,258,986,346) class=android.widget.LinearLayout
         1789127311.087 20544 20544 D YTV2_DUMP: [85] parent=70 id=null text='null' desc='null' bounds=(1008,258,1080,346) class=android.widget.LinearLayout
         1789127311.087 20544 20544 D YTV2_DUMP: [86] parent=70 id=null text='null' desc='null' bounds=(1378,258,1080,346) class=android.widget.LinearLayout
         1789127311.087 20544 20544 D YTV2_DUMP: [87] parent=71 id=com.google.android.youtube:id/results text='null' desc='null' bounds=(0,368,1080,2198) class=android.support.v7.widget.RecyclerView
         1789127311.087 20544 20544 D YTV2_DUMP: [88] parent=72 id=null text='null' desc='null' bounds=(33,511,530,1256) class=android.view.View
         1789127311.087 20544 20544 D YTV2_DUMP: [89] parent=72 id=null text='null' desc='null' bounds=(33,511,530,1256) class=android.view.View
         1789127311.087 20544 20544 D YTV2_DUMP: [90] parent=76 id=com.google.android.youtube:id/autoplay_loading_view_container text='null' desc='null' bounds=(508,1231,508,1231) class=android.widget.FrameLayout
         1789127311.087 20544 20544 D YTV2_DUMP: [91] parent=77 id=com.google.android.youtube:id/youtube_logo text='null' desc='YouTube' bounds=(0,104,336,236) class=android.widget.ImageView
         1789127311.088 20544 20544 D YTV2_DUMP: [92] parent=78 id=com.google.android.youtube:id/menu_item_0 text='null' desc='null' bounds=(816,104,948,236) class=android.widget.FrameLayout
         1789127311.088 20544 20544 D YTV2_DUMP: [93] parent=78 id=com.google.android.youtube:id/menu_item_1 text='null' desc='null' bounds=(948,104,1080,236) class=android.widget.FrameLayout
         1789127311.088 20544 20544 D YTV2_DUMP: [94] parent=79 id=null text='null' desc='null' bounds=(58,269,124,335) class=android.widget.ImageView
         1789127311.088 20544 20544 D YTV2_DUMP: [95] parent=81 id=com.google.android.youtube:id/chip_cloud_chip_modern_text text='All' desc='null' bounds=(193,258,310,346) class=android.widget.TextView
         1789127311.088 20544 20544 D YTV2_DUMP: [96] parent=82 id=com.google.android.youtube:id/chip_cloud_chip_modern_text text='Music' desc='null' bounds=(332,258,515,346) class=android.widget.TextView
         1789127311.088 20544 20544 D YTV2_DUMP: [97] parent=83 id=com.google.android.youtube:id/chip_cloud_chip_modern_text text='Podcasts' desc='null' bounds=(537,258,784,346) class=android.widget.TextView
         1789127311.088 20544 20544 D YTV2_DUMP: [98] parent=84 id=com.google.android.youtube:id/chip_cloud_chip_modern_text text='Mixes' desc='null' bounds=(806,258,986,346) class=android.widget.TextView
         1789127311.088 20544 20544 D YTV2_DUMP: [99] parent=85 id=com.google.android.youtube:id/chip_cloud_chip_modern_text text='Comedy clubs' desc='null' bounds=(1008,258,1080,346) class=android.widget.TextView
         1789127311.088 20544 20544 D YTV2_DUMP: [100] parent=86 id=com.google.android.youtube:id/chip_cloud_chip_modern_text text='Combined Graduate Level Examination' desc='null' bounds=(1378,258,1080,346) class=android.widget.TextView
         1789127311.088 20544 20544 D YTV2_DUMP: [101] parent=87 id=null text='null' desc='null' bounds=(0,368,1080,511) class=android.view.ViewGroup
         1789127311.088 20544 20544 D YTV2_DUMP: [102] parent=87 id=null text='null' desc='null' bounds=(0,511,1080,1256) class=android.view.ViewGroup
         1789127311.088 20544 20544 D YTV2_DUMP: [103] parent=87 id=null text='null' desc='null' bounds=(0,1256,1080,1319) class=android.view.ViewGroup
         1789127311.088 20544 20544 D YTV2_DUMP: [104] parent=87 id=null text='null' desc='Sponsored – Applied AI & Machine Learning
         1789127311.088 20544 20544 D YTV2_DUMP: Earn an executive AI certificate from IIT Kharagpur - live online, 8 months.
         1789127311.088 20544 20544 D YTV2_DUMP: IIT KGP – Apply now - Link opens in new window' bounds=(0,1341,1080,2198) class=android.widget.Button
         1789127311.088 20544 20544 D YTV2_DUMP: [105] parent=92 id=null text='null' desc='null' bounds=(816,104,948,236) class=android.view.ViewGroup
         1789127311.088 20544 20544 D YTV2_DUMP: [106] parent=93 id=null text='null' desc='null' bounds=(948,104,1080,236) class=android.view.ViewGroup
         1789127311.088 20544 20544 D YTV2_DUMP: [107] parent=101 id=null text='null' desc='null' bounds=(0,368,1080,511) class=android.view.ViewGroup
         1789127311.088 20544 20544 D YTV2_DUMP: [108] parent=102 id=null text='null' desc='null' bounds=(0,511,540,1256) class=android.view.ViewGroup
         1789127311.088 20544 20544 D YTV2_DUMP: [109] parent=102 id=null text='null' desc='null' bounds=(540,511,1080,1256) class=android.view.ViewGroup
         1789127311.088 20544 20544 D YTV2_DUMP: [110] parent=104 id=null text='null' desc='null' bounds=(0,1341,1080,2198) class=android.view.ViewGroup
         1789127311.088 20544 20544 D YTV2_DUMP: [111] parent=104 id=null text='null' desc='null' bounds=(0,1341,1080,2198) class=android.view.ViewGroup
         1789127311.089 20544 20544 D YTV2_DUMP: [112] parent=105 id=com.google.android.youtube:id/menu_item_view text='null' desc='Notifications' bounds=(816,104,948,236) class=android.widget.ImageView
         1789127311.089 20544 20544 D YTV2_DUMP: [113] parent=106 id=com.google.android.youtube:id/menu_item_view text='null' desc='Search' bounds=(948,104,1080,236) class=android.widget.ImageView
         1789127311.089 20544 20544 D YTV2_DUMP: [114] parent=107 id=null text='null' desc='null' bounds=(44,390,143,489) class=android.widget.ImageView
         1789127311.089 20544 20544 D YTV2_DUMP: [115] parent=107 id=null text='null' desc='Shorts' bounds=(176,408,339,472) class=android.view.ViewGroup
         1789127311.089 20544 20544 D YTV2_DUMP: [116] parent=107 id=null text='null' desc='Action menu' bounds=(970,407,1036,473) class=android.widget.Button
         1789127311.089 20544 20544 D YTV2_DUMP: [117] parent=108 id=null text='null' desc='Gucci ft. ravikishan & Sharvari ❤️‍🔥… – play Short' bounds=(33,511,530,1256) class=android.widget.Button
         1789127311.089 20544 20544 D YTV2_DUMP: [118] parent=109 id=null text='null' desc='LIVE FROM THE HIMALAYAS – play Short' bounds=(550,511,1047,1256) class=android.widget.Button
         1789127311.089 20544 20544 D YTV2_DUMP: [119] parent=111 id=null text='null' desc='null' bounds=(0,1341,1080,2198) class=android.widget.ImageView
         1789127311.089 20544 20544 D YTV2_DUMP: [120] parent=115 id=null text='Shorts' desc='Shorts' bounds=(176,408,339,472) class=android.view.ViewGroup
         1789127311.089 20544 20544 D YTV2_DUMP: [121] parent=117 id=null text='null' desc='null' bounds=(33,511,530,1256) class=android.view.ViewGroup
         1789127311.089 20544 20544 D YTV2_DUMP: [122] parent=118 id=null text='null' desc='null' bounds=(550,511,1047,1256) class=android.view.ViewGroup
         1789127311.089 20544 20544 D YTV2_DUMP: [123] parent=121 id=null text='null' desc='null' bounds=(33,511,530,1256) class=android.widget.ImageView
         1789127311.089 20544 20544 D YTV2_DUMP: [124] parent=121 id=null text='null' desc='null' bounds=(33,511,530,1256) class=android.view.ViewGroup
         1789127311.089 20544 20544 D YTV2_DUMP: [125] parent=121 id=null text='null' desc='null' bounds=(420,511,530,621) class=android.view.ViewGroup
         1789127311.089 20544 20544 D YTV2_DUMP: [126] parent=121 id=null text='null' desc='null' bounds=(33,1119,530,1256) class=android.view.ViewGroup
         1789127311.089 20544 20544 D YTV2_DUMP: [127] parent=122 id=null text='null' desc='null' bounds=(550,511,1047,1256) class=android.widget.ImageView
         1789127311.089 20544 20544 D YTV2_DUMP: [128] parent=122 id=null text='null' desc='null' bounds=(550,511,1047,1256) class=android.view.ViewGroup
         1789127311.089 20544 20544 D YTV2_DUMP: [129] parent=122 id=null text='null' desc='null' bounds=(937,511,1047,621) class=android.view.ViewGroup
         1789127311.089 20544 20544 D YTV2_DUMP: [130] parent=122 id=null text='null' desc='null' bounds=(550,1119,1047,1256) class=android.view.ViewGroup
         1789127311.090 20544 20544 D YTV2_DUMP: [131] parent=124 id=null text='null' desc='null' bounds=(33,511,530,1256) class=android.widget.ImageView
         1789127311.090 20544 20544 D YTV2_DUMP: [132] parent=124 id=null text='null' desc='null' bounds=(33,511,530,1256) class=android.view.ViewGroup
         1789127311.090 20544 20544 D YTV2_DUMP: [133] parent=125 id=null text='null' desc='More actions' bounds=(469,533,519,583) class=android.widget.Button
         1789127311.090 20544 20544 D YTV2_DUMP: [134] parent=126 id=null text='null' desc='null' bounds=(55,1119,508,1234) class=android.view.ViewGroup
         1789127311.090 20544 20544 D YTV2_DUMP: [135] parent=128 id=null text='null' desc='null' bounds=(550,511,1047,1256) class=android.widget.ImageView
         1789127311.090 20544 20544 D YTV2_DUMP: [136] parent=128 id=null text='null' desc='null' bounds=(550,511,1047,1256) class=android.view.ViewGroup
         1789127311.090 20544 20544 D YTV2_DUMP: [137] parent=129 id=null text='null' desc='More actions' bounds=(986,533,1036,583) class=android.widget.Button
         1789127311.090 20544 20544 D YTV2_DUMP: [138] parent=130 id=null text='null' desc='null' bounds=(572,1119,1025,1234) class=android.view.ViewGroup
         1789127311.090 20544 20544 D YTV2_DUMP: [139] parent=132 id=null text='null' desc='null' bounds=(33,511,530,1256) class=android.widget.ImageView
         1789127311.090 20544 20544 D YTV2_DUMP: [140] parent=134 id=null text='null' desc='null' bounds=(55,1119,508,1234) class=android.view.ViewGroup
         1789127311.090 20544 20544 D YTV2_DUMP: [141] parent=136 id=null text='null' desc='null' bounds=(550,511,1047,1256) class=android.widget.ImageView
         1789127311.090 20544 20544 D YTV2_DUMP: [142] parent=138 id=null text='null' desc='null' bounds=(572,1119,1025,1234) class=android.view.ViewGroup
         1789127311.090 20544 20544 D YTV2_DUMP: [143] parent=140 id=null text='Gucci ft. ravikishan & Sharvari ❤️‍🔥…' desc='Gucci ft. ravikishan & Sharvari ❤️‍🔥…' bounds=(55,1119,508,1234) class=android.view.ViewGroup
         1789127311.090 20544 20544 D YTV2_DUMP: [144] parent=142 id=null text='LIVE FROM THE HIMALAYAS' desc='LIVE FROM THE HIMALAYAS' bounds=(572,1119,1025,1234) class=android.view.ViewGroup
         1789127311.101 20544 20544 D YTV2_DUMP: --> PARSED: kind=NON_PLAYBACK watchConfirmed=false title='null' handle='null' display='null' channelId='null'
         1789127313.080 20544 20544 D YTV2_DUMP: [0] parent=null id=null text='null' desc='null' bounds=(0,0,1080,2460) class=android.widget.FrameLayout
         1789127313.081 20544 20544 D YTV2_DUMP: [1] parent=0 id=null text='null' desc='null' bounds=(0,0,1080,2460) class=android.widget.LinearLayout
         1789127313.081 20544 20544 D YTV2_DUMP: [2] parent=0 id=android:id/navigationBarBackground text='null' desc='null' bounds=(0,2330,1080,2460) class=android.view.View
         1789127313.081 20544 20544 D YTV2_DUMP: [3] parent=1 id=null text='null' desc='null' bounds=(0,0,1080,2460) class=android.widget.FrameLayout
         1789127313.081 20544 20544 D YTV2_DUMP: [4] parent=3 id=com.google.android.youtube:id/action_bar_root text='null' desc='null' bounds=(0,0,1080,2460) class=android.widget.LinearLayout
         1789127313.081 20544 20544 D YTV2_DUMP: [5] parent=4 id=android:id/content text='null' desc='null' bounds=(0,0,1080,2460) class=android.widget.FrameLayout
         1789127313.081 20544 20544 D YTV2_DUMP: [6] parent=5 id=com.google.android.youtube:id/more_drawer_container text='null' desc='null' bounds=(0,0,1080,2460) class=androidx.drawerlayout.widget.DrawerLayout
         1789127313.081 20544 20544 D YTV2_DUMP: [7] parent=5 id=com.google.android.youtube:id/reel_time_bar text='null' desc='null' bounds=(0,0,1080,2460) class=android.view.ViewGroup
         1789127313.081 20544 20544 D YTV2_DUMP: [8] parent=6 id=com.google.android.youtube:id/slim_status_bar_player_container text='null' desc='null' bounds=(0,0,1080,2460) class=android.widget.FrameLayout
         1789127313.081 20544 20544 D YTV2_DUMP: [9] parent=8 id=com.google.android.youtube:id/navigation_bar_divider_frame text='null' desc='null' bounds=(0,0,1080,2330) class=android.view.ViewGroup
         1789127313.081 20544 20544 D YTV2_DUMP: [10] parent=8 id=null text='null' desc='null' bounds=(0,0,1080,104) class=android.widget.FrameLayout
         1789127313.081 20544 20544 D YTV2_DUMP: [11] parent=8 id=null text='null' desc='null' bounds=(0,0,3,3) class=android.view.View
         1789127313.081 20544 20544 D YTV2_DUMP: [12] parent=9 id=com.google.android.youtube:id/global_slim_status_bar_container text='null' desc='null' bounds=(0,0,1080,2330) class=android.widget.FrameLayout
         1789127313.081 20544 20544 D YTV2_DUMP: [13] parent=9 id=com.google.android.youtube:id/accessibility_layer_container text='null' desc='null' bounds=(0,0,1080,2330) class=android.widget.FrameLayout
         1789127313.081 20544 20544 D YTV2_DUMP: [14] parent=10 id=com.google.android.youtube:id/global_status_bar_view text='null' desc='null' bounds=(0,0,1080,104) class=android.view.View
         1789127313.081 20544 20544 D YTV2_DUMP: [15] parent=13 id=com.google.android.youtube:id/fullscreen_mode_container text='null' desc='null' bounds=(0,0,1080,0) class=android.widget.FrameLayout
         1789127313.081 20544 20544 D YTV2_DUMP: [16] parent=13 id=com.google.android.youtube:id/next_gen_watch_container_layout text='null' desc='null' bounds=(0,0,1080,2330) class=android.view.ViewGroup
         1789127313.081 20544 20544 D YTV2_DUMP: [17] parent=13 id=com.google.android.youtube:id/bottom_bar_container text='null' desc='null' bounds=(0,2198,1080,2330) class=android.widget.LinearLayout
         1789127313.082 20544 20544 D YTV2_DUMP: [18] parent=16 id=com.google.android.youtube:id/watch_while_layout_coordinator_layout text='null' desc='null' bounds=(0,0,1080,2330) class=android.view.ViewGroup
         1789127313.082 20544 20544 D YTV2_DUMP: [19] parent=17 id=com.google.android.youtube:id/pivot_bar text='null' desc='null' bounds=(0,2198,1080,2330) class=android.widget.HorizontalScrollView
         1789127313.082 20544 20544 D YTV2_DUMP: [20] parent=18 id=com.google.android.youtube:id/fab_container text='null' desc='null' bounds=(0,0,1080,2330) class=android.widget.FrameLayout
         1789127313.082 20544 20544 D YTV2_DUMP: [21] parent=18 id=com.google.android.youtube:id/pane_fragment_container text='null' desc='null' bounds=(0,0,1080,2330) class=android.widget.FrameLayout
         1789127313.082 20544 20544 D YTV2_DUMP: [22] parent=18 id=com.google.android.youtube:id/root_pill_container text='null' desc='null' bounds=(0,2220,1080,2220) class=android.widget.FrameLayout
         1789127313.082 20544 20544 D YTV2_DUMP: [23] parent=18 id=com.google.android.youtube:id/pane_fragment_footer_container text='null' desc='null' bounds=(0,2330,1080,2330) class=android.widget.FrameLayout
         1789127313.082 20544 20544 D YTV2_DUMP: [24] parent=19 id=null text='null' desc='null' bounds=(0,2198,1080,2330) class=android.widget.LinearLayout
         1789127313.082 20544 20544 D YTV2_DUMP: [25] parent=21 id=com.google.android.youtube:id/inline_player_container text='null' desc='null' bounds=(0,0,1080,2198) class=android.view.ViewGroup
         1789127313.082 20544 20544 D YTV2_DUMP: [26] parent=21 id=com.google.android.youtube:id/inline_player_overlay_container text='null' desc='null' bounds=(0,0,1080,2198) class=android.view.ViewGroup
         1789127313.082 20544 20544 D YTV2_DUMP: [27] parent=21 id=com.google.android.youtube:id/browse_fragment_layout_coordinator_layout text='null' desc='null' bounds=(0,0,1080,2198) class=android.widget.ScrollView
         1789127313.082 20544 20544 D YTV2_DUMP: [28] parent=21 id=com.google.android.youtube:id/bar_wrapper text='null' desc='null' bounds=(0,236,1080,269) class=android.widget.FrameLayout
         1789127313.082 20544 20544 D YTV2_DUMP: [29] parent=24 id=null text='null' desc='Home' bounds=(0,2198,216,2330) class=android.widget.Button
         1789127313.083 20544 20544 D YTV2_DUMP: [30] parent=24 id=null text='null' desc='Shorts' bounds=(216,2198,432,2330) class=android.widget.Button
         1789127313.083 20544 20544 D YTV2_DUMP: [31] parent=24 id=null text='null' desc='Create' bounds=(432,2198,648,2330) class=android.widget.Button
         1789127313.083 20544 20544 D YTV2_DUMP: [32] parent=24 id=null text='null' desc='Subscriptions: New content is available' bounds=(648,2198,864,2330) class=android.widget.Button
         1789127313.083 20544 20544 D YTV2_DUMP: [33] parent=24 id=null text='null' desc='You' bounds=(864,2198,1080,2330) class=android.widget.Button
         1789127313.083 20544 20544 D YTV2_DUMP: [34] parent=25 id=com.google.android.youtube:id/player_fragment_container text='null' desc='null' bounds=(33,511,530,1256) class=android.widget.FrameLayout
         1789127313.083 20544 20544 D YTV2_DUMP: [35] parent=26 id=null text='null' desc='null' bounds=(33,511,1080,2198) class=android.widget.FrameLayout
         1789127313.084 20544 20544 D YTV2_DUMP: [36] parent=26 id=com.google.android.youtube:id/player_overlays text='null' desc='null' bounds=(33,511,530,1256) class=android.view.ViewGroup
         1789127313.084 20544 20544 D YTV2_DUMP: [37] parent=27 id=com.google.android.youtube:id/pane_fragment_background_container text='null' desc='null' bounds=(0,0,1080,2198) class=android.widget.FrameLayout
         1789127313.084 20544 20544 D YTV2_DUMP: [38] parent=27 id=com.google.android.youtube:id/appbar_layout text='null' desc='null' bounds=(0,0,1080,368) class=android.widget.LinearLayout
         1789127313.084 20544 20544 D YTV2_DUMP: [39] parent=27 id=com.google.android.youtube:id/pane_fragment_contents text='null' desc='null' bounds=(0,368,1080,2198) class=android.widget.FrameLayout
         1789127313.084 20544 20544 D YTV2_DUMP: [40] parent=29 id=com.google.android.youtube:id/thumbnail_layout text='null' desc='null' bounds=(75,2210,141,2276) class=android.widget.FrameLayout
         1789127313.084 20544 20544 D YTV2_DUMP: [41] parent=29 id=com.google.android.youtube:id/text text='Home' desc='null' bounds=(67,2282,150,2319) class=android.widget.TextView
         1789127313.084 20544 20544 D YTV2_DUMP: [42] parent=30 id=com.google.android.youtube:id/thumbnail_layout text='null' desc='null' bounds=(291,2210,357,2276) class=android.widget.FrameLayout
         1789127313.084 20544 20544 D YTV2_DUMP: [43] parent=30 id=com.google.android.youtube:id/text text='Shorts' desc='null' bounds=(279,2282,369,2319) class=android.widget.TextView
         1789127313.084 20544 20544 D YTV2_DUMP: [44] parent=31 id=com.google.android.youtube:id/image text='null' desc='null' bounds=(491,2216,590,2315) class=android.widget.ImageView
         1789127313.084 20544 20544 D YTV2_DUMP: [45] parent=32 id=com.google.android.youtube:id/thumbnail_layout text='null' desc='null' bounds=(723,2210,789,2276) class=android.widget.FrameLayout
         1789127313.084 20544 20544 D YTV2_DUMP: [46] parent=32 id=com.google.android.youtube:id/new_content_dot text='null' desc='New content available' bounds=(761,2204,794,2237) class=android.view.View
         1789127313.084 20544 20544 D YTV2_DUMP: [47] parent=32 id=com.google.android.youtube:id/text text='Subscriptions' desc='null' bounds=(666,2282,847,2319) class=android.widget.TextView
         1789127313.084 20544 20544 D YTV2_DUMP: [48] parent=33 id=com.google.android.youtube:id/thumbnail_layout text='null' desc='null' bounds=(939,2210,1005,2276) class=android.widget.FrameLayout
         1789127313.084 20544 20544 D YTV2_DUMP: [49] parent=33 id=com.google.android.youtube:id/text text='You' desc='null' bounds=(946,2282,999,2319) class=android.widget.TextView
         1789127313.084 20544 20544 D YTV2_DUMP: [50] parent=34 id=com.google.android.youtube:id/player_view text='null' desc='null' bounds=(33,511,530,1256) class=android.view.ViewGroup
         1789127313.084 20544 20544 D YTV2_DUMP: [51] parent=35 id=com.google.android.youtube:id/inline_playback_time_bar text='null' desc='null' bounds=(49,511,514,1303) class=android.view.ViewGroup
         1789127313.084 20544 20544 D YTV2_DUMP: [52] parent=36 id=com.google.android.youtube:id/player_overlays_custom_views_container text='null' desc='null' bounds=(33,511,530,1256) class=android.widget.FrameLayout
         1789127313.084 20544 20544 D YTV2_DUMP: [53] parent=36 id=null text='null' desc='null' bounds=(33,511,530,1256) class=android.widget.FrameLayout
         1789127313.085 20544 20544 D YTV2_DUMP: [54] parent=36 id=null text='null' desc='null' bounds=(33,511,530,1256) class=android.widget.FrameLayout
         1789127313.085 20544 20544 D YTV2_DUMP: [55] parent=36 id=null text='null' desc='null' bounds=(33,511,530,1256) class=android.widget.FrameLayout
         1789127313.085 20544 20544 D YTV2_DUMP: [56] parent=37 id=com.google.android.youtube:id/pane_fragment_background_alpha_overlay text='null' desc='null' bounds=(0,0,1080,2198) class=android.view.View
         1789127313.085 20544 20544 D YTV2_DUMP: [57] parent=38 id=com.google.android.youtube:id/toolbar_container text='null' desc='null' bounds=(0,0,1080,236) class=android.widget.FrameLayout
         1789127313.085 20544 20544 D YTV2_DUMP: [58] parent=38 id=com.google.android.youtube:id/filter_bar text='null' desc='null' bounds=(0,236,1080,368) class=android.widget.LinearLayout
         1789127313.085 20544 20544 D YTV2_DUMP: [59] parent=39 id=com.google.android.youtube:id/loading_layout text='null' desc='null' bounds=(0,368,1080,2198) class=android.widget.FrameLayout
         1789127313.085 20544 20544 D YTV2_DUMP: [60] parent=40 id=com.google.android.youtube:id/image text='null' desc='null' bounds=(75,2210,141,2276) class=android.widget.ImageView
         1789127313.085 20544 20544 D YTV2_DUMP: [61] parent=42 id=com.google.android.youtube:id/image text='null' desc='null' bounds=(291,2210,357,2276) class=android.widget.ImageView
         1789127313.085 20544 20544 D YTV2_DUMP: [62] parent=45 id=com.google.android.youtube:id/image text='null' desc='null' bounds=(723,2210,789,2276) class=android.widget.ImageView
         1789127313.085 20544 20544 D YTV2_DUMP: [63] parent=48 id=com.google.android.youtube:id/pivot_bar_thumbnail text='null' desc='null' bounds=(939,2210,1005,2276) class=android.widget.ImageView
         1789127313.085 20544 20544 D YTV2_DUMP: [64] parent=50 id=null text='null' desc='null' bounds=(33,511,530,1256) class=android.view.ViewGroup
         1789127313.085 20544 20544 D YTV2_DUMP: [65] parent=53 id=null text='null' desc='null' bounds=(33,511,530,1256) class=android.widget.FrameLayout
         1789127313.085 20544 20544 D YTV2_DUMP: [66] parent=54 id=null text='null' desc='null' bounds=(33,511,530,1256) class=android.widget.FrameLayout
         1789127313.085 20544 20544 D YTV2_DUMP: [67] parent=55 id=null text='null' desc='null' bounds=(33,511,530,1256) class=android.view.ViewGroup
         1789127313.085 20544 20544 D YTV2_DUMP: [68] parent=57 id=com.google.android.youtube:id/collapsing_header_container text='null' desc='null' bounds=(0,104,1080,104) class=android.widget.FrameLayout
         1789127313.085 20544 20544 D YTV2_DUMP: [69] parent=57 id=com.google.android.youtube:id/toolbar text='null' desc='null' bounds=(0,104,1080,236) class=android.view.ViewGroup
         1789127313.085 20544 20544 D YTV2_DUMP: [70] parent=58 id=null text='null' desc='filters' bounds=(0,236,1080,368) class=android.support.v7.widget.RecyclerView
         1789127313.085 20544 20544 D YTV2_DUMP: [71] parent=59 id=null text='null' desc='null' bounds=(0,368,1080,2198) class=android.view.ViewGroup
         1789127313.086 20544 20544 D YTV2_DUMP: [72] parent=64 id=null text='null' desc='null' bounds=(33,511,530,1256) class=android.view.ViewGroup
         1789127313.086 20544 20544 D YTV2_DUMP: [73] parent=65 id=null text='null' desc='null' bounds=(33,511,530,1256) class=android.view.ViewGroup
         1789127313.086 20544 20544 D YTV2_DUMP: [74] parent=66 id=null text='null' desc='null' bounds=(33,511,530,1256) class=android.view.ViewGroup
         1789127313.086 20544 20544 D YTV2_DUMP: [75] parent=67 id=com.google.android.youtube:id/subtitle text='null' desc='null' bounds=(33,511,530,1180) class=android.widget.FrameLayout
         1789127313.086 20544 20544 D YTV2_DUMP: [76] parent=67 id=com.google.android.youtube:id/status_bar text='null' desc='null' bounds=(508,1179,530,1256) class=android.widget.LinearLayout
         1789127313.086 20544 20544 D YTV2_DUMP: [77] parent=69 id=null text='null' desc='null' bounds=(0,104,816,236) class=android.widget.FrameLayout
         1789127313.086 20544 20544 D YTV2_DUMP: [78] parent=69 id=null text='null' desc='null' bounds=(816,104,1080,236) class=android.support.v7.widget.LinearLayoutCompat
         1789127313.086 20544 20544 D YTV2_DUMP: [79] parent=70 id=null text='null' desc='Explore menu' bounds=(33,258,149,346) class=android.widget.Button
         1789127313.086 20544 20544 D YTV2_DUMP: [80] parent=70 id=null text='null' desc='null' bounds=(171,258,171,346) class=android.view.View
         1789127313.086 20544 20544 D YTV2_DUMP: [81] parent=70 id=null text='null' desc='null' bounds=(193,258,310,346) class=android.widget.LinearLayout
         1789127313.086 20544 20544 D YTV2_DUMP: [82] parent=70 id=null text='null' desc='null' bounds=(332,258,515,346) class=android.widget.LinearLayout
         1789127313.086 20544 20544 D YTV2_DUMP: [83] parent=70 id=null text='null' desc='null' bounds=(537,258,784,346) class=android.widget.LinearLayout
         1789127313.086 20544 20544 D YTV2_DUMP: [84] parent=70 id=null text='null' desc='null' bounds=(806,258,986,346) class=android.widget.LinearLayout
         1789127313.086 20544 20544 D YTV2_DUMP: [85] parent=70 id=null text='null' desc='null' bounds=(1008,258,1080,346) class=android.widget.LinearLayout
         1789127313.087 20544 20544 D YTV2_DUMP: [86] parent=70 id=null text='null' desc='null' bounds=(1378,258,1080,346) class=android.widget.LinearLayout
         1789127313.087 20544 20544 D YTV2_DUMP: [87] parent=71 id=com.google.android.youtube:id/results text='null' desc='null' bounds=(0,368,1080,2198) class=android.support.v7.widget.RecyclerView
         1789127313.087 20544 20544 D YTV2_DUMP: [88] parent=72 id=null text='null' desc='null' bounds=(33,511,530,1256) class=android.view.View
         1789127313.087 20544 20544 D YTV2_DUMP: [89] parent=72 id=null text='null' desc='null' bounds=(33,511,530,1256) class=android.view.View
         1789127313.087 20544 20544 D YTV2_DUMP: [90] parent=76 id=com.google.android.youtube:id/autoplay_loading_view_container text='null' desc='null' bounds=(508,1231,508,1231) class=android.widget.FrameLayout
         1789127313.087 20544 20544 D YTV2_DUMP: [91] parent=77 id=com.google.android.youtube:id/youtube_logo text='null' desc='YouTube' bounds=(0,104,336,236) class=android.widget.ImageView
         1789127313.087 20544 20544 D YTV2_DUMP: [92] parent=78 id=com.google.android.youtube:id/menu_item_0 text='null' desc='null' bounds=(816,104,948,236) class=android.widget.FrameLayout
         1789127313.087 20544 20544 D YTV2_DUMP: [93] parent=78 id=com.google.android.youtube:id/menu_item_1 text='null' desc='null' bounds=(948,104,1080,236) class=android.widget.FrameLayout
         1789127313.087 20544 20544 D YTV2_DUMP: [94] parent=79 id=null text='null' desc='null' bounds=(58,269,124,335) class=android.widget.ImageView
         1789127313.087 20544 20544 D YTV2_DUMP: [95] parent=81 id=com.google.android.youtube:id/chip_cloud_chip_modern_text text='All' desc='null' bounds=(193,258,310,346) class=android.widget.TextView
         1789127313.087 20544 20544 D YTV2_DUMP: [96] parent=82 id=com.google.android.youtube:id/chip_cloud_chip_modern_text text='Music' desc='null' bounds=(332,258,515,346) class=android.widget.TextView
         1789127313.087 20544 20544 D YTV2_DUMP: [97] parent=83 id=com.google.android.youtube:id/chip_cloud_chip_modern_text text='Podcasts' desc='null' bounds=(537,258,784,346) class=android.widget.TextView
         1789127313.087 20544 20544 D YTV2_DUMP: [98] parent=84 id=com.google.android.youtube:id/chip_cloud_chip_modern_text text='Mixes' desc='null' bounds=(806,258,986,346) class=android.widget.TextView
         1789127313.087 20544 20544 D YTV2_DUMP: [99] parent=85 id=com.google.android.youtube:id/chip_cloud_chip_modern_text text='Comedy clubs' desc='null' bounds=(1008,258,1080,346) class=android.widget.TextView
         1789127313.087 20544 20544 D YTV2_DUMP: [100] parent=86 id=com.google.android.youtube:id/chip_cloud_chip_modern_text text='Combined Graduate Level Examination' desc='null' bounds=(1378,258,1080,346) class=android.widget.TextView
         1789127313.087 20544 20544 D YTV2_DUMP: [101] parent=87 id=null text='null' desc='null' bounds=(0,368,1080,511) class=android.view.ViewGroup
         1789127313.087 20544 20544 D YTV2_DUMP: [102] parent=87 id=null text='null' desc='null' bounds=(0,511,1080,1256) class=android.view.ViewGroup
         1789127313.087 20544 20544 D YTV2_DUMP: [103] parent=87 id=null text='null' desc='null' bounds=(0,1256,1080,1319) class=android.view.ViewGroup
         1789127313.088 20544 20544 D YTV2_DUMP: [104] parent=87 id=null text='null' desc='Sponsored – Applied AI & Machine Learning
         1789127313.088 20544 20544 D YTV2_DUMP: Earn an executive AI certificate from IIT Kharagpur - live online, 8 months.
         1789127313.088 20544 20544 D YTV2_DUMP: IIT KGP – Apply now - Link opens in new window' bounds=(0,1341,1080,2198) class=android.widget.Button
         1789127313.088 20544 20544 D YTV2_DUMP: [105] parent=92 id=null text='null' desc='null' bounds=(816,104,948,236) class=android.view.ViewGroup
         1789127313.088 20544 20544 D YTV2_DUMP: [106] parent=93 id=null text='null' desc='null' bounds=(948,104,1080,236) class=android.view.ViewGroup
         1789127313.088 20544 20544 D YTV2_DUMP: [107] parent=101 id=null text='null' desc='null' bounds=(0,368,1080,511) class=android.view.ViewGroup
         1789127313.088 20544 20544 D YTV2_DUMP: [108] parent=102 id=null text='null' desc='null' bounds=(0,511,540,1256) class=android.view.ViewGroup
         1789127313.088 20544 20544 D YTV2_DUMP: [109] parent=102 id=null text='null' desc='null' bounds=(540,511,1080,1256) class=android.view.ViewGroup
         1789127313.088 20544 20544 D YTV2_DUMP: [110] parent=104 id=null text='null' desc='null' bounds=(0,1341,1080,2198) class=android.view.ViewGroup
         1789127313.088 20544 20544 D YTV2_DUMP: [111] parent=104 id=null text='null' desc='null' bounds=(0,1341,1080,2198) class=android.view.ViewGroup
         1789127313.088 20544 20544 D YTV2_DUMP: [112] parent=105 id=com.google.android.youtube:id/menu_item_view text='null' desc='Notifications' bounds=(816,104,948,236) class=android.widget.ImageView
         1789127313.088 20544 20544 D YTV2_DUMP: [113] parent=106 id=com.google.android.youtube:id/menu_item_view text='null' desc='Search' bounds=(948,104,1080,236) class=android.widget.ImageView
         1789127313.088 20544 20544 D YTV2_DUMP: [114] parent=107 id=null text='null' desc='null' bounds=(44,390,143,489) class=android.widget.ImageView
         1789127313.088 20544 20544 D YTV2_DUMP: [115] parent=107 id=null text='null' desc='Shorts' bounds=(176,408,339,472) class=android.view.ViewGroup
         1789127313.088 20544 20544 D YTV2_DUMP: [116] parent=107 id=null text='null' desc='Action menu' bounds=(970,407,1036,473) class=android.widget.Button
         1789127313.088 20544 20544 D YTV2_DUMP: [117] parent=108 id=null text='null' desc='Gucci ft. ravikishan & Sharvari ❤️‍🔥… – play Short' bounds=(33,511,530,1256) class=android.widget.Button
         1789127313.089 20544 20544 D YTV2_DUMP: [118] parent=109 id=null text='null' desc='LIVE FROM THE HIMALAYAS – play Short' bounds=(550,511,1047,1256) class=android.widget.Button
         1789127313.089 20544 20544 D YTV2_DUMP: [119] parent=111 id=null text='null' desc='null' bounds=(0,1341,1080,2198) class=android.widget.ImageView
         1789127313.089 20544 20544 D YTV2_DUMP: [120] parent=115 id=null text='Shorts' desc='Shorts' bounds=(176,408,339,472) class=android.view.ViewGroup
         1789127313.089 20544 20544 D YTV2_DUMP: [121] parent=117 id=null text='null' desc='null' bounds=(33,511,530,1256) class=android.view.ViewGroup
         1789127313.089 20544 20544 D YTV2_DUMP: [122] parent=118 id=null text='null' desc='null' bounds=(550,511,1047,1256) class=android.view.ViewGroup
         1789127313.089 20544 20544 D YTV2_DUMP: [123] parent=121 id=null text='null' desc='null' bounds=(33,511,530,1256) class=android.widget.ImageView
         1789127313.089 20544 20544 D YTV2_DUMP: [124] parent=121 id=null text='null' desc='null' bounds=(33,511,530,1256) class=android.view.ViewGroup
         1789127313.089 20544 20544 D YTV2_DUMP: [125] parent=121 id=null text='null' desc='null' bounds=(420,511,530,621) class=android.view.ViewGroup
         1789127313.089 20544 20544 D YTV2_DUMP: [126] parent=121 id=null text='null' desc='null' bounds=(33,1119,530,1256) class=android.view.ViewGroup
         1789127313.089 20544 20544 D YTV2_DUMP: [127] parent=122 id=null text='null' desc='null' bounds=(550,511,1047,1256) class=android.widget.ImageView
         1789127313.089 20544 20544 D YTV2_DUMP: [128] parent=122 id=null text='null' desc='null' bounds=(550,511,1047,1256) class=android.view.ViewGroup
         1789127313.089 20544 20544 D YTV2_DUMP: [129] parent=122 id=null text='null' desc='null' bounds=(937,511,1047,621) class=android.view.ViewGroup
         1789127313.089 20544 20544 D YTV2_DUMP: [130] parent=122 id=null text='null' desc='null' bounds=(550,1119,1047,1256) class=android.view.ViewGroup
         1789127313.089 20544 20544 D YTV2_DUMP: [131] parent=124 id=null text='null' desc='null' bounds=(33,511,530,1256) class=android.widget.ImageView
         1789127313.089 20544 20544 D YTV2_DUMP: [132] parent=124 id=null text='null' desc='null' bounds=(33,511,530,1256) class=android.view.ViewGroup
         1789127313.089 20544 20544 D YTV2_DUMP: [133] parent=125 id=null text='null' desc='More actions' bounds=(469,533,519,583) class=android.widget.Button
         1789127313.089 20544 20544 D YTV2_DUMP: [134] parent=126 id=null text='null' desc='null' bounds=(55,1119,508,1234) class=android.view.ViewGroup
         1789127313.089 20544 20544 D YTV2_DUMP: [135] parent=128 id=null text='null' desc='null' bounds=(550,511,1047,1256) class=android.widget.ImageView
         1789127313.089 20544 20544 D YTV2_DUMP: [136] parent=128 id=null text='null' desc='null' bounds=(550,511,1047,1256) class=android.view.ViewGroup
         1789127313.090 20544 20544 D YTV2_DUMP: [137] parent=129 id=null text='null' desc='More actions' bounds=(986,533,1036,583) class=android.widget.Button
         1789127313.090 20544 20544 D YTV2_DUMP: [138] parent=130 id=null text='null' desc='null' bounds=(572,1119,1025,1234) class=android.view.ViewGroup
         1789127313.090 20544 20544 D YTV2_DUMP: [139] parent=132 id=null text='null' desc='null' bounds=(33,511,530,1256) class=android.widget.ImageView
         1789127313.090 20544 20544 D YTV2_DUMP: [140] parent=134 id=null text='null' desc='null' bounds=(55,1119,508,1234) class=android.view.ViewGroup
         1789127313.090 20544 20544 D YTV2_DUMP: [141] parent=136 id=null text='null' desc='null' bounds=(550,511,1047,1256) class=android.widget.ImageView
         1789127313.090 20544 20544 D YTV2_DUMP: [142] parent=138 id=null text='null' desc='null' bounds=(572,1119,1025,1234) class=android.view.ViewGroup
         1789127313.090 20544 20544 D YTV2_DUMP: [143] parent=140 id=null text='Gucci ft. ravikishan & Sharvari ❤️‍🔥…' desc='Gucci ft. ravikishan & Sharvari ❤️‍🔥…' bounds=(55,1119,508,1234) class=android.view.ViewGroup
         1789127313.090 20544 20544 D YTV2_DUMP: [144] parent=142 id=null text='LIVE FROM THE HIMALAYAS' desc='LIVE FROM THE HIMALAYAS' bounds=(572,1119,1025,1234) class=android.view.ViewGroup
         1789127313.100 20544 20544 D YTV2_DUMP: --> PARSED: kind=NON_PLAYBACK watchConfirmed=false title='null' handle='null' display='null' channelId='null'
         1789127315.086 20544 20544 D YTV2_DUMP: [0] parent=null id=null text='null' desc='null' bounds=(0,0,1080,2460) class=android.widget.FrameLayout
         1789127315.086 20544 20544 D YTV2_DUMP: [1] parent=0 id=null text='null' desc='null' bounds=(0,0,1080,2460) class=android.widget.LinearLayout
         1789127315.087 20544 20544 D YTV2_DUMP: [2] parent=0 id=android:id/navigationBarBackground text='null' desc='null' bounds=(0,2330,1080,2460) class=android.view.View
         1789127315.087 20544 20544 D YTV2_DUMP: [3] parent=1 id=null text='null' desc='null' bounds=(0,0,1080,2460) class=android.widget.FrameLayout
         1789127315.087 20544 20544 D YTV2_DUMP: [4] parent=3 id=com.google.android.youtube:id/action_bar_root text='null' desc='null' bounds=(0,0,1080,2460) class=android.widget.LinearLayout
         1789127315.087 20544 20544 D YTV2_DUMP: [5] parent=4 id=android:id/content text='null' desc='null' bounds=(0,0,1080,2460) class=android.widget.FrameLayout
         1789127315.087 20544 20544 D YTV2_DUMP: [6] parent=5 id=com.google.android.youtube:id/more_drawer_container text='null' desc='null' bounds=(0,0,1080,2460) class=androidx.drawerlayout.widget.DrawerLayout
         1789127315.087 20544 20544 D YTV2_DUMP: [7] parent=5 id=com.google.android.youtube:id/reel_time_bar text='null' desc='null' bounds=(0,0,1080,2460) class=android.view.ViewGroup
         1789127315.087 20544 20544 D YTV2_DUMP: [8] parent=6 id=com.google.android.youtube:id/slim_status_bar_player_container text='null' desc='null' bounds=(0,0,1080,2460) class=android.widget.FrameLayout
         1789127315.087 20544 20544 D YTV2_DUMP: [9] parent=8 id=com.google.android.youtube:id/navigation_bar_divider_frame text='null' desc='null' bounds=(0,0,1080,2330) class=android.view.ViewGroup
         1789127315.088 20544 20544 D YTV2_DUMP: [10] parent=8 id=null text='null' desc='null' bounds=(0,0,1080,104) class=android.widget.FrameLayout
         1789127315.088 20544 20544 D YTV2_DUMP: [11] parent=8 id=null text='null' desc='null' bounds=(0,0,3,3) class=android.view.View
         1789127315.088 20544 20544 D YTV2_DUMP: [12] parent=9 id=com.google.android.youtube:id/global_slim_status_bar_container text='null' desc='null' bounds=(0,0,1080,2330) class=android.widget.FrameLayout
         1789127315.088 20544 20544 D YTV2_DUMP: [13] parent=9 id=com.google.android.youtube:id/accessibility_layer_container text='null' desc='null' bounds=(0,0,1080,2330) class=android.widget.FrameLayout
         1789127315.088 20544 20544 D YTV2_DUMP: [14] parent=10 id=com.google.android.youtube:id/global_status_bar_view text='null' desc='null' bounds=(0,0,1080,104) class=android.view.View
         1789127315.088 20544 20544 D YTV2_DUMP: [15] parent=13 id=com.google.android.youtube:id/fullscreen_mode_container text='null' desc='null' bounds=(0,0,1080,0) class=android.widget.FrameLayout
         1789127315.088 20544 20544 D YTV2_DUMP: [16] parent=13 id=com.google.android.youtube:id/next_gen_watch_container_layout text='null' desc='null' bounds=(0,0,1080,2330) class=android.view.ViewGroup
         1789127315.089 20544 20544 D YTV2_DUMP: [17] parent=13 id=com.google.android.youtube:id/bottom_bar_container text='null' desc='null' bounds=(0,2198,1080,2330) class=android.widget.LinearLayout
         1789127315.089 20544 20544 D YTV2_DUMP: [18] parent=16 id=com.google.android.youtube:id/watch_while_layout_coordinator_layout text='null' desc='null' bounds=(0,0,1080,2330) class=android.view.ViewGroup
         1789127315.089 20544 20544 D YTV2_DUMP: [19] parent=17 id=com.google.android.youtube:id/pivot_bar text='null' desc='null' bounds=(0,2198,1080,2330) class=android.widget.HorizontalScrollView
         1789127315.089 20544 20544 D YTV2_DUMP: [20] parent=18 id=com.google.android.youtube:id/fab_container text='null' desc='null' bounds=(0,0,1080,2330) class=android.widget.FrameLayout
         1789127315.089 20544 20544 D YTV2_DUMP: [21] parent=18 id=com.google.android.youtube:id/pane_fragment_container text='null' desc='null' bounds=(0,0,1080,2330) class=android.widget.FrameLayout
         1789127315.089 20544 20544 D YTV2_DUMP: [22] parent=18 id=com.google.android.youtube:id/root_pill_container text='null' desc='null' bounds=(0,2220,1080,2220) class=android.widget.FrameLayout
         1789127315.089 20544 20544 D YTV2_DUMP: [23] parent=18 id=com.google.android.youtube:id/pane_fragment_footer_container text='null' desc='null' bounds=(0,2330,1080,2330) class=android.widget.FrameLayout
         1789127315.090 20544 20544 D YTV2_DUMP: [24] parent=19 id=null text='null' desc='null' bounds=(0,2198,1080,2330) class=android.widget.LinearLayout
         1789127315.090 20544 20544 D YTV2_DUMP: [25] parent=21 id=com.google.android.youtube:id/inline_player_container text='null' desc='null' bounds=(0,0,1080,2198) class=android.view.ViewGroup
         1789127315.090 20544 20544 D YTV2_DUMP: [26] parent=21 id=com.google.android.youtube:id/inline_player_overlay_container text='null' desc='null' bounds=(0,0,1080,2198) class=android.view.ViewGroup
         1789127315.090 20544 20544 D YTV2_DUMP: [27] parent=21 id=com.google.android.youtube:id/browse_fragment_layout_coordinator_layout text='null' desc='null' bounds=(0,0,1080,2198) class=android.widget.ScrollView
         1789127315.090 20544 20544 D YTV2_DUMP: [28] parent=21 id=com.google.android.youtube:id/bar_wrapper text='null' desc='null' bounds=(0,236,1080,269) class=android.widget.FrameLayout
         1789127315.090 20544 20544 D YTV2_DUMP: [29] parent=24 id=null text='null' desc='Home' bounds=(0,2198,216,2330) class=android.widget.Button
         1789127315.090 20544 20544 D YTV2_DUMP: [30] parent=24 id=null text='null' desc='Shorts' bounds=(216,2198,432,2330) class=android.widget.Button
         1789127315.091 20544 20544 D YTV2_DUMP: [31] parent=24 id=null text='null' desc='Create' bounds=(432,2198,648,2330) class=android.widget.Button
         1789127315.091 20544 20544 D YTV2_DUMP: [32] parent=24 id=null text='null' desc='Subscriptions: New content is available' bounds=(648,2198,864,2330) class=android.widget.Button
         1789127315.091 20544 20544 D YTV2_DUMP: [33] parent=24 id=null text='null' desc='You' bounds=(864,2198,1080,2330) class=android.widget.Button
         1789127315.091 20544 20544 D YTV2_DUMP: [34] parent=25 id=com.google.android.youtube:id/player_fragment_container text='null' desc='null' bounds=(33,511,530,1256) class=android.widget.FrameLayout
         1789127315.091 20544 20544 D YTV2_DUMP: [35] parent=26 id=null text='null' desc='null' bounds=(33,511,1080,2198) class=android.widget.FrameLayout
         1789127315.091 20544 20544 D YTV2_DUMP: [36] parent=26 id=com.google.android.youtube:id/player_overlays text='null' desc='null' bounds=(33,511,530,1256) class=android.view.ViewGroup
         1789127315.091 20544 20544 D YTV2_DUMP: [37] parent=27 id=com.google.android.youtube:id/pane_fragment_background_container text='null' desc='null' bounds=(0,0,1080,2198) class=android.widget.FrameLayout
         1789127315.092 20544 20544 D YTV2_DUMP: [38] parent=27 id=com.google.android.youtube:id/appbar_layout text='null' desc='null' bounds=(0,0,1080,368) class=android.widget.LinearLayout
         1789127315.092 20544 20544 D YTV2_DUMP: [39] parent=27 id=com.google.android.youtube:id/pane_fragment_contents text='null' desc='null' bounds=(0,368,1080,2198) class=android.widget.FrameLayout
         1789127315.093 20544 20544 D YTV2_DUMP: [40] parent=29 id=com.google.android.youtube:id/thumbnail_layout text='null' desc='null' bounds=(75,2210,141,2276) class=android.widget.FrameLayout
         1789127315.093 20544 20544 D YTV2_DUMP: [41] parent=29 id=com.google.android.youtube:id/text text='Home' desc='null' bounds=(67,2282,150,2319) class=android.widget.TextView
         1789127315.093 20544 20544 D YTV2_DUMP: [42] parent=30 id=com.google.android.youtube:id/thumbnail_layout text='null' desc='null' bounds=(291,2210,357,2276) class=android.widget.FrameLayout
         1789127315.093 20544 20544 D YTV2_DUMP: [43] parent=30 id=com.google.android.youtube:id/text text='Shorts' desc='null' bounds=(279,2282,369,2319) class=android.widget.TextView
         1789127315.093 20544 20544 D YTV2_DUMP: [44] parent=31 id=com.google.android.youtube:id/image text='null' desc='null' bounds=(491,2216,590,2315) class=android.widget.ImageView
         1789127315.093 20544 20544 D YTV2_DUMP: [45] parent=32 id=com.google.android.youtube:id/thumbnail_layout text='null' desc='null' bounds=(723,2210,789,2276) class=android.widget.FrameLayout
         1789127315.093 20544 20544 D YTV2_DUMP: [46] parent=32 id=com.google.android.youtube:id/new_content_dot text='null' desc='New content available' bounds=(761,2204,794,2237) class=android.view.View
         1789127315.094 20544 20544 D YTV2_DUMP: [47] parent=32 id=com.google.android.youtube:id/text text='Subscriptions' desc='null' bounds=(666,2282,847,2319) class=android.widget.TextView
         1789127315.094 20544 20544 D YTV2_DUMP: [48] parent=33 id=com.google.android.youtube:id/thumbnail_layout text='null' desc='null' bounds=(939,2210,1005,2276) class=android.widget.FrameLayout
         1789127315.094 20544 20544 D YTV2_DUMP: [49] parent=33 id=com.google.android.youtube:id/text text='You' desc='null' bounds=(946,2282,999,2319) class=android.widget.TextView
         1789127315.094 20544 20544 D YTV2_DUMP: [50] parent=34 id=com.google.android.youtube:id/player_view text='null' desc='null' bounds=(33,511,530,1256) class=android.view.ViewGroup
         1789127315.094 20544 20544 D YTV2_DUMP: [51] parent=35 id=com.google.android.youtube:id/inline_playback_time_bar text='null' desc='null' bounds=(49,511,514,1303) class=android.view.ViewGroup
         1789127315.094 20544 20544 D YTV2_DUMP: [52] parent=36 id=com.google.android.youtube:id/player_overlays_custom_views_container text='null' desc='null' bounds=(33,511,530,1256) class=android.widget.FrameLayout
         1789127315.094 20544 20544 D YTV2_DUMP: [53] parent=36 id=null text='null' desc='null' bounds=(33,511,530,1256) class=android.widget.FrameLayout
         1789127315.094 20544 20544 D YTV2_DUMP: [54] parent=36 id=null text='null' desc='null' bounds=(33,511,530,1256) class=android.widget.FrameLayout
         1789127315.094 20544 20544 D YTV2_DUMP: [55] parent=36 id=null text='null' desc='null' bounds=(33,511,530,1256) class=android.widget.FrameLayout
         1789127315.095 20544 20544 D YTV2_DUMP: [56] parent=37 id=com.google.android.youtube:id/pane_fragment_background_alpha_overlay text='null' desc='null' bounds=(0,0,1080,2198) class=android.view.View
         1789127315.095 20544 20544 D YTV2_DUMP: [57] parent=38 id=com.google.android.youtube:id/toolbar_container text='null' desc='null' bounds=(0,0,1080,236) class=android.widget.FrameLayout
         1789127315.095 20544 20544 D YTV2_DUMP: [58] parent=38 id=com.google.android.youtube:id/filter_bar text='null' desc='null' bounds=(0,236,1080,368) class=android.widget.LinearLayout
         1789127315.095 20544 20544 D YTV2_DUMP: [59] parent=39 id=com.google.android.youtube:id/loading_layout text='null' desc='null' bounds=(0,368,1080,2198) class=android.widget.FrameLayout
         1789127315.095 20544 20544 D YTV2_DUMP: [60] parent=40 id=com.google.android.youtube:id/image text='null' desc='null' bounds=(75,2210,141,2276) class=android.widget.ImageView
         1789127315.095 20544 20544 D YTV2_DUMP: [61] parent=42 id=com.google.android.youtube:id/image text='null' desc='null' bounds=(291,2210,357,2276) class=android.widget.ImageView
         1789127315.095 20544 20544 D YTV2_DUMP: [62] parent=45 id=com.google.android.youtube:id/image text='null' desc='null' bounds=(723,2210,789,2276) class=android.widget.ImageView
         1789127315.095 20544 20544 D YTV2_DUMP: [63] parent=48 id=com.google.android.youtube:id/pivot_bar_thumbnail text='null' desc='null' bounds=(939,2210,1005,2276) class=android.widget.ImageView
         1789127315.095 20544 20544 D YTV2_DUMP: [64] parent=50 id=null text='null' desc='null' bounds=(33,511,530,1256) class=android.view.ViewGroup
         1789127315.095 20544 20544 D YTV2_DUMP: [65] parent=53 id=null text='null' desc='null' bounds=(33,511,530,1256) class=android.widget.FrameLayout
         1789127315.095 20544 20544 D YTV2_DUMP: [66] parent=54 id=null text='null' desc='null' bounds=(33,511,530,1256) class=android.widget.FrameLayout
         1789127315.095 20544 20544 D YTV2_DUMP: [67] parent=55 id=null text='null' desc='null' bounds=(33,511,530,1256) class=android.view.ViewGroup
         1789127315.095 20544 20544 D YTV2_DUMP: [68] parent=57 id=com.google.android.youtube:id/collapsing_header_container text='null' desc='null' bounds=(0,104,1080,104) class=android.widget.FrameLayout
         1789127315.095 20544 20544 D YTV2_DUMP: [69] parent=57 id=com.google.android.youtube:id/toolbar text='null' desc='null' bounds=(0,104,1080,236) class=android.view.ViewGroup
         1789127315.095 20544 20544 D YTV2_DUMP: [70] parent=58 id=null text='null' desc='filters' bounds=(0,236,1080,368) class=android.support.v7.widget.RecyclerView
         1789127315.095 20544 20544 D YTV2_DUMP: [71] parent=59 id=null text='null' desc='null' bounds=(0,368,1080,2198) class=android.view.ViewGroup
         1789127315.095 20544 20544 D YTV2_DUMP: [72] parent=64 id=null text='null' desc='null' bounds=(33,511,530,1256) class=android.view.ViewGroup
         1789127315.095 20544 20544 D YTV2_DUMP: [73] parent=65 id=null text='null' desc='null' bounds=(33,511,530,1256) class=android.view.ViewGroup
         1789127315.096 20544 20544 D YTV2_DUMP: [74] parent=66 id=null text='null' desc='null' bounds=(33,511,530,1256) class=android.view.ViewGroup
         1789127315.096 20544 20544 D YTV2_DUMP: [75] parent=67 id=com.google.android.youtube:id/subtitle text='null' desc='null' bounds=(33,511,530,1180) class=android.widget.FrameLayout
         1789127315.096 20544 20544 D YTV2_DUMP: [76] parent=67 id=com.google.android.youtube:id/status_bar text='null' desc='null' bounds=(508,1179,530,1256) class=android.widget.LinearLayout
         1789127315.096 20544 20544 D YTV2_DUMP: [77] parent=69 id=null text='null' desc='null' bounds=(0,104,816,236) class=android.widget.FrameLayout
         1789127315.096 20544 20544 D YTV2_DUMP: [78] parent=69 id=null text='null' desc='null' bounds=(816,104,1080,236) class=android.support.v7.widget.LinearLayoutCompat
         1789127315.096 20544 20544 D YTV2_DUMP: [79] parent=70 id=null text='null' desc='Explore menu' bounds=(33,258,149,346) class=android.widget.Button
         1789127315.096 20544 20544 D YTV2_DUMP: [80] parent=70 id=null text='null' desc='null' bounds=(171,258,171,346) class=android.view.View
         1789127315.096 20544 20544 D YTV2_DUMP: [81] parent=70 id=null text='null' desc='null' bounds=(193,258,310,346) class=android.widget.LinearLayout
         1789127315.096 20544 20544 D YTV2_DUMP: [82] parent=70 id=null text='null' desc='null' bounds=(332,258,515,346) class=android.widget.LinearLayout
         1789127315.096 20544 20544 D YTV2_DUMP: [83] parent=70 id=null text='null' desc='null' bounds=(537,258,784,346) class=android.widget.LinearLayout
         1789127315.096 20544 20544 D YTV2_DUMP: [84] parent=70 id=null text='null' desc='null' bounds=(806,258,986,346) class=android.widget.LinearLayout
         1789127315.096 20544 20544 D YTV2_DUMP: [85] parent=70 id=null text='null' desc='null' bounds=(1008,258,1080,346) class=android.widget.LinearLayout
         1789127315.096 20544 20544 D YTV2_DUMP: [86] parent=70 id=null text='null' desc='null' bounds=(1378,258,1080,346) class=android.widget.LinearLayout
         1789127315.096 20544 20544 D YTV2_DUMP: [87] parent=71 id=com.google.android.youtube:id/results text='null' desc='null' bounds=(0,368,1080,2198) class=android.support.v7.widget.RecyclerView
         1789127315.096 20544 20544 D YTV2_DUMP: [88] parent=72 id=null text='null' desc='null' bounds=(33,511,530,1256) class=android.view.View
         1789127315.097 20544 20544 D YTV2_DUMP: [89] parent=72 id=null text='null' desc='null' bounds=(33,511,530,1256) class=android.view.View
         1789127315.097 20544 20544 D YTV2_DUMP: [90] parent=76 id=com.google.android.youtube:id/autoplay_loading_view_container text='null' desc='null' bounds=(508,1231,508,1231) class=android.widget.FrameLayout
         1789127315.097 20544 20544 D YTV2_DUMP: [91] parent=77 id=com.google.android.youtube:id/youtube_logo text='null' desc='YouTube' bounds=(0,104,336,236) class=android.widget.ImageView
         1789127315.097 20544 20544 D YTV2_DUMP: [92] parent=78 id=com.google.android.youtube:id/menu_item_0 text='null' desc='null' bounds=(816,104,948,236) class=android.widget.FrameLayout
         1789127315.097 20544 20544 D YTV2_DUMP: [93] parent=78 id=com.google.android.youtube:id/menu_item_1 text='null' desc='null' bounds=(948,104,1080,236) class=android.widget.FrameLayout
         1789127315.097 20544 20544 D YTV2_DUMP: [94] parent=79 id=null text='null' desc='null' bounds=(58,269,124,335) class=android.widget.ImageView
         1789127315.097 20544 20544 D YTV2_DUMP: [95] parent=81 id=com.google.android.youtube:id/chip_cloud_chip_modern_text text='All' desc='null' bounds=(193,258,310,346) class=android.widget.TextView
         1789127315.097 20544 20544 D YTV2_DUMP: [96] parent=82 id=com.google.android.youtube:id/chip_cloud_chip_modern_text text='Music' desc='null' bounds=(332,258,515,346) class=android.widget.TextView
         1789127315.097 20544 20544 D YTV2_DUMP: [97] parent=83 id=com.google.android.youtube:id/chip_cloud_chip_modern_text text='Podcasts' desc='null' bounds=(537,258,784,346) class=android.widget.TextView
         1789127315.097 20544 20544 D YTV2_DUMP: [98] parent=84 id=com.google.android.youtube:id/chip_cloud_chip_modern_text text='Mixes' desc='null' bounds=(806,258,986,346) class=android.widget.TextView
         1789127315.097 20544 20544 D YTV2_DUMP: [99] parent=85 id=com.google.android.youtube:id/chip_cloud_chip_modern_text text='Comedy clubs' desc='null' bounds=(1008,258,1080,346) class=android.widget.TextView
         1789127315.097 20544 20544 D YTV2_DUMP: [100] parent=86 id=com.google.android.youtube:id/chip_cloud_chip_modern_text text='Combined Graduate Level Examination' desc='null' bounds=(1378,258,1080,346) class=android.widget.TextView
         1789127315.097 20544 20544 D YTV2_DUMP: [101] parent=87 id=null text='null' desc='null' bounds=(0,368,1080,511) class=android.view.ViewGroup
         1789127315.097 20544 20544 D YTV2_DUMP: [102] parent=87 id=null text='null' desc='null' bounds=(0,511,1080,1256) class=android.view.ViewGroup
         1789127315.097 20544 20544 D YTV2_DUMP: [103] parent=87 id=null text='null' desc='null' bounds=(0,1256,1080,1319) class=android.view.ViewGroup
         1789127315.098 20544 20544 D YTV2_DUMP: [104] parent=87 id=null text='null' desc='Sponsored – Applied AI & Machine Learning
         1789127315.098 20544 20544 D YTV2_DUMP: Earn an executive AI certificate from IIT Kharagpur - live online, 8 months.
         1789127315.098 20544 20544 D YTV2_DUMP: IIT KGP – Apply now - Link opens in new window' bounds=(0,1341,1080,2198) class=android.widget.Button
         1789127315.098 20544 20544 D YTV2_DUMP: [105] parent=92 id=null text='null' desc='null' bounds=(816,104,948,236) class=android.view.ViewGroup
         1789127315.098 20544 20544 D YTV2_DUMP: [106] parent=93 id=null text='null' desc='null' bounds=(948,104,1080,236) class=android.view.ViewGroup
         1789127315.098 20544 20544 D YTV2_DUMP: [107] parent=101 id=null text='null' desc='null' bounds=(0,368,1080,511) class=android.view.ViewGroup
         1789127315.098 20544 20544 D YTV2_DUMP: [108] parent=102 id=null text='null' desc='null' bounds=(0,511,540,1256) class=android.view.ViewGroup
         1789127315.098 20544 20544 D YTV2_DUMP: [109] parent=102 id=null text='null' desc='null' bounds=(540,511,1080,1256) class=android.view.ViewGroup
         1789127315.098 20544 20544 D YTV2_DUMP: [110] parent=104 id=null text='null' desc='null' bounds=(0,1341,1080,2198) class=android.view.ViewGroup
         1789127315.098 20544 20544 D YTV2_DUMP: [111] parent=104 id=null text='null' desc='null' bounds=(0,1341,1080,2198) class=android.view.ViewGroup
         1789127315.098 20544 20544 D YTV2_DUMP: [112] parent=105 id=com.google.android.youtube:id/menu_item_view text='null' desc='Notifications' bounds=(816,104,948,236) class=android.widget.ImageView
         1789127315.098 20544 20544 D YTV2_DUMP: [113] parent=106 id=com.google.android.youtube:id/menu_item_view text='null' desc='Search' bounds=(948,104,1080,236) class=android.widget.ImageView
         1789127315.098 20544 20544 D YTV2_DUMP: [114] parent=107 id=null text='null' desc='null' bounds=(44,390,143,489) class=android.widget.ImageView
         1789127315.099 20544 20544 D YTV2_DUMP: [115] parent=107 id=null text='null' desc='Shorts' bounds=(176,408,339,472) class=android.view.ViewGroup
         1789127315.099 20544 20544 D YTV2_DUMP: [116] parent=107 id=null text='null' desc='Action menu' bounds=(970,407,1036,473) class=android.widget.Button
         1789127315.099 20544 20544 D YTV2_DUMP: [117] parent=108 id=null text='null' desc='Gucci ft. ravikishan & Sharvari ❤️‍🔥… – play Short' bounds=(33,511,530,1256) class=android.widget.Button
         1789127315.099 20544 20544 D YTV2_DUMP: [118] parent=109 id=null text='null' desc='LIVE FROM THE HIMALAYAS – play Short' bounds=(550,511,1047,1256) class=android.widget.Button
         1789127315.099 20544 20544 D YTV2_DUMP: [119] parent=111 id=null text='null' desc='null' bounds=(0,1341,1080,2198) class=android.widget.ImageView
         1789127315.099 20544 20544 D YTV2_DUMP: [120] parent=115 id=null text='Shorts' desc='Shorts' bounds=(176,408,339,472) class=android.view.ViewGroup
         1789127315.099 20544 20544 D YTV2_DUMP: [121] parent=117 id=null text='null' desc='null' bounds=(33,511,530,1256) class=android.view.ViewGroup
         1789127315.099 20544 20544 D YTV2_DUMP: [122] parent=118 id=null text='null' desc='null' bounds=(550,511,1047,1256) class=android.view.ViewGroup
         1789127315.099 20544 20544 D YTV2_DUMP: [123] parent=121 id=null text='null' desc='null' bounds=(33,511,530,1256) class=android.widget.ImageView
         1789127315.099 20544 20544 D YTV2_DUMP: [124] parent=121 id=null text='null' desc='null' bounds=(33,511,530,1256) class=android.view.ViewGroup
         1789127315.099 20544 20544 D YTV2_DUMP: [125] parent=121 id=null text='null' desc='null' bounds=(420,511,530,621) class=android.view.ViewGroup
         1789127315.099 20544 20544 D YTV2_DUMP: [126] parent=121 id=null text='null' desc='null' bounds=(33,1119,530,1256) class=android.view.ViewGroup
         1789127315.099 20544 20544 D YTV2_DUMP: [127] parent=122 id=null text='null' desc='null' bounds=(550,511,1047,1256) class=android.widget.ImageView
         1789127315.099 20544 20544 D YTV2_DUMP: [128] parent=122 id=null text='null' desc='null' bounds=(550,511,1047,1256) class=android.view.ViewGroup
         1789127315.100 20544 20544 D YTV2_DUMP: [129] parent=122 id=null text='null' desc='null' bounds=(937,511,1047,621) class=android.view.ViewGroup
         1789127315.100 20544 20544 D YTV2_DUMP: [130] parent=122 id=null text='null' desc='null' bounds=(550,1119,1047,1256) class=android.view.ViewGroup
         1789127315.100 20544 20544 D YTV2_DUMP: [131] parent=124 id=null text='null' desc='null' bounds=(33,511,530,1256) class=android.widget.ImageView
         1789127315.100 20544 20544 D YTV2_DUMP: [132] parent=124 id=null text='null' desc='null' bounds=(33,511,530,1256) class=android.view.ViewGroup
         1789127315.100 20544 20544 D YTV2_DUMP: [133] parent=125 id=null text='null' desc='More actions' bounds=(469,533,519,583) class=android.widget.Button
         1789127315.100 20544 20544 D YTV2_DUMP: [134] parent=126 id=null text='null' desc='null' bounds=(55,1119,508,1234) class=android.view.ViewGroup
         1789127315.100 20544 20544 D YTV2_DUMP: [135] parent=128 id=null text='null' desc='null' bounds=(550,511,1047,1256) class=android.widget.ImageView
         1789127315.100 20544 20544 D YTV2_DUMP: [136] parent=128 id=null text='null' desc='null' bounds=(550,511,1047,1256) class=android.view.ViewGroup
         1789127315.100 20544 20544 D YTV2_DUMP: [137] parent=129 id=null text='null' desc='More actions' bounds=(986,533,1036,583) class=android.widget.Button
         1789127315.101 20544 20544 D YTV2_DUMP: [138] parent=130 id=null text='null' desc='null' bounds=(572,1119,1025,1234) class=android.view.ViewGroup
         1789127315.101 20544 20544 D YTV2_DUMP: [139] parent=132 id=null text='null' desc='null' bounds=(33,511,530,1256) class=android.widget.ImageView
         1789127315.101 20544 20544 D YTV2_DUMP: [140] parent=134 id=null text='null' desc='null' bounds=(55,1119,508,1234) class=android.view.ViewGroup
         1789127315.101 20544 20544 D YTV2_DUMP: [141] parent=136 id=null text='null' desc='null' bounds=(550,511,1047,1256) class=android.widget.ImageView
         1789127315.101 20544 20544 D YTV2_DUMP: [142] parent=138 id=null text='null' desc='null' bounds=(572,1119,1025,1234) class=android.view.ViewGroup
         1789127315.101 20544 20544 D YTV2_DUMP: [143] parent=140 id=null text='Gucci ft. ravikishan & Sharvari ❤️‍🔥…' desc='Gucci ft. ravikishan & Sharvari ❤️‍🔥…' bounds=(55,1119,508,1234) class=android.view.ViewGroup
         1789127315.101 20544 20544 D YTV2_DUMP: [144] parent=142 id=null text='LIVE FROM THE HIMALAYAS' desc='LIVE FROM THE HIMALAYAS' bounds=(572,1119,1025,1234) class=android.view.ViewGroup
         1789127315.105 20544 20544 D YTV2_DUMP: --> PARSED: kind=NON_PLAYBACK watchConfirmed=false title='null' handle='null' display='null' channelId='null'
         1789127317.080 20544 20544 D YTV2_DUMP: [0] parent=null id=null text='null' desc='null' bounds=(0,0,1080,2460) class=android.widget.FrameLayout
         1789127317.080 20544 20544 D YTV2_DUMP: [1] parent=0 id=null text='null' desc='null' bounds=(0,0,1080,2460) class=android.widget.LinearLayout
         1789127317.080 20544 20544 D YTV2_DUMP: [2] parent=0 id=android:id/navigationBarBackground text='null' desc='null' bounds=(0,2330,1080,2460) class=android.view.View
         1789127317.081 20544 20544 D YTV2_DUMP: [3] parent=1 id=null text='null' desc='null' bounds=(0,0,1080,2460) class=android.widget.FrameLayout
         1789127317.081 20544 20544 D YTV2_DUMP: [4] parent=3 id=com.google.android.youtube:id/action_bar_root text='null' desc='null' bounds=(0,0,1080,2460) class=android.widget.LinearLayout
         1789127317.081 20544 20544 D YTV2_DUMP: [5] parent=4 id=android:id/content text='null' desc='null' bounds=(0,0,1080,2460) class=android.widget.FrameLayout
         1789127317.081 20544 20544 D YTV2_DUMP: [6] parent=5 id=com.google.android.youtube:id/more_drawer_container text='null' desc='null' bounds=(0,0,1080,2460) class=androidx.drawerlayout.widget.DrawerLayout
         1789127317.081 20544 20544 D YTV2_DUMP: [7] parent=5 id=com.google.android.youtube:id/reel_time_bar text='null' desc='null' bounds=(0,0,1080,2460) class=android.view.ViewGroup
         1789127317.081 20544 20544 D YTV2_DUMP: [8] parent=6 id=com.google.android.youtube:id/slim_status_bar_player_container text='null' desc='null' bounds=(0,0,1080,2460) class=android.widget.FrameLayout
         1789127317.081 20544 20544 D YTV2_DUMP: [9] parent=8 id=com.google.android.youtube:id/navigation_bar_divider_frame text='null' desc='null' bounds=(0,0,1080,2330) class=android.view.ViewGroup
         1789127317.081 20544 20544 D YTV2_DUMP: [10] parent=8 id=null text='null' desc='null' bounds=(0,0,1080,104) class=android.widget.FrameLayout
         1789127317.081 20544 20544 D YTV2_DUMP: [11] parent=8 id=null text='null' desc='null' bounds=(0,0,3,3) class=android.view.View
         1789127317.081 20544 20544 D YTV2_DUMP: [12] parent=9 id=com.google.android.youtube:id/global_slim_status_bar_container text='null' desc='null' bounds=(0,0,1080,2330) class=android.widget.FrameLayout
         1789127317.081 20544 20544 D YTV2_DUMP: [13] parent=9 id=com.google.android.youtube:id/accessibility_layer_container text='null' desc='null' bounds=(0,0,1080,2330) class=android.widget.FrameLayout
         1789127317.081 20544 20544 D YTV2_DUMP: [14] parent=10 id=com.google.android.youtube:id/global_status_bar_view text='null' desc='null' bounds=(0,0,1080,104) class=android.view.View
         1789127317.081 20544 20544 D YTV2_DUMP: [15] parent=13 id=com.google.android.youtube:id/fullscreen_mode_container text='null' desc='null' bounds=(0,0,1080,0) class=android.widget.FrameLayout
         1789127317.081 20544 20544 D YTV2_DUMP: [16] parent=13 id=com.google.android.youtube:id/next_gen_watch_container_layout text='null' desc='null' bounds=(0,0,1080,2330) class=android.view.ViewGroup
         1789127317.081 20544 20544 D YTV2_DUMP: [17] parent=13 id=com.google.android.youtube:id/bottom_bar_container text='null' desc='null' bounds=(0,2198,1080,2330) class=android.widget.LinearLayout
         1789127317.081 20544 20544 D YTV2_DUMP: [18] parent=16 id=com.google.android.youtube:id/watch_while_layout_coordinator_layout text='null' desc='null' bounds=(0,0,1080,2330) class=android.view.ViewGroup
         1789127317.081 20544 20544 D YTV2_DUMP: [19] parent=17 id=com.google.android.youtube:id/pivot_bar text='null' desc='null' bounds=(0,2198,1080,2330) class=android.widget.HorizontalScrollView
         1789127317.082 20544 20544 D YTV2_DUMP: [20] parent=18 id=com.google.android.youtube:id/fab_container text='null' desc='null' bounds=(0,0,1080,2330) class=android.widget.FrameLayout
         1789127317.082 20544 20544 D YTV2_DUMP: [21] parent=18 id=com.google.android.youtube:id/pane_fragment_container text='null' desc='null' bounds=(0,0,1080,2330) class=android.widget.FrameLayout
         1789127317.082 20544 20544 D YTV2_DUMP: [22] parent=18 id=com.google.android.youtube:id/root_pill_container text='null' desc='null' bounds=(0,2220,1080,2220) class=android.widget.FrameLayout
         1789127317.082 20544 20544 D YTV2_DUMP: [23] parent=18 id=com.google.android.youtube:id/pane_fragment_footer_container text='null' desc='null' bounds=(0,2330,1080,2330) class=android.widget.FrameLayout
         1789127317.082 20544 20544 D YTV2_DUMP: [24] parent=19 id=null text='null' desc='null' bounds=(0,2198,1080,2330) class=android.widget.LinearLayout
         1789127317.083 20544 20544 D YTV2_DUMP: [25] parent=21 id=com.google.android.youtube:id/inline_player_container text='null' desc='null' bounds=(0,0,1080,2198) class=android.view.ViewGroup
         1789127317.083 20544 20544 D YTV2_DUMP: [26] parent=21 id=com.google.android.youtube:id/inline_player_overlay_container text='null' desc='null' bounds=(0,0,1080,2198) class=android.view.ViewGroup
         1789127317.083 20544 20544 D YTV2_DUMP: [27] parent=21 id=com.google.android.youtube:id/browse_fragment_layout_coordinator_layout text='null' desc='null' bounds=(0,0,1080,2198) class=android.widget.ScrollView
         1789127317.083 20544 20544 D YTV2_DUMP: [28] parent=21 id=com.google.android.youtube:id/bar_wrapper text='null' desc='null' bounds=(0,236,1080,269) class=android.widget.FrameLayout
         1789127317.083 20544 20544 D YTV2_DUMP: [29] parent=24 id=null text='null' desc='Home' bounds=(0,2198,216,2330) class=android.widget.Button
         1789127317.083 20544 20544 D YTV2_DUMP: [30] parent=24 id=null text='null' desc='Shorts' bounds=(216,2198,432,2330) class=android.widget.Button
         1789127317.083 20544 20544 D YTV2_DUMP: [31] parent=24 id=null text='null' desc='Create' bounds=(432,2198,648,2330) class=android.widget.Button
         1789127317.083 20544 20544 D YTV2_DUMP: [32] parent=24 id=null text='null' desc='Subscriptions: New content is available' bounds=(648,2198,864,2330) class=android.widget.Button
         1789127317.084 20544 20544 D YTV2_DUMP: [33] parent=24 id=null text='null' desc='You' bounds=(864,2198,1080,2330) class=android.widget.Button
         1789127317.084 20544 20544 D YTV2_DUMP: [34] parent=25 id=com.google.android.youtube:id/player_fragment_container text='null' desc='null' bounds=(33,511,530,1256) class=android.widget.FrameLayout
         1789127317.084 20544 20544 D YTV2_DUMP: [35] parent=26 id=null text='null' desc='null' bounds=(33,511,1080,2198) class=android.widget.FrameLayout
         1789127317.084 20544 20544 D YTV2_DUMP: [36] parent=26 id=com.google.android.youtube:id/player_overlays text='null' desc='null' bounds=(33,511,530,1256) class=android.view.ViewGroup
         1789127317.084 20544 20544 D YTV2_DUMP: [37] parent=27 id=com.google.android.youtube:id/pane_fragment_background_container text='null' desc='null' bounds=(0,0,1080,2198) class=android.widget.FrameLayout
         1789127317.084 20544 20544 D YTV2_DUMP: [38] parent=27 id=com.google.android.youtube:id/appbar_layout text='null' desc='null' bounds=(0,0,1080,368) class=android.widget.LinearLayout
         1789127317.084 20544 20544 D YTV2_DUMP: [39] parent=27 id=com.google.android.youtube:id/pane_fragment_contents text='null' desc='null' bounds=(0,368,1080,2198) class=android.widget.FrameLayout
         1789127317.085 20544 20544 D YTV2_DUMP: [40] parent=29 id=com.google.android.youtube:id/thumbnail_layout text='null' desc='null' bounds=(75,2210,141,2276) class=android.widget.FrameLayout
         1789127317.085 20544 20544 D YTV2_DUMP: [41] parent=29 id=com.google.android.youtube:id/text text='Home' desc='null' bounds=(67,2282,150,2319) class=android.widget.TextView
         1789127317.085 20544 20544 D YTV2_DUMP: [42] parent=30 id=com.google.android.youtube:id/thumbnail_layout text='null' desc='null' bounds=(291,2210,357,2276) class=android.widget.FrameLayout
         1789127317.085 20544 20544 D YTV2_DUMP: [43] parent=30 id=com.google.android.youtube:id/text text='Shorts' desc='null' bounds=(279,2282,369,2319) class=android.widget.TextView
         1789127317.085 20544 20544 D YTV2_DUMP: [44] parent=31 id=com.google.android.youtube:id/image text='null' desc='null' bounds=(491,2216,590,2315) class=android.widget.ImageView
         1789127317.085 20544 20544 D YTV2_DUMP: [45] parent=32 id=com.google.android.youtube:id/thumbnail_layout text='null' desc='null' bounds=(723,2210,789,2276) class=android.widget.FrameLayout
         1789127317.085 20544 20544 D YTV2_DUMP: [46] parent=32 id=com.google.android.youtube:id/new_content_dot text='null' desc='New content available' bounds=(761,2204,794,2237) class=android.view.View
         1789127317.086 20544 20544 D YTV2_DUMP: [47] parent=32 id=com.google.android.youtube:id/text text='Subscriptions' desc='null' bounds=(666,2282,847,2319) class=android.widget.TextView
         1789127317.086 20544 20544 D YTV2_DUMP: [48] parent=33 id=com.google.android.youtube:id/thumbnail_layout text='null' desc='null' bounds=(939,2210,1005,2276) class=android.widget.FrameLayout
         1789127317.086 20544 20544 D YTV2_DUMP: [49] parent=33 id=com.google.android.youtube:id/text text='You' desc='null' bounds=(946,2282,999,2319) class=android.widget.TextView
         1789127317.086 20544 20544 D YTV2_DUMP: [50] parent=34 id=com.google.android.youtube:id/player_view text='null' desc='null' bounds=(33,511,530,1256) class=android.view.ViewGroup
         1789127317.086 20544 20544 D YTV2_DUMP: [51] parent=35 id=com.google.android.youtube:id/inline_playback_time_bar text='null' desc='null' bounds=(49,511,514,1303) class=android.view.ViewGroup
         1789127317.086 20544 20544 D YTV2_DUMP: [52] parent=36 id=com.google.android.youtube:id/player_overlays_custom_views_container text='null' desc='null' bounds=(33,511,530,1256) class=android.widget.FrameLayout
         1789127317.087 20544 20544 D YTV2_DUMP: [53] parent=36 id=null text='null' desc='null' bounds=(33,511,530,1256) class=android.widget.FrameLayout
         1789127317.087 20544 20544 D YTV2_DUMP: [54] parent=36 id=null text='null' desc='null' bounds=(33,511,530,1256) class=android.widget.FrameLayout
         1789127317.087 20544 20544 D YTV2_DUMP: [55] parent=36 id=null text='null' desc='null' bounds=(33,511,530,1256) class=android.widget.FrameLayout
         1789127317.087 20544 20544 D YTV2_DUMP: [56] parent=37 id=com.google.android.youtube:id/pane_fragment_background_alpha_overlay text='null' desc='null' bounds=(0,0,1080,2198) class=android.view.View
         1789127317.087 20544 20544 D YTV2_DUMP: [57] parent=38 id=com.google.android.youtube:id/toolbar_container text='null' desc='null' bounds=(0,0,1080,236) class=android.widget.FrameLayout
         1789127317.087 20544 20544 D YTV2_DUMP: [58] parent=38 id=com.google.android.youtube:id/filter_bar text='null' desc='null' bounds=(0,236,1080,368) class=android.widget.LinearLayout
         1789127317.087 20544 20544 D YTV2_DUMP: [59] parent=39 id=com.google.android.youtube:id/loading_layout text='null' desc='null' bounds=(0,368,1080,2198) class=android.widget.FrameLayout
         1789127317.088 20544 20544 D YTV2_DUMP: [60] parent=40 id=com.google.android.youtube:id/image text='null' desc='null' bounds=(75,2210,141,2276) class=android.widget.ImageView
         1789127317.088 20544 20544 D YTV2_DUMP: [61] parent=42 id=com.google.android.youtube:id/image text='null' desc='null' bounds=(291,2210,357,2276) class=android.widget.ImageView
         1789127317.088 20544 20544 D YTV2_DUMP: [62] parent=45 id=com.google.android.youtube:id/image text='null' desc='null' bounds=(723,2210,789,2276) class=android.widget.ImageView
         1789127317.088 20544 20544 D YTV2_DUMP: [63] parent=48 id=com.google.android.youtube:id/pivot_bar_thumbnail text='null' desc='null' bounds=(939,2210,1005,2276) class=android.widget.ImageView
         1789127317.088 20544 20544 D YTV2_DUMP: [64] parent=50 id=null text='null' desc='null' bounds=(33,511,530,1256) class=android.view.ViewGroup
         1789127317.088 20544 20544 D YTV2_DUMP: [65] parent=53 id=null text='null' desc='null' bounds=(33,511,530,1256) class=android.widget.FrameLayout
         1789127317.088 20544 20544 D YTV2_DUMP: [66] parent=54 id=null text='null' desc='null' bounds=(33,511,530,1256) class=android.widget.FrameLayout
         1789127317.089 20544 20544 D YTV2_DUMP: [67] parent=55 id=null text='null' desc='null' bounds=(33,511,530,1256) class=android.view.ViewGroup
         1789127317.089 20544 20544 D YTV2_DUMP: [68] parent=57 id=com.google.android.youtube:id/collapsing_header_container text='null' desc='null' bounds=(0,104,1080,104) class=android.widget.FrameLayout
         1789127317.089 20544 20544 D YTV2_DUMP: [69] parent=57 id=com.google.android.youtube:id/toolbar text='null' desc='null' bounds=(0,104,1080,236) class=android.view.ViewGroup
         1789127317.089 20544 20544 D YTV2_DUMP: [70] parent=58 id=null text='null' desc='filters' bounds=(0,236,1080,368) class=android.support.v7.widget.RecyclerView
         1789127317.089 20544 20544 D YTV2_DUMP: [71] parent=59 id=null text='null' desc='null' bounds=(0,368,1080,2198) class=android.view.ViewGroup
         1789127317.089 20544 20544 D YTV2_DUMP: [72] parent=64 id=null text='null' desc='null' bounds=(33,511,530,1256) class=android.view.ViewGroup
         1789127317.089 20544 20544 D YTV2_DUMP: [73] parent=65 id=null text='null' desc='null' bounds=(33,511,530,1256) class=android.view.ViewGroup
         1789127317.089 20544 20544 D YTV2_DUMP: [74] parent=66 id=null text='null' desc='null' bounds=(33,511,530,1256) class=android.view.ViewGroup
         1789127317.090 20544 20544 D YTV2_DUMP: [75] parent=67 id=com.google.android.youtube:id/subtitle text='null' desc='null' bounds=(33,511,530,1180) class=android.widget.FrameLayout
         1789127317.090 20544 20544 D YTV2_DUMP: [76] parent=67 id=com.google.android.youtube:id/status_bar text='null' desc='null' bounds=(508,1179,530,1256) class=android.widget.LinearLayout
         1789127317.090 20544 20544 D YTV2_DUMP: [77] parent=69 id=null text='null' desc='null' bounds=(0,104,816,236) class=android.widget.FrameLayout
         1789127317.090 20544 20544 D YTV2_DUMP: [78] parent=69 id=null text='null' desc='null' bounds=(816,104,1080,236) class=android.support.v7.widget.LinearLayoutCompat
         1789127317.090 20544 20544 D YTV2_DUMP: [79] parent=70 id=null text='null' desc='Explore menu' bounds=(33,258,149,346) class=android.widget.Button
         1789127317.090 20544 20544 D YTV2_DUMP: [80] parent=70 id=null text='null' desc='null' bounds=(171,258,171,346) class=android.view.View
         1789127317.091 20544 20544 D YTV2_DUMP: [81] parent=70 id=null text='null' desc='null' bounds=(193,258,310,346) class=android.widget.LinearLayout
         1789127317.091 20544 20544 D YTV2_DUMP: [82] parent=70 id=null text='null' desc='null' bounds=(332,258,515,346) class=android.widget.LinearLayout
         1789127317.091 20544 20544 D YTV2_DUMP: [83] parent=70 id=null text='null' desc='null' bounds=(537,258,784,346) class=android.widget.LinearLayout
         1789127317.091 20544 20544 D YTV2_DUMP: [84] parent=70 id=null text='null' desc='null' bounds=(806,258,986,346) class=android.widget.LinearLayout
         1789127317.091 20544 20544 D YTV2_DUMP: [85] parent=70 id=null text='null' desc='null' bounds=(1008,258,1080,346) class=android.widget.LinearLayout
         1789127317.091 20544 20544 D YTV2_DUMP: [86] parent=70 id=null text='null' desc='null' bounds=(1378,258,1080,346) class=android.widget.LinearLayout
         1789127317.091 20544 20544 D YTV2_DUMP: [87] parent=71 id=com.google.android.youtube:id/results text='null' desc='null' bounds=(0,368,1080,2198) class=android.support.v7.widget.RecyclerView
         1789127317.092 20544 20544 D YTV2_DUMP: [88] parent=72 id=null text='null' desc='null' bounds=(33,511,530,1256) class=android.view.View
         1789127317.092 20544 20544 D YTV2_DUMP: [89] parent=72 id=null text='null' desc='null' bounds=(33,511,530,1256) class=android.view.View
         1789127317.092 20544 20544 D YTV2_DUMP: [90] parent=76 id=com.google.android.youtube:id/autoplay_loading_view_container text='null' desc='null' bounds=(508,1231,508,1231) class=android.widget.FrameLayout
         1789127317.092 20544 20544 D YTV2_DUMP: [91] parent=77 id=com.google.android.youtube:id/youtube_logo text='null' desc='YouTube' bounds=(0,104,336,236) class=android.widget.ImageView
         1789127317.092 20544 20544 D YTV2_DUMP: [92] parent=78 id=com.google.android.youtube:id/menu_item_0 text='null' desc='null' bounds=(816,104,948,236) class=android.widget.FrameLayout
         1789127317.092 20544 20544 D YTV2_DUMP: [93] parent=78 id=com.google.android.youtube:id/menu_item_1 text='null' desc='null' bounds=(948,104,1080,236) class=android.widget.FrameLayout
         1789127317.093 20544 20544 D YTV2_DUMP: [94] parent=79 id=null text='null' desc='null' bounds=(58,269,124,335) class=android.widget.ImageView
         1789127317.093 20544 20544 D YTV2_DUMP: [95] parent=81 id=com.google.android.youtube:id/chip_cloud_chip_modern_text text='All' desc='null' bounds=(193,258,310,346) class=android.widget.TextView
         1789127317.093 20544 20544 D YTV2_DUMP: [96] parent=82 id=com.google.android.youtube:id/chip_cloud_chip_modern_text text='Music' desc='null' bounds=(332,258,515,346) class=android.widget.TextView
         1789127317.093 20544 20544 D YTV2_DUMP: [97] parent=83 id=com.google.android.youtube:id/chip_cloud_chip_modern_text text='Podcasts' desc='null' bounds=(537,258,784,346) class=android.widget.TextView
         1789127317.093 20544 20544 D YTV2_DUMP: [98] parent=84 id=com.google.android.youtube:id/chip_cloud_chip_modern_text text='Mixes' desc='null' bounds=(806,258,986,346) class=android.widget.TextView
         1789127317.093 20544 20544 D YTV2_DUMP: [99] parent=85 id=com.google.android.youtube:id/chip_cloud_chip_modern_text text='Comedy clubs' desc='null' bounds=(1008,258,1080,346) class=android.widget.TextView
         1789127317.093 20544 20544 D YTV2_DUMP: [100] parent=86 id=com.google.android.youtube:id/chip_cloud_chip_modern_text text='Combined Graduate Level Examination' desc='null' bounds=(1378,258,1080,346) class=android.widget.TextView
         1789127317.093 20544 20544 D YTV2_DUMP: [101] parent=87 id=null text='null' desc='null' bounds=(0,368,1080,511) class=android.view.ViewGroup
         1789127317.093 20544 20544 D YTV2_DUMP: [102] parent=87 id=null text='null' desc='null' bounds=(0,511,1080,1256) class=android.view.ViewGroup
         1789127317.094 20544 20544 D YTV2_DUMP: [103] parent=87 id=null text='null' desc='null' bounds=(0,1256,1080,1319) class=android.view.ViewGroup
         1789127317.094 20544 20544 D YTV2_DUMP: [104] parent=87 id=null text='null' desc='Sponsored – Applied AI & Machine Learning
         1789127317.094 20544 20544 D YTV2_DUMP: Earn an executive AI certificate from IIT Kharagpur - live online, 8 months.
         1789127317.094 20544 20544 D YTV2_DUMP: IIT KGP – Apply now - Link opens in new window' bounds=(0,1341,1080,2198) class=android.widget.Button
         1789127317.094 20544 20544 D YTV2_DUMP: [105] parent=92 id=null text='null' desc='null' bounds=(816,104,948,236) class=android.view.ViewGroup
         1789127317.094 20544 20544 D YTV2_DUMP: [106] parent=93 id=null text='null' desc='null' bounds=(948,104,1080,236) class=android.view.ViewGroup
         1789127317.095 20544 20544 D YTV2_DUMP: [107] parent=101 id=null text='null' desc='null' bounds=(0,368,1080,511) class=android.view.ViewGroup
         1789127317.095 20544 20544 D YTV2_DUMP: [108] parent=102 id=null text='null' desc='null' bounds=(0,511,540,1256) class=android.view.ViewGroup
         1789127317.095 20544 20544 D YTV2_DUMP: [109] parent=102 id=null text='null' desc='null' bounds=(540,511,1080,1256) class=android.view.ViewGroup
         1789127317.095 20544 20544 D YTV2_DUMP: [110] parent=104 id=null text='null' desc='null' bounds=(0,1341,1080,2198) class=android.view.ViewGroup
         1789127317.095 20544 20544 D YTV2_DUMP: [111] parent=104 id=null text='null' desc='null' bounds=(0,1341,1080,2198) class=android.view.ViewGroup
         1789127317.095 20544 20544 D YTV2_DUMP: [112] parent=105 id=com.google.android.youtube:id/menu_item_view text='null' desc='Notifications' bounds=(816,104,948,236) class=android.widget.ImageView
         1789127317.095 20544 20544 D YTV2_DUMP: [113] parent=106 id=com.google.android.youtube:id/menu_item_view text='null' desc='Search' bounds=(948,104,1080,236) class=android.widget.ImageView
         1789127317.096 20544 20544 D YTV2_DUMP: [114] parent=107 id=null text='null' desc='null' bounds=(44,390,143,489) class=android.widget.ImageView
         1789127317.096 20544 20544 D YTV2_DUMP: [115] parent=107 id=null text='null' desc='Shorts' bounds=(176,408,339,472) class=android.view.ViewGroup
         1789127317.096 20544 20544 D YTV2_DUMP: [116] parent=107 id=null text='null' desc='Action menu' bounds=(970,407,1036,473) class=android.widget.Button
         1789127317.096 20544 20544 D YTV2_DUMP: [117] parent=108 id=null text='null' desc='Gucci ft. ravikishan & Sharvari ❤️‍🔥… – play Short' bounds=(33,511,530,1256) class=android.widget.Button
         1789127317.096 20544 20544 D YTV2_DUMP: [118] parent=109 id=null text='null' desc='LIVE FROM THE HIMALAYAS – play Short' bounds=(550,511,1047,1256) class=android.widget.Button
         1789127317.096 20544 20544 D YTV2_DUMP: [119] parent=111 id=null text='null' desc='null' bounds=(0,1341,1080,2198) class=android.widget.ImageView
         1789127317.096 20544 20544 D YTV2_DUMP: [120] parent=115 id=null text='Shorts' desc='Shorts' bounds=(176,408,339,472) class=android.view.ViewGroup
         1789127317.096 20544 20544 D YTV2_DUMP: [121] parent=117 id=null text='null' desc='null' bounds=(33,511,530,1256) class=android.view.ViewGroup
         1789127317.097 20544 20544 D YTV2_DUMP: [122] parent=118 id=null text='null' desc='null' bounds=(550,511,1047,1256) class=android.view.ViewGroup
         1789127317.097 20544 20544 D YTV2_DUMP: [123] parent=121 id=null text='null' desc='null' bounds=(33,511,530,1256) class=android.widget.ImageView
         1789127317.097 20544 20544 D YTV2_DUMP: [124] parent=121 id=null text='null' desc='null' bounds=(33,511,530,1256) class=android.view.ViewGroup
         1789127317.097 20544 20544 D YTV2_DUMP: [125] parent=121 id=null text='null' desc='null' bounds=(420,511,530,621) class=android.view.ViewGroup
         1789127317.097 20544 20544 D YTV2_DUMP: [126] parent=121 id=null text='null' desc='null' bounds=(33,1119,530,1256) class=android.view.ViewGroup
         1789127317.097 20544 20544 D YTV2_DUMP: [127] parent=122 id=null text='null' desc='null' bounds=(550,511,1047,1256) class=android.widget.ImageView
         1789127317.097 20544 20544 D YTV2_DUMP: [128] parent=122 id=null text='null' desc='null' bounds=(550,511,1047,1256) class=android.view.ViewGroup
         1789127317.097 20544 20544 D YTV2_DUMP: [129] parent=122 id=null text='null' desc='null' bounds=(937,511,1047,621) class=android.view.ViewGroup
         1789127317.098 20544 20544 D YTV2_DUMP: [130] parent=122 id=null text='null' desc='null' bounds=(550,1119,1047,1256) class=android.view.ViewGroup
         1789127317.098 20544 20544 D YTV2_DUMP: [131] parent=124 id=null text='null' desc='null' bounds=(33,511,530,1256) class=android.widget.ImageView
         1789127317.098 20544 20544 D YTV2_DUMP: [132] parent=124 id=null text='null' desc='null' bounds=(33,511,530,1256) class=android.view.ViewGroup
         1789127317.098 20544 20544 D YTV2_DUMP: [133] parent=125 id=null text='null' desc='More actions' bounds=(469,533,519,583) class=android.widget.Button
         1789127317.098 20544 20544 D YTV2_DUMP: [134] parent=126 id=null text='null' desc='null' bounds=(55,1119,508,1234) class=android.view.ViewGroup
         1789127317.099 20544 20544 D YTV2_DUMP: [135] parent=128 id=null text='null' desc='null' bounds=(550,511,1047,1256) class=android.widget.ImageView
         1789127317.099 20544 20544 D YTV2_DUMP: [136] parent=128 id=null text='null' desc='null' bounds=(550,511,1047,1256) class=android.view.ViewGroup
         1789127317.099 20544 20544 D YTV2_DUMP: [137] parent=129 id=null text='null' desc='More actions' bounds=(986,533,1036,583) class=android.widget.Button
         1789127317.099 20544 20544 D YTV2_DUMP: [138] parent=130 id=null text='null' desc='null' bounds=(572,1119,1025,1234) class=android.view.ViewGroup
         1789127317.099 20544 20544 D YTV2_DUMP: [139] parent=132 id=null text='null' desc='null' bounds=(33,511,530,1256) class=android.widget.ImageView
         1789127317.099 20544 20544 D YTV2_DUMP: [140] parent=134 id=null text='null' desc='null' bounds=(55,1119,508,1234) class=android.view.ViewGroup
         1789127317.099 20544 20544 D YTV2_DUMP: [141] parent=136 id=null text='null' desc='null' bounds=(550,511,1047,1256) class=android.widget.ImageView
         1789127317.099 20544 20544 D YTV2_DUMP: [142] parent=138 id=null text='null' desc='null' bounds=(572,1119,1025,1234) class=android.view.ViewGroup
         1789127317.100 20544 20544 D YTV2_DUMP: [143] parent=140 id=null text='Gucci ft. ravikishan & Sharvari ❤️‍🔥…' desc='Gucci ft. ravikishan & Sharvari ❤️‍🔥…' bounds=(55,1119,508,1234) class=android.view.ViewGroup
         1789127317.100 20544 20544 D YTV2_DUMP: [144] parent=142 id=null text='LIVE FROM THE HIMALAYAS' desc='LIVE FROM THE HIMALAYAS' bounds=(572,1119,1025,1234) class=android.view.ViewGroup
         1789127317.105 20544 20544 D YTV2_DUMP: --> PARSED: kind=NON_PLAYBACK watchConfirmed=false title='null' handle='null' display='null' channelId='null'
         1789127319.086 20544 20544 D YTV2_DUMP: [0] parent=null id=null text='null' desc='null' bounds=(0,0,1080,2460) class=android.widget.FrameLayout
         1789127319.086 20544 20544 D YTV2_DUMP: [1] parent=0 id=null text='null' desc='null' bounds=(0,0,1080,2460) class=android.widget.LinearLayout
         1789127319.086 20544 20544 D YTV2_DUMP: [2] parent=0 id=android:id/navigationBarBackground text='null' desc='null' bounds=(0,2330,1080,2460) class=android.view.View
         1789127319.086 20544 20544 D YTV2_DUMP: [3] parent=1 id=null text='null' desc='null' bounds=(0,0,1080,2460) class=android.widget.FrameLayout
         1789127319.086 20544 20544 D YTV2_DUMP: [4] parent=3 id=com.google.android.youtube:id/action_bar_root text='null' desc='null' bounds=(0,0,1080,2460) class=android.widget.LinearLayout
         1789127319.086 20544 20544 D YTV2_DUMP: [5] parent=4 id=android:id/content text='null' desc='null' bounds=(0,0,1080,2460) class=android.widget.FrameLayout
         1789127319.086 20544 20544 D YTV2_DUMP: [6] parent=5 id=com.google.android.youtube:id/more_drawer_container text='null' desc='null' bounds=(0,0,1080,2460) class=androidx.drawerlayout.widget.DrawerLayout
         1789127319.086 20544 20544 D YTV2_DUMP: [7] parent=5 id=com.google.android.youtube:id/reel_time_bar text='null' desc='null' bounds=(0,0,1080,2460) class=android.view.ViewGroup
         1789127319.086 20544 20544 D YTV2_DUMP: [8] parent=6 id=com.google.android.youtube:id/slim_status_bar_player_container text='null' desc='null' bounds=(0,0,1080,2460) class=android.widget.FrameLayout
         1789127319.086 20544 20544 D YTV2_DUMP: [9] parent=8 id=com.google.android.youtube:id/navigation_bar_divider_frame text='null' desc='null' bounds=(0,0,1080,2330) class=android.view.ViewGroup
         1789127319.087 20544 20544 D YTV2_DUMP: [10] parent=8 id=null text='null' desc='null' bounds=(0,0,1080,104) class=android.widget.FrameLayout
         1789127319.087 20544 20544 D YTV2_DUMP: [11] parent=8 id=null text='null' desc='null' bounds=(0,0,3,3) class=android.view.View
         1789127319.087 20544 20544 D YTV2_DUMP: [12] parent=9 id=com.google.android.youtube:id/global_slim_status_bar_container text='null' desc='null' bounds=(0,0,1080,2330) class=android.widget.FrameLayout
         1789127319.087 20544 20544 D YTV2_DUMP: [13] parent=9 id=com.google.android.youtube:id/accessibility_layer_container text='null' desc='null' bounds=(0,0,1080,2330) class=android.widget.FrameLayout
         1789127319.087 20544 20544 D YTV2_DUMP: [14] parent=10 id=com.google.android.youtube:id/global_status_bar_view text='null' desc='null' bounds=(0,0,1080,104) class=android.view.View
         1789127319.087 20544 20544 D YTV2_DUMP: [15] parent=13 id=com.google.android.youtube:id/fullscreen_mode_container text='null' desc='null' bounds=(0,0,1080,0) class=android.widget.FrameLayout
         1789127319.087 20544 20544 D YTV2_DUMP: [16] parent=13 id=com.google.android.youtube:id/next_gen_watch_container_layout text='null' desc='null' bounds=(0,0,1080,2330) class=android.view.ViewGroup
         1789127319.087 20544 20544 D YTV2_DUMP: [17] parent=13 id=com.google.android.youtube:id/bottom_bar_container text='null' desc='null' bounds=(0,2198,1080,2330) class=android.widget.LinearLayout
         1789127319.088 20544 20544 D YTV2_DUMP: [18] parent=16 id=com.google.android.youtube:id/watch_while_layout_coordinator_layout text='null' desc='null' bounds=(0,0,1080,2330) class=android.view.ViewGroup
         1789127319.088 20544 20544 D YTV2_DUMP: [19] parent=17 id=com.google.android.youtube:id/pivot_bar text='null' desc='null' bounds=(0,2198,1080,2330) class=android.widget.HorizontalScrollView
         1789127319.088 20544 20544 D YTV2_DUMP: [20] parent=18 id=com.google.android.youtube:id/fab_container text='null' desc='null' bounds=(0,0,1080,2330) class=android.widget.FrameLayout
         1789127319.088 20544 20544 D YTV2_DUMP: [21] parent=18 id=com.google.android.youtube:id/pane_fragment_container text='null' desc='null' bounds=(0,0,1080,2330) class=android.widget.FrameLayout
         1789127319.088 20544 20544 D YTV2_DUMP: [22] parent=18 id=com.google.android.youtube:id/root_pill_container text='null' desc='null' bounds=(0,2220,1080,2220) class=android.widget.FrameLayout
         1789127319.088 20544 20544 D YTV2_DUMP: [23] parent=18 id=com.google.android.youtube:id/pane_fragment_footer_container text='null' desc='null' bounds=(0,2330,1080,2330) class=android.widget.FrameLayout
         1789127319.088 20544 20544 D YTV2_DUMP: [24] parent=19 id=null text='null' desc='null' bounds=(0,2198,1080,2330) class=android.widget.LinearLayout
         1789127319.088 20544 20544 D YTV2_DUMP: [25] parent=21 id=com.google.android.youtube:id/inline_player_container text='null' desc='null' bounds=(0,0,1080,2198) class=android.view.ViewGroup
         1789127319.088 20544 20544 D YTV2_DUMP: [26] parent=21 id=com.google.android.youtube:id/inline_player_overlay_container text='null' desc='null' bounds=(0,0,1080,2198) class=android.view.ViewGroup
         1789127319.088 20544 20544 D YTV2_DUMP: [27] parent=21 id=com.google.android.youtube:id/browse_fragment_layout_coordinator_layout text='null' desc='null' bounds=(0,0,1080,2198) class=android.widget.ScrollView
         1789127319.088 20544 20544 D YTV2_DUMP: [28] parent=21 id=com.google.android.youtube:id/bar_wrapper text='null' desc='null' bounds=(0,236,1080,269) class=android.widget.FrameLayout
         1789127319.088 20544 20544 D YTV2_DUMP: [29] parent=24 id=null text='null' desc='Home' bounds=(0,2198,216,2330) class=android.widget.Button
         1789127319.088 20544 20544 D YTV2_DUMP: [30] parent=24 id=null text='null' desc='Shorts' bounds=(216,2198,432,2330) class=android.widget.Button
         1789127319.088 20544 20544 D YTV2_DUMP: [31] parent=24 id=null text='null' desc='Create' bounds=(432,2198,648,2330) class=android.widget.Button
         1789127319.088 20544 20544 D YTV2_DUMP: [32] parent=24 id=null text='null' desc='Subscriptions: New content is available' bounds=(648,2198,864,2330) class=android.widget.Button
         1789127319.088 20544 20544 D YTV2_DUMP: [33] parent=24 id=null text='null' desc='You' bounds=(864,2198,1080,2330) class=android.widget.Button
         1789127319.089 20544 20544 D YTV2_DUMP: [34] parent=25 id=com.google.android.youtube:id/player_fragment_container text='null' desc='null' bounds=(33,511,530,1256) class=android.widget.FrameLayout
         1789127319.089 20544 20544 D YTV2_DUMP: [35] parent=26 id=null text='null' desc='null' bounds=(33,511,1080,2198) class=android.widget.FrameLayout
         1789127319.089 20544 20544 D YTV2_DUMP: [36] parent=26 id=com.google.android.youtube:id/player_overlays text='null' desc='null' bounds=(33,511,530,1256) class=android.view.ViewGroup
         1789127319.089 20544 20544 D YTV2_DUMP: [37] parent=27 id=com.google.android.youtube:id/pane_fragment_background_container text='null' desc='null' bounds=(0,0,1080,2198) class=android.widget.FrameLayout
         1789127319.089 20544 20544 D YTV2_DUMP: [38] parent=27 id=com.google.android.youtube:id/appbar_layout text='null' desc='null' bounds=(0,0,1080,368) class=android.widget.LinearLayout
         1789127319.089 20544 20544 D YTV2_DUMP: [39] parent=27 id=com.google.android.youtube:id/pane_fragment_contents text='null' desc='null' bounds=(0,368,1080,2198) class=android.widget.FrameLayout
         1789127319.089 20544 20544 D YTV2_DUMP: [40] parent=29 id=com.google.android.youtube:id/thumbnail_layout text='null' desc='null' bounds=(75,2210,141,2276) class=android.widget.FrameLayout
         1789127319.090 20544 20544 D YTV2_DUMP: [41] parent=29 id=com.google.android.youtube:id/text text='Home' desc='null' bounds=(67,2282,150,2319) class=android.widget.TextView
         1789127319.090 20544 20544 D YTV2_DUMP: [42] parent=30 id=com.google.android.youtube:id/thumbnail_layout text='null' desc='null' bounds=(291,2210,357,2276) class=android.widget.FrameLayout
         1789127319.090 20544 20544 D YTV2_DUMP: [43] parent=30 id=com.google.android.youtube:id/text text='Shorts' desc='null' bounds=(279,2282,369,2319) class=android.widget.TextView
         1789127319.090 20544 20544 D YTV2_DUMP: [44] parent=31 id=com.google.android.youtube:id/image text='null' desc='null' bounds=(491,2216,590,2315) class=android.widget.ImageView
         1789127319.090 20544 20544 D YTV2_DUMP: [45] parent=32 id=com.google.android.youtube:id/thumbnail_layout text='null' desc='null' bounds=(723,2210,789,2276) class=android.widget.FrameLayout
         1789127319.090 20544 20544 D YTV2_DUMP: [46] parent=32 id=com.google.android.youtube:id/new_content_dot text='null' desc='New content available' bounds=(761,2204,794,2237) class=android.view.View
         1789127319.091 20544 20544 D YTV2_DUMP: [47] parent=32 id=com.google.android.youtube:id/text text='Subscriptions' desc='null' bounds=(666,2282,847,2319) class=android.widget.TextView
         1789127319.091 20544 20544 D YTV2_DUMP: [48] parent=33 id=com.google.android.youtube:id/thumbnail_layout text='null' desc='null' bounds=(939,2210,1005,2276) class=android.widget.FrameLayout
         1789127319.091 20544 20544 D YTV2_DUMP: [49] parent=33 id=com.google.android.youtube:id/text text='You' desc='null' bounds=(946,2282,999,2319) class=android.widget.TextView
         1789127319.091 20544 20544 D YTV2_DUMP: [50] parent=34 id=com.google.android.youtube:id/player_view text='null' desc='null' bounds=(33,511,530,1256) class=android.view.ViewGroup
         1789127319.091 20544 20544 D YTV2_DUMP: [51] parent=35 id=com.google.android.youtube:id/inline_playback_time_bar text='null' desc='null' bounds=(49,511,514,1303) class=android.view.ViewGroup
         1789127319.091 20544 20544 D YTV2_DUMP: [52] parent=36 id=com.google.android.youtube:id/player_overlays_custom_views_container text='null' desc='null' bounds=(33,511,530,1256) class=android.widget.FrameLayout
         1789127319.091 20544 20544 D YTV2_DUMP: [53] parent=36 id=null text='null' desc='null' bounds=(33,511,530,1256) class=android.widget.FrameLayout
         1789127319.091 20544 20544 D YTV2_DUMP: [54] parent=36 id=null text='null' desc='null' bounds=(33,511,530,1256) class=android.widget.FrameLayout
         1789127319.091 20544 20544 D YTV2_DUMP: [55] parent=36 id=null text='null' desc='null' bounds=(33,511,530,1256) class=android.widget.FrameLayout
         1789127319.091 20544 20544 D YTV2_DUMP: [56] parent=37 id=com.google.android.youtube:id/pane_fragment_background_alpha_overlay text='null' desc='null' bounds=(0,0,1080,2198) class=android.view.View
         1789127319.091 20544 20544 D YTV2_DUMP: [57] parent=38 id=com.google.android.youtube:id/toolbar_container text='null' desc='null' bounds=(0,0,1080,236) class=android.widget.FrameLayout
         1789127319.091 20544 20544 D YTV2_DUMP: [58] parent=38 id=com.google.android.youtube:id/filter_bar text='null' desc='null' bounds=(0,236,1080,368) class=android.widget.LinearLayout
         1789127319.092 20544 20544 D YTV2_DUMP: [59] parent=39 id=com.google.android.youtube:id/loading_layout text='null' desc='null' bounds=(0,368,1080,2198) class=android.widget.FrameLayout
         1789127319.092 20544 20544 D YTV2_DUMP: [60] parent=40 id=com.google.android.youtube:id/image text='null' desc='null' bounds=(75,2210,141,2276) class=android.widget.ImageView
         1789127319.092 20544 20544 D YTV2_DUMP: [61] parent=42 id=com.google.android.youtube:id/image text='null' desc='null' bounds=(291,2210,357,2276) class=android.widget.ImageView
         1789127319.092 20544 20544 D YTV2_DUMP: [62] parent=45 id=com.google.android.youtube:id/image text='null' desc='null' bounds=(723,2210,789,2276) class=android.widget.ImageView
         1789127319.092 20544 20544 D YTV2_DUMP: [63] parent=48 id=com.google.android.youtube:id/pivot_bar_thumbnail text='null' desc='null' bounds=(939,2210,1005,2276) class=android.widget.ImageView
         1789127319.092 20544 20544 D YTV2_DUMP: [64] parent=50 id=null text='null' desc='null' bounds=(33,511,530,1256) class=android.view.ViewGroup
         1789127319.093 20544 20544 D YTV2_DUMP: [65] parent=53 id=null text='null' desc='null' bounds=(33,511,530,1256) class=android.widget.FrameLayout
         1789127319.093 20544 20544 D YTV2_DUMP: [66] parent=54 id=null text='null' desc='null' bounds=(33,511,530,1256) class=android.widget.FrameLayout
         1789127319.093 20544 20544 D YTV2_DUMP: [67] parent=55 id=null text='null' desc='null' bounds=(33,511,530,1256) class=android.view.ViewGroup
         1789127319.093 20544 20544 D YTV2_DUMP: [68] parent=57 id=com.google.android.youtube:id/collapsing_header_container text='null' desc='null' bounds=(0,104,1080,104) class=android.widget.FrameLayout
         1789127319.093 20544 20544 D YTV2_DUMP: [69] parent=57 id=com.google.android.youtube:id/toolbar text='null' desc='null' bounds=(0,104,1080,236) class=android.view.ViewGroup
         1789127319.093 20544 20544 D YTV2_DUMP: [70] parent=58 id=null text='null' desc='filters' bounds=(0,236,1080,368) class=android.support.v7.widget.RecyclerView
         1789127319.094 20544 20544 D YTV2_DUMP: [71] parent=59 id=null text='null' desc='null' bounds=(0,368,1080,2198) class=android.view.ViewGroup
         1789127319.094 20544 20544 D YTV2_DUMP: [72] parent=64 id=null text='null' desc='null' bounds=(33,511,530,1256) class=android.view.ViewGroup
         1789127319.094 20544 20544 D YTV2_DUMP: [73] parent=65 id=null text='null' desc='null' bounds=(33,511,530,1256) class=android.view.ViewGroup
         1789127319.094 20544 20544 D YTV2_DUMP: [74] parent=66 id=null text='null' desc='null' bounds=(33,511,530,1256) class=android.view.ViewGroup
         1789127319.094 20544 20544 D YTV2_DUMP: [75] parent=67 id=com.google.android.youtube:id/subtitle text='null' desc='null' bounds=(33,511,530,1180) class=android.widget.FrameLayout
         1789127319.095 20544 20544 D YTV2_DUMP: [76] parent=67 id=com.google.android.youtube:id/status_bar text='null' desc='null' bounds=(508,1179,530,1256) class=android.widget.LinearLayout
         1789127319.095 20544 20544 D YTV2_DUMP: [77] parent=69 id=null text='null' desc='null' bounds=(0,104,816,236) class=android.widget.FrameLayout
         1789127319.095 20544 20544 D YTV2_DUMP: [78] parent=69 id=null text='null' desc='null' bounds=(816,104,1080,236) class=android.support.v7.widget.LinearLayoutCompat
         1789127319.095 20544 20544 D YTV2_DUMP: [79] parent=70 id=null text='null' desc='Explore menu' bounds=(33,258,149,346) class=android.widget.Button
         1789127319.095 20544 20544 D YTV2_DUMP: [80] parent=70 id=null text='null' desc='null' bounds=(171,258,171,346) class=android.view.View
         1789127319.095 20544 20544 D YTV2_DUMP: [81] parent=70 id=null text='null' desc='null' bounds=(193,258,310,346) class=android.widget.LinearLayout
         1789127319.095 20544 20544 D YTV2_DUMP: [82] parent=70 id=null text='null' desc='null' bounds=(332,258,515,346) class=android.widget.LinearLayout
         1789127319.095 20544 20544 D YTV2_DUMP: [83] parent=70 id=null text='null' desc='null' bounds=(537,258,784,346) class=android.widget.LinearLayout
         1789127319.095 20544 20544 D YTV2_DUMP: [84] parent=70 id=null text='null' desc='null' bounds=(806,258,986,346) class=android.widget.LinearLayout
         1789127319.095 20544 20544 D YTV2_DUMP: [85] parent=70 id=null text='null' desc='null' bounds=(1008,258,1080,346) class=android.widget.LinearLayout
         1789127319.095 20544 20544 D YTV2_DUMP: [86] parent=70 id=null text='null' desc='null' bounds=(1378,258,1080,346) class=android.widget.LinearLayout
         1789127319.095 20544 20544 D YTV2_DUMP: [87] parent=71 id=com.google.android.youtube:id/results text='null' desc='null' bounds=(0,368,1080,2198) class=android.support.v7.widget.RecyclerView
         1789127319.095 20544 20544 D YTV2_DUMP: [88] parent=72 id=null text='null' desc='null' bounds=(33,511,530,1256) class=android.view.View
         1789127319.095 20544 20544 D YTV2_DUMP: [89] parent=72 id=null text='null' desc='null' bounds=(33,511,530,1256) class=android.view.View
         1789127319.095 20544 20544 D YTV2_DUMP: [90] parent=76 id=com.google.android.youtube:id/autoplay_loading_view_container text='null' desc='null' bounds=(508,1231,508,1231) class=android.widget.FrameLayout
         1789127319.095 20544 20544 D YTV2_DUMP: [91] parent=77 id=com.google.android.youtube:id/youtube_logo text='null' desc='YouTube' bounds=(0,104,336,236) class=android.widget.ImageView
         1789127319.095 20544 20544 D YTV2_DUMP: [92] parent=78 id=com.google.android.youtube:id/menu_item_0 text='null' desc='null' bounds=(816,104,948,236) class=android.widget.FrameLayout
         1789127319.095 20544 20544 D YTV2_DUMP: [93] parent=78 id=com.google.android.youtube:id/menu_item_1 text='null' desc='null' bounds=(948,104,1080,236) class=android.widget.FrameLayout
         1789127319.095 20544 20544 D YTV2_DUMP: [94] parent=79 id=null text='null' desc='null' bounds=(58,269,124,335) class=android.widget.ImageView
         1789127319.096 20544 20544 D YTV2_DUMP: [95] parent=81 id=com.google.android.youtube:id/chip_cloud_chip_modern_text text='All' desc='null' bounds=(193,258,310,346) class=android.widget.TextView
         1789127319.096 20544 20544 D YTV2_DUMP: [96] parent=82 id=com.google.android.youtube:id/chip_cloud_chip_modern_text text='Music' desc='null' bounds=(332,258,515,346) class=android.widget.TextView
         1789127319.096 20544 20544 D YTV2_DUMP: [97] parent=83 id=com.google.android.youtube:id/chip_cloud_chip_modern_text text='Podcasts' desc='null' bounds=(537,258,784,346) class=android.widget.TextView
         1789127319.096 20544 20544 D YTV2_DUMP: [98] parent=84 id=com.google.android.youtube:id/chip_cloud_chip_modern_text text='Mixes' desc='null' bounds=(806,258,986,346) class=android.widget.TextView
         1789127319.096 20544 20544 D YTV2_DUMP: [99] parent=85 id=com.google.android.youtube:id/chip_cloud_chip_modern_text text='Comedy clubs' desc='null' bounds=(1008,258,1080,346) class=android.widget.TextView
         1789127319.096 20544 20544 D YTV2_DUMP: [100] parent=86 id=com.google.android.youtube:id/chip_cloud_chip_modern_text text='Combined Graduate Level Examination' desc='null' bounds=(1378,258,1080,346) class=android.widget.TextView
         1789127319.097 20544 20544 D YTV2_DUMP: [101] parent=87 id=null text='null' desc='null' bounds=(0,368,1080,511) class=android.view.ViewGroup
         1789127319.097 20544 20544 D YTV2_DUMP: [102] parent=87 id=null text='null' desc='null' bounds=(0,511,1080,1256) class=android.view.ViewGroup
         1789127319.097 20544 20544 D YTV2_DUMP: [103] parent=87 id=null text='null' desc='null' bounds=(0,1256,1080,1319) class=android.view.ViewGroup
         1789127319.097 20544 20544 D YTV2_DUMP: [104] parent=87 id=null text='null' desc='Sponsored – Applied AI & Machine Learning
         1789127319.097 20544 20544 D YTV2_DUMP: Earn an executive AI certificate from IIT Kharagpur - live online, 8 months.
         1789127319.097 20544 20544 D YTV2_DUMP: IIT KGP – Apply now - Link opens in new window' bounds=(0,1341,1080,2198) class=android.widget.Button
         1789127319.097 20544 20544 D YTV2_DUMP: [105] parent=92 id=null text='null' desc='null' bounds=(816,104,948,236) class=android.view.ViewGroup
         1789127319.097 20544 20544 D YTV2_DUMP: [106] parent=93 id=null text='null' desc='null' bounds=(948,104,1080,236) class=android.view.ViewGroup
         1789127319.097 20544 20544 D YTV2_DUMP: [107] parent=101 id=null text='null' desc='null' bounds=(0,368,1080,511) class=android.view.ViewGroup
         1789127319.099 20544 20544 D YTV2_DUMP: [108] parent=102 id=null text='null' desc='null' bounds=(0,511,540,1256) class=android.view.ViewGroup
         1789127319.099 20544 20544 D YTV2_DUMP: [109] parent=102 id=null text='null' desc='null' bounds=(540,511,1080,1256) class=android.view.ViewGroup
         1789127319.099 20544 20544 D YTV2_DUMP: [110] parent=104 id=null text='null' desc='null' bounds=(0,1341,1080,2198) class=android.view.ViewGroup
         1789127319.099 20544 20544 D YTV2_DUMP: [111] parent=104 id=null text='null' desc='null' bounds=(0,1341,1080,2198) class=android.view.ViewGroup
         1789127319.099 20544 20544 D YTV2_DUMP: [112] parent=105 id=com.google.android.youtube:id/menu_item_view text='null' desc='Notifications' bounds=(816,104,948,236) class=android.widget.ImageView
         1789127319.099 20544 20544 D YTV2_DUMP: [113] parent=106 id=com.google.android.youtube:id/menu_item_view text='null' desc='Search' bounds=(948,104,1080,236) class=android.widget.ImageView
         1789127319.099 20544 20544 D YTV2_DUMP: [114] parent=107 id=null text='null' desc='null' bounds=(44,390,143,489) class=android.widget.ImageView
         1789127319.099 20544 20544 D YTV2_DUMP: [115] parent=107 id=null text='null' desc='Shorts' bounds=(176,408,339,472) class=android.view.ViewGroup
         1789127319.099 20544 20544 D YTV2_DUMP: [116] parent=107 id=null text='null' desc='Action menu' bounds=(970,407,1036,473) class=android.widget.Button
         1789127319.099 20544 20544 D YTV2_DUMP: [117] parent=108 id=null text='null' desc='Gucci ft. ravikishan & Sharvari ❤️‍🔥… – play Short' bounds=(33,511,530,1256) class=android.widget.Button
         1789127319.099 20544 20544 D YTV2_DUMP: [118] parent=109 id=null text='null' desc='LIVE FROM THE HIMALAYAS – play Short' bounds=(550,511,1047,1256) class=android.widget.Button
         1789127319.099 20544 20544 D YTV2_DUMP: [119] parent=111 id=null text='null' desc='null' bounds=(0,1341,1080,2198) class=android.widget.ImageView
         1789127319.099 20544 20544 D YTV2_DUMP: [120] parent=115 id=null text='Shorts' desc='Shorts' bounds=(176,408,339,472) class=android.view.ViewGroup
         1789127319.099 20544 20544 D YTV2_DUMP: [121] parent=117 id=null text='null' desc='null' bounds=(33,511,530,1256) class=android.view.ViewGroup
         1789127319.099 20544 20544 D YTV2_DUMP: [122] parent=118 id=null text='null' desc='null' bounds=(550,511,1047,1256) class=android.view.ViewGroup
         1789127319.099 20544 20544 D YTV2_DUMP: [123] parent=121 id=null text='null' desc='null' bounds=(33,511,530,1256) class=android.widget.ImageView
         1789127319.099 20544 20544 D YTV2_DUMP: [124] parent=121 id=null text='null' desc='null' bounds=(33,511,530,1256) class=android.view.ViewGroup
         1789127319.099 20544 20544 D YTV2_DUMP: [125] parent=121 id=null text='null' desc='null' bounds=(420,511,530,621) class=android.view.ViewGroup
         1789127319.099 20544 20544 D YTV2_DUMP: [126] parent=121 id=null text='null' desc='null' bounds=(33,1119,530,1256) class=android.view.ViewGroup
         1789127319.099 20544 20544 D YTV2_DUMP: [127] parent=122 id=null text='null' desc='null' bounds=(550,511,1047,1256) class=android.widget.ImageView
         1789127319.099 20544 20544 D YTV2_DUMP: [128] parent=122 id=null text='null' desc='null' bounds=(550,511,1047,1256) class=android.view.ViewGroup
         1789127319.099 20544 20544 D YTV2_DUMP: [129] parent=122 id=null text='null' desc='null' bounds=(937,511,1047,621) class=android.view.ViewGroup
         1789127319.099 20544 20544 D YTV2_DUMP: [130] parent=122 id=null text='null' desc='null' bounds=(550,1119,1047,1256) class=android.view.ViewGroup
         1789127319.099 20544 20544 D YTV2_DUMP: [131] parent=124 id=null text='null' desc='null' bounds=(33,511,530,1256) class=android.widget.ImageView
         1789127319.099 20544 20544 D YTV2_DUMP: [132] parent=124 id=null text='null' desc='null' bounds=(33,511,530,1256) class=android.view.ViewGroup
         1789127319.099 20544 20544 D YTV2_DUMP: [133] parent=125 id=null text='null' desc='More actions' bounds=(469,533,519,583) class=android.widget.Button
         1789127319.099 20544 20544 D YTV2_DUMP: [134] parent=126 id=null text='null' desc='null' bounds=(55,1119,508,1234) class=android.view.ViewGroup
         1789127319.099 20544 20544 D YTV2_DUMP: [135] parent=128 id=null text='null' desc='null' bounds=(550,511,1047,1256) class=android.widget.ImageView
         1789127319.099 20544 20544 D YTV2_DUMP: [136] parent=128 id=null text='null' desc='null' bounds=(550,511,1047,1256) class=android.view.ViewGroup
         1789127319.099 20544 20544 D YTV2_DUMP: [137] parent=129 id=null text='null' desc='More actions' bounds=(986,533,1036,583) class=android.widget.Button
         1789127319.099 20544 20544 D YTV2_DUMP: [138] parent=130 id=null text='null' desc='null' bounds=(572,1119,1025,1234) class=android.view.ViewGroup
         1789127319.099 20544 20544 D YTV2_DUMP: [139] parent=132 id=null text='null' desc='null' bounds=(33,511,530,1256) class=android.widget.ImageView
         1789127319.099 20544 20544 D YTV2_DUMP: [140] parent=134 id=null text='null' desc='null' bounds=(55,1119,508,1234) class=android.view.ViewGroup
         1789127319.099 20544 20544 D YTV2_DUMP: [141] parent=136 id=null text='null' desc='null' bounds=(550,511,1047,1256) class=android.widget.ImageView
         1789127319.099 20544 20544 D YTV2_DUMP: [142] parent=138 id=null text='null' desc='null' bounds=(572,1119,1025,1234) class=android.view.ViewGroup
         1789127319.099 20544 20544 D YTV2_DUMP: [143] parent=140 id=null text='Gucci ft. ravikishan & Sharvari ❤️‍🔥…' desc='Gucci ft. ravikishan & Sharvari ❤️‍🔥…' bounds=(55,1119,508,1234) class=android.view.ViewGroup
         1789127319.099 20544 20544 D YTV2_DUMP: [144] parent=142 id=null text='LIVE FROM THE HIMALAYAS' desc='LIVE FROM THE HIMALAYAS' bounds=(572,1119,1025,1234) class=android.view.ViewGroup
         1789127319.103 20544 20544 D YTV2_DUMP: --> PARSED: kind=NON_PLAYBACK watchConfirmed=false title='null' handle='null' display='null' channelId='null'
         1789127321.084 20544 20544 D YTV2_DUMP: [0] parent=null id=null text='null' desc='null' bounds=(0,0,1080,2460) class=android.widget.FrameLayout
         1789127321.084 20544 20544 D YTV2_DUMP: [1] parent=0 id=null text='null' desc='null' bounds=(0,0,1080,2460) class=android.widget.LinearLayout
         1789127321.085 20544 20544 D YTV2_DUMP: [2] parent=0 id=android:id/navigationBarBackground text='null' desc='null' bounds=(0,2330,1080,2460) class=android.view.View
         1789127321.085 20544 20544 D YTV2_DUMP: [3] parent=1 id=null text='null' desc='null' bounds=(0,0,1080,2460) class=android.widget.FrameLayout
         1789127321.086 20544 20544 D YTV2_DUMP: [4] parent=3 id=com.google.android.youtube:id/action_bar_root text='null' desc='null' bounds=(0,0,1080,2460) class=android.widget.LinearLayout
         1789127321.086 20544 20544 D YTV2_DUMP: [5] parent=4 id=android:id/content text='null' desc='null' bounds=(0,0,1080,2460) class=android.widget.FrameLayout
         1789127321.087 20544 20544 D YTV2_DUMP: [6] parent=5 id=com.google.android.youtube:id/more_drawer_container text='null' desc='null' bounds=(0,0,1080,2460) class=androidx.drawerlayout.widget.DrawerLayout
         1789127321.087 20544 20544 D YTV2_DUMP: [7] parent=5 id=com.google.android.youtube:id/reel_time_bar text='null' desc='null' bounds=(0,0,1080,2460) class=android.view.ViewGroup
         1789127321.088 20544 20544 D YTV2_DUMP: [8] parent=6 id=com.google.android.youtube:id/slim_status_bar_player_container text='null' desc='null' bounds=(0,0,1080,2460) class=android.widget.FrameLayout
         1789127321.088 20544 20544 D YTV2_DUMP: [9] parent=8 id=com.google.android.youtube:id/navigation_bar_divider_frame text='null' desc='null' bounds=(0,0,1080,2330) class=android.view.ViewGroup
         1789127321.089 20544 20544 D YTV2_DUMP: [10] parent=8 id=null text='null' desc='null' bounds=(0,0,1080,104) class=android.widget.FrameLayout
         1789127321.089 20544 20544 D YTV2_DUMP: [11] parent=8 id=null text='null' desc='null' bounds=(0,0,3,3) class=android.view.View
         1789127321.089 20544 20544 D YTV2_DUMP: [12] parent=9 id=com.google.android.youtube:id/global_slim_status_bar_container text='null' desc='null' bounds=(0,0,1080,2330) class=android.widget.FrameLayout
         1789127321.089 20544 20544 D YTV2_DUMP: [13] parent=9 id=com.google.android.youtube:id/accessibility_layer_container text='null' desc='null' bounds=(0,0,1080,2330) class=android.widget.FrameLayout
         1789127321.089 20544 20544 D YTV2_DUMP: [14] parent=10 id=com.google.android.youtube:id/global_status_bar_view text='null' desc='null' bounds=(0,0,1080,104) class=android.view.View
         1789127321.089 20544 20544 D YTV2_DUMP: [15] parent=13 id=com.google.android.youtube:id/fullscreen_mode_container text='null' desc='null' bounds=(0,0,1080,0) class=android.widget.FrameLayout
         1789127321.089 20544 20544 D YTV2_DUMP: [16] parent=13 id=com.google.android.youtube:id/next_gen_watch_container_layout text='null' desc='null' bounds=(0,0,1080,2330) class=android.view.ViewGroup
         1789127321.090 20544 20544 D YTV2_DUMP: [17] parent=13 id=com.google.android.youtube:id/bottom_bar_container text='null' desc='null' bounds=(0,2198,1080,2330) class=android.widget.LinearLayout
         1789127321.090 20544 20544 D YTV2_DUMP: [18] parent=16 id=com.google.android.youtube:id/watch_while_layout_coordinator_layout text='null' desc='null' bounds=(0,0,1080,2330) class=android.view.ViewGroup
         1789127321.090 20544 20544 D YTV2_DUMP: [19] parent=17 id=com.google.android.youtube:id/pivot_bar text='null' desc='null' bounds=(0,2198,1080,2330) class=android.widget.HorizontalScrollView
         1789127321.090 20544 20544 D YTV2_DUMP: [20] parent=18 id=com.google.android.youtube:id/fab_container text='null' desc='null' bounds=(0,0,1080,2330) class=android.widget.FrameLayout
         1789127321.090 20544 20544 D YTV2_DUMP: [21] parent=18 id=com.google.android.youtube:id/pane_fragment_container text='null' desc='null' bounds=(0,0,1080,2330) class=android.widget.FrameLayout
         1789127321.090 20544 20544 D YTV2_DUMP: [22] parent=18 id=com.google.android.youtube:id/root_pill_container text='null' desc='null' bounds=(0,2220,1080,2220) class=android.widget.FrameLayout
         1789127321.090 20544 20544 D YTV2_DUMP: [23] parent=18 id=com.google.android.youtube:id/pane_fragment_footer_container text='null' desc='null' bounds=(0,2330,1080,2330) class=android.widget.FrameLayout
         1789127321.090 20544 20544 D YTV2_DUMP: [24] parent=19 id=null text='null' desc='null' bounds=(0,2198,1080,2330) class=android.widget.LinearLayout
         1789127321.091 20544 20544 D YTV2_DUMP: [25] parent=21 id=com.google.android.youtube:id/inline_player_container text='null' desc='null' bounds=(0,0,1080,2198) class=android.view.ViewGroup
         1789127321.091 20544 20544 D YTV2_DUMP: [26] parent=21 id=com.google.android.youtube:id/inline_player_overlay_container text='null' desc='null' bounds=(0,0,1080,2198) class=android.view.ViewGroup
         1789127321.091 20544 20544 D YTV2_DUMP: [27] parent=21 id=com.google.android.youtube:id/browse_fragment_layout_coordinator_layout text='null' desc='null' bounds=(0,0,1080,2198) class=android.widget.ScrollView
         1789127321.091 20544 20544 D YTV2_DUMP: [28] parent=21 id=com.google.android.youtube:id/bar_wrapper text='null' desc='null' bounds=(0,236,1080,269) class=android.widget.FrameLayout
         1789127321.091 20544 20544 D YTV2_DUMP: [29] parent=24 id=null text='null' desc='Home' bounds=(0,2198,216,2330) class=android.widget.Button
         1789127321.091 20544 20544 D YTV2_DUMP: [30] parent=24 id=null text='null' desc='Shorts' bounds=(216,2198,432,2330) class=android.widget.Button
         1789127321.092 20544 20544 D YTV2_DUMP: [31] parent=24 id=null text='null' desc='Create' bounds=(432,2198,648,2330) class=android.widget.Button
         1789127321.093 20544 20544 D YTV2_DUMP: [32] parent=24 id=null text='null' desc='Subscriptions: New content is available' bounds=(648,2198,864,2330) class=android.widget.Button
         1789127321.094 20544 20544 D YTV2_DUMP: [33] parent=24 id=null text='null' desc='You' bounds=(864,2198,1080,2330) class=android.widget.Button
         1789127321.094 20544 20544 D YTV2_DUMP: [34] parent=25 id=com.google.android.youtube:id/player_fragment_container text='null' desc='null' bounds=(33,511,530,1256) class=android.widget.FrameLayout
         1789127321.094 20544 20544 D YTV2_DUMP: [35] parent=26 id=null text='null' desc='null' bounds=(33,511,1080,2198) class=android.widget.FrameLayout
         1789127321.095 20544 20544 D YTV2_DUMP: [36] parent=26 id=com.google.android.youtube:id/player_overlays text='null' desc='null' bounds=(33,511,530,1256) class=android.view.ViewGroup
         1789127321.095 20544 20544 D YTV2_DUMP: [37] parent=27 id=com.google.android.youtube:id/pane_fragment_background_container text='null' desc='null' bounds=(0,0,1080,2198) class=android.widget.FrameLayout
         1789127321.095 20544 20544 D YTV2_DUMP: [38] parent=27 id=com.google.android.youtube:id/appbar_layout text='null' desc='null' bounds=(0,0,1080,368) class=android.widget.LinearLayout
         1789127321.096 20544 20544 D YTV2_DUMP: [39] parent=27 id=com.google.android.youtube:id/pane_fragment_contents text='null' desc='null' bounds=(0,368,1080,2198) class=android.widget.FrameLayout
         1789127321.097 20544 20544 D YTV2_DUMP: [40] parent=29 id=com.google.android.youtube:id/thumbnail_layout text='null' desc='null' bounds=(75,2210,141,2276) class=android.widget.FrameLayout
         1789127321.097 20544 20544 D YTV2_DUMP: [41] parent=29 id=com.google.android.youtube:id/text text='Home' desc='null' bounds=(67,2282,150,2319) class=android.widget.TextView
         1789127321.097 20544 20544 D YTV2_DUMP: [42] parent=30 id=com.google.android.youtube:id/thumbnail_layout text='null' desc='null' bounds=(291,2210,357,2276) class=android.widget.FrameLayout
         1789127321.098 20544 20544 D YTV2_DUMP: [43] parent=30 id=com.google.android.youtube:id/text text='Shorts' desc='null' bounds=(279,2282,369,2319) class=android.widget.TextView
         1789127321.098 20544 20544 D YTV2_DUMP: [44] parent=31 id=com.google.android.youtube:id/image text='null' desc='null' bounds=(491,2216,590,2315) class=android.widget.ImageView
         1789127321.098 20544 20544 D YTV2_DUMP: [45] parent=32 id=com.google.android.youtube:id/thumbnail_layout text='null' desc='null' bounds=(723,2210,789,2276) class=android.widget.FrameLayout
         1789127321.098 20544 20544 D YTV2_DUMP: [46] parent=32 id=com.google.android.youtube:id/new_content_dot text='null' desc='New content available' bounds=(761,2204,794,2237) class=android.view.View
         1789127321.098 20544 20544 D YTV2_DUMP: [47] parent=32 id=com.google.android.youtube:id/text text='Subscriptions' desc='null' bounds=(666,2282,847,2319) class=android.widget.TextView
         1789127321.098 20544 20544 D YTV2_DUMP: [48] parent=33 id=com.google.android.youtube:id/thumbnail_layout text='null' desc='null' bounds=(939,2210,1005,2276) class=android.widget.FrameLayout
         1789127321.098 20544 20544 D YTV2_DUMP: [49] parent=33 id=com.google.android.youtube:id/text text='You' desc='null' bounds=(946,2282,999,2319) class=android.widget.TextView
         1789127321.099 20544 20544 D YTV2_DUMP: [50] parent=34 id=com.google.android.youtube:id/player_view text='null' desc='null' bounds=(33,511,530,1256) class=android.view.ViewGroup
         1789127321.099 20544 20544 D YTV2_DUMP: [51] parent=35 id=com.google.android.youtube:id/inline_playback_time_bar text='null' desc='null' bounds=(49,511,514,1303) class=android.view.ViewGroup
         1789127321.099 20544 20544 D YTV2_DUMP: [52] parent=36 id=com.google.android.youtube:id/player_overlays_custom_views_container text='null' desc='null' bounds=(33,511,530,1256) class=android.widget.FrameLayout
         1789127321.099 20544 20544 D YTV2_DUMP: [53] parent=36 id=null text='null' desc='null' bounds=(33,511,530,1256) class=android.widget.FrameLayout
         1789127321.099 20544 20544 D YTV2_DUMP: [54] parent=36 id=null text='null' desc='null' bounds=(33,511,530,1256) class=android.widget.FrameLayout
         1789127321.099 20544 20544 D YTV2_DUMP: [55] parent=36 id=null text='null' desc='null' bounds=(33,511,530,1256) class=android.widget.FrameLayout
         1789127321.099 20544 20544 D YTV2_DUMP: [56] parent=37 id=com.google.android.youtube:id/pane_fragment_background_alpha_overlay text='null' desc='null' bounds=(0,0,1080,2198) class=android.view.View
         1789127321.099 20544 20544 D YTV2_DUMP: [57] parent=38 id=com.google.android.youtube:id/toolbar_container text='null' desc='null' bounds=(0,0,1080,236) class=android.widget.FrameLayout
         1789127321.099 20544 20544 D YTV2_DUMP: [58] parent=38 id=com.google.android.youtube:id/filter_bar text='null' desc='null' bounds=(0,236,1080,368) class=android.widget.LinearLayout
         1789127321.100 20544 20544 D YTV2_DUMP: [59] parent=39 id=com.google.android.youtube:id/loading_layout text='null' desc='null' bounds=(0,368,1080,2198) class=android.widget.FrameLayout
         1789127321.100 20544 20544 D YTV2_DUMP: [60] parent=40 id=com.google.android.youtube:id/image text='null' desc='null' bounds=(75,2210,141,2276) class=android.widget.ImageView
         1789127321.100 20544 20544 D YTV2_DUMP: [61] parent=42 id=com.google.android.youtube:id/image text='null' desc='null' bounds=(291,2210,357,2276) class=android.widget.ImageView
         1789127321.100 20544 20544 D YTV2_DUMP: [62] parent=45 id=com.google.android.youtube:id/image text='null' desc='null' bounds=(723,2210,789,2276) class=android.widget.ImageView
         1789127321.100 20544 20544 D YTV2_DUMP: [63] parent=48 id=com.google.android.youtube:id/pivot_bar_thumbnail text='null' desc='null' bounds=(939,2210,1005,2276) class=android.widget.ImageView
         1789127321.100 20544 20544 D YTV2_DUMP: [64] parent=50 id=null text='null' desc='null' bounds=(33,511,530,1256) class=android.view.ViewGroup
         1789127321.100 20544 20544 D YTV2_DUMP: [65] parent=53 id=null text='null' desc='null' bounds=(33,511,530,1256) class=android.widget.FrameLayout
         1789127321.101 20544 20544 D YTV2_DUMP: [66] parent=54 id=null text='null' desc='null' bounds=(33,511,530,1256) class=android.widget.FrameLayout
         1789127321.101 20544 20544 D YTV2_DUMP: [67] parent=55 id=null text='null' desc='null' bounds=(33,511,530,1256) class=android.view.ViewGroup
         1789127321.101 20544 20544 D YTV2_DUMP: [68] parent=57 id=com.google.android.youtube:id/collapsing_header_container text='null' desc='null' bounds=(0,104,1080,104) class=android.widget.FrameLayout
         1789127321.101 20544 20544 D YTV2_DUMP: [69] parent=57 id=com.google.android.youtube:id/toolbar text='null' desc='null' bounds=(0,104,1080,236) class=android.view.ViewGroup
         1789127321.101 20544 20544 D YTV2_DUMP: [70] parent=58 id=null text='null' desc='filters' bounds=(0,236,1080,368) class=android.support.v7.widget.RecyclerView
         1789127321.101 20544 20544 D YTV2_DUMP: [71] parent=59 id=null text='null' desc='null' bounds=(0,368,1080,2198) class=android.view.ViewGroup
         1789127321.101 20544 20544 D YTV2_DUMP: [72] parent=64 id=null text='null' desc='null' bounds=(33,511,530,1256) class=android.view.ViewGroup
         1789127321.101 20544 20544 D YTV2_DUMP: [73] parent=65 id=null text='null' desc='null' bounds=(33,511,530,1256) class=android.view.ViewGroup
         1789127321.101 20544 20544 D YTV2_DUMP: [74] parent=66 id=null text='null' desc='null' bounds=(33,511,530,1256) class=android.view.ViewGroup
         1789127321.101 20544 20544 D YTV2_DUMP: [75] parent=67 id=com.google.android.youtube:id/subtitle text='null' desc='null' bounds=(33,511,530,1180) class=android.widget.FrameLayout
         1789127321.101 20544 20544 D YTV2_DUMP: [76] parent=67 id=com.google.android.youtube:id/status_bar text='null' desc='null' bounds=(508,1179,530,1256) class=android.widget.LinearLayout
         1789127321.102 20544 20544 D YTV2_DUMP: [77] parent=69 id=null text='null' desc='null' bounds=(0,104,816,236) class=android.widget.FrameLayout
         1789127321.102 20544 20544 D YTV2_DUMP: [78] parent=69 id=null text='null' desc='null' bounds=(816,104,1080,236) class=android.support.v7.widget.LinearLayoutCompat
         1789127321.102 20544 20544 D YTV2_DUMP: [79] parent=70 id=null text='null' desc='Explore menu' bounds=(33,258,149,346) class=android.widget.Button
         1789127321.102 20544 20544 D YTV2_DUMP: [80] parent=70 id=null text='null' desc='null' bounds=(171,258,171,346) class=android.view.View
         1789127321.102 20544 20544 D YTV2_DUMP: [81] parent=70 id=null text='null' desc='null' bounds=(193,258,310,346) class=android.widget.LinearLayout
         1789127321.102 20544 20544 D YTV2_DUMP: [82] parent=70 id=null text='null' desc='null' bounds=(332,258,515,346) class=android.widget.LinearLayout
         1789127321.102 20544 20544 D YTV2_DUMP: [83] parent=70 id=null text='null' desc='null' bounds=(537,258,784,346) class=android.widget.LinearLayout
         1789127321.102 20544 20544 D YTV2_DUMP: [84] parent=70 id=null text='null' desc='null' bounds=(806,258,986,346) class=android.widget.LinearLayout
         1789127321.102 20544 20544 D YTV2_DUMP: [85] parent=70 id=null text='null' desc='null' bounds=(1008,258,1080,346) class=android.widget.LinearLayout
         1789127321.102 20544 20544 D YTV2_DUMP: [86] parent=70 id=null text='null' desc='null' bounds=(1378,258,1080,346) class=android.widget.LinearLayout
         1789127321.102 20544 20544 D YTV2_DUMP: [87] parent=71 id=com.google.android.youtube:id/results text='null' desc='null' bounds=(0,368,1080,2198) class=android.support.v7.widget.RecyclerView
         1789127321.102 20544 20544 D YTV2_DUMP: [88] parent=72 id=null text='null' desc='null' bounds=(33,511,530,1256) class=android.view.View
         1789127321.102 20544 20544 D YTV2_DUMP: [89] parent=72 id=null text='null' desc='null' bounds=(33,511,530,1256) class=android.view.View
         1789127321.102 20544 20544 D YTV2_DUMP: [90] parent=76 id=com.google.android.youtube:id/autoplay_loading_view_container text='null' desc='null' bounds=(508,1231,508,1231) class=android.widget.FrameLayout
         1789127321.102 20544 20544 D YTV2_DUMP: [91] parent=77 id=com.google.android.youtube:id/youtube_logo text='null' desc='YouTube' bounds=(0,104,336,236) class=android.widget.ImageView
         1789127321.102 20544 20544 D YTV2_DUMP: [92] parent=78 id=com.google.android.youtube:id/menu_item_0 text='null' desc='null' bounds=(816,104,948,236) class=android.widget.FrameLayout
         1789127321.102 20544 20544 D YTV2_DUMP: [93] parent=78 id=com.google.android.youtube:id/menu_item_1 text='null' desc='null' bounds=(948,104,1080,236) class=android.widget.FrameLayout
         1789127321.102 20544 20544 D YTV2_DUMP: [94] parent=79 id=null text='null' desc='null' bounds=(58,269,124,335) class=android.widget.ImageView
         1789127321.103 20544 20544 D YTV2_DUMP: [95] parent=81 id=com.google.android.youtube:id/chip_cloud_chip_modern_text text='All' desc='null' bounds=(193,258,310,346) class=android.widget.TextView
         1789127321.103 20544 20544 D YTV2_DUMP: [96] parent=82 id=com.google.android.youtube:id/chip_cloud_chip_modern_text text='Music' desc='null' bounds=(332,258,515,346) class=android.widget.TextView
         1789127321.103 20544 20544 D YTV2_DUMP: [97] parent=83 id=com.google.android.youtube:id/chip_cloud_chip_modern_text text='Podcasts' desc='null' bounds=(537,258,784,346) class=android.widget.TextView
         1789127321.103 20544 20544 D YTV2_DUMP: [98] parent=84 id=com.google.android.youtube:id/chip_cloud_chip_modern_text text='Mixes' desc='null' bounds=(806,258,986,346) class=android.widget.TextView
         1789127321.103 20544 20544 D YTV2_DUMP: [99] parent=85 id=com.google.android.youtube:id/chip_cloud_chip_modern_text text='Comedy clubs' desc='null' bounds=(1008,258,1080,346) class=android.widget.TextView
         1789127321.103 20544 20544 D YTV2_DUMP: [100] parent=86 id=com.google.android.youtube:id/chip_cloud_chip_modern_text text='Combined Graduate Level Examination' desc='null' bounds=(1378,258,1080,346) class=android.widget.TextView
         1789127321.103 20544 20544 D YTV2_DUMP: [101] parent=87 id=null text='null' desc='null' bounds=(0,368,1080,511) class=android.view.ViewGroup
         1789127321.103 20544 20544 D YTV2_DUMP: [102] parent=87 id=null text='null' desc='null' bounds=(0,511,1080,1256) class=android.view.ViewGroup
         1789127321.103 20544 20544 D YTV2_DUMP: [103] parent=87 id=null text='null' desc='null' bounds=(0,1256,1080,1319) class=android.view.ViewGroup
         1789127321.103 20544 20544 D YTV2_DUMP: [104] parent=87 id=null text='null' desc='Sponsored – Applied AI & Machine Learning
         1789127321.103 20544 20544 D YTV2_DUMP: Earn an executive AI certificate from IIT Kharagpur - live online, 8 months.
         1789127321.103 20544 20544 D YTV2_DUMP: IIT KGP – Apply now - Link opens in new window' bounds=(0,1341,1080,2198) class=android.widget.Button
         1789127321.103 20544 20544 D YTV2_DUMP: [105] parent=92 id=null text='null' desc='null' bounds=(816,104,948,236) class=android.view.ViewGroup
         1789127321.103 20544 20544 D YTV2_DUMP: [106] parent=93 id=null text='null' desc='null' bounds=(948,104,1080,236) class=android.view.ViewGroup
         1789127321.103 20544 20544 D YTV2_DUMP: [107] parent=101 id=null text='null' desc='null' bounds=(0,368,1080,511) class=android.view.ViewGroup
         1789127321.103 20544 20544 D YTV2_DUMP: [108] parent=102 id=null text='null' desc='null' bounds=(0,511,540,1256) class=android.view.ViewGroup
         1789127321.104 20544 20544 D YTV2_DUMP: [109] parent=102 id=null text='null' desc='null' bounds=(540,511,1080,1256) class=android.view.ViewGroup
         1789127321.104 20544 20544 D YTV2_DUMP: [110] parent=104 id=null text='null' desc='null' bounds=(0,1341,1080,2198) class=android.view.ViewGroup
         1789127321.104 20544 20544 D YTV2_DUMP: [111] parent=104 id=null text='null' desc='null' bounds=(0,1341,1080,2198) class=android.view.ViewGroup
         1789127321.104 20544 20544 D YTV2_DUMP: [112] parent=105 id=com.google.android.youtube:id/menu_item_view text='null' desc='Notifications' bounds=(816,104,948,236) class=android.widget.ImageView
         1789127321.104 20544 20544 D YTV2_DUMP: [113] parent=106 id=com.google.android.youtube:id/menu_item_view text='null' desc='Search' bounds=(948,104,1080,236) class=android.widget.ImageView
         1789127321.104 20544 20544 D YTV2_DUMP: [114] parent=107 id=null text='null' desc='null' bounds=(44,390,143,489) class=android.widget.ImageView
         1789127321.104 20544 20544 D YTV2_DUMP: [115] parent=107 id=null text='null' desc='Shorts' bounds=(176,408,339,472) class=android.view.ViewGroup
         1789127321.104 20544 20544 D YTV2_DUMP: [116] parent=107 id=null text='null' desc='Action menu' bounds=(970,407,1036,473) class=android.widget.Button
         1789127321.104 20544 20544 D YTV2_DUMP: [117] parent=108 id=null text='null' desc='Gucci ft. ravikishan & Sharvari ❤️‍🔥… – play Short' bounds=(33,511,530,1256) class=android.widget.Button
         1789127321.104 20544 20544 D YTV2_DUMP: [118] parent=109 id=null text='null' desc='LIVE FROM THE HIMALAYAS – play Short' bounds=(550,511,1047,1256) class=android.widget.Button
         1789127321.104 20544 20544 D YTV2_DUMP: [119] parent=111 id=null text='null' desc='null' bounds=(0,1341,1080,2198) class=android.widget.ImageView
         1789127321.104 20544 20544 D YTV2_DUMP: [120] parent=115 id=null text='Shorts' desc='Shorts' bounds=(176,408,339,472) class=android.view.ViewGroup
         1789127321.105 20544 20544 D YTV2_DUMP: [121] parent=117 id=null text='null' desc='null' bounds=(33,511,530,1256) class=android.view.ViewGroup
         1789127321.105 20544 20544 D YTV2_DUMP: [122] parent=118 id=null text='null' desc='null' bounds=(550,511,1047,1256) class=android.view.ViewGroup
         1789127321.105 20544 20544 D YTV2_DUMP: [123] parent=121 id=null text='null' desc='null' bounds=(33,511,530,1256) class=android.widget.ImageView
         1789127321.105 20544 20544 D YTV2_DUMP: [124] parent=121 id=null text='null' desc='null' bounds=(33,511,530,1256) class=android.view.ViewGroup
         1789127321.105 20544 20544 D YTV2_DUMP: [125] parent=121 id=null text='null' desc='null' bounds=(420,511,530,621) class=android.view.ViewGroup
         1789127321.105 20544 20544 D YTV2_DUMP: [126] parent=121 id=null text='null' desc='null' bounds=(33,1119,530,1256) class=android.view.ViewGroup
         1789127321.106 20544 20544 D YTV2_DUMP: [127] parent=122 id=null text='null' desc='null' bounds=(550,511,1047,1256) class=android.widget.ImageView
         1789127321.106 20544 20544 D YTV2_DUMP: [128] parent=122 id=null text='null' desc='null' bounds=(550,511,1047,1256) class=android.view.ViewGroup
         1789127321.106 20544 20544 D YTV2_DUMP: [129] parent=122 id=null text='null' desc='null' bounds=(937,511,1047,621) class=android.view.ViewGroup
         1789127321.106 20544 20544 D YTV2_DUMP: [130] parent=122 id=null text='null' desc='null' bounds=(550,1119,1047,1256) class=android.view.ViewGroup
         1789127321.106 20544 20544 D YTV2_DUMP: [131] parent=124 id=null text='null' desc='null' bounds=(33,511,530,1256) class=android.widget.ImageView
         1789127321.106 20544 20544 D YTV2_DUMP: [132] parent=124 id=null text='null' desc='null' bounds=(33,511,530,1256) class=android.view.ViewGroup
         1789127321.107 20544 20544 D YTV2_DUMP: [133] parent=125 id=null text='null' desc='More actions' bounds=(469,533,519,583) class=android.widget.Button
         1789127321.107 20544 20544 D YTV2_DUMP: [134] parent=126 id=null text='null' desc='null' bounds=(55,1119,508,1234) class=android.view.ViewGroup
         1789127321.107 20544 20544 D YTV2_DUMP: [135] parent=128 id=null text='null' desc='null' bounds=(550,511,1047,1256) class=android.widget.ImageView
         1789127321.107 20544 20544 D YTV2_DUMP: [136] parent=128 id=null text='null' desc='null' bounds=(550,511,1047,1256) class=android.view.ViewGroup
         1789127321.107 20544 20544 D YTV2_DUMP: [137] parent=129 id=null text='null' desc='More actions' bounds=(986,533,1036,583) class=android.widget.Button
         1789127321.108 20544 20544 D YTV2_DUMP: [138] parent=130 id=null text='null' desc='null' bounds=(572,1119,1025,1234) class=android.view.ViewGroup
         1789127321.108 20544 20544 D YTV2_DUMP: [139] parent=132 id=null text='null' desc='null' bounds=(33,511,530,1256) class=android.widget.ImageView
         1789127321.108 20544 20544 D YTV2_DUMP: [140] parent=134 id=null text='null' desc='null' bounds=(55,1119,508,1234) class=android.view.ViewGroup
         1789127321.108 20544 20544 D YTV2_DUMP: [141] parent=136 id=null text='null' desc='null' bounds=(550,511,1047,1256) class=android.widget.ImageView
         1789127321.108 20544 20544 D YTV2_DUMP: [142] parent=138 id=null text='null' desc='null' bounds=(572,1119,1025,1234) class=android.view.ViewGroup
         1789127321.108 20544 20544 D YTV2_DUMP: [143] parent=140 id=null text='Gucci ft. ravikishan & Sharvari ❤️‍🔥…' desc='Gucci ft. ravikishan & Sharvari ❤️‍🔥…' bounds=(55,1119,508,1234) class=android.view.ViewGroup
         1789127321.108 20544 20544 D YTV2_DUMP: [144] parent=142 id=null text='LIVE FROM THE HIMALAYAS' desc='LIVE FROM THE HIMALAYAS' bounds=(572,1119,1025,1234) class=android.view.ViewGroup
         1789127321.122 20544 20544 D YTV2_DUMP: --> PARSED: kind=NON_PLAYBACK watchConfirmed=false title='null' handle='null' display='null' channelId='null'
         1789127342.458 20544 20544 D YTV2_DUMP: [0] parent=null id=null text='null' desc='null' bounds=(0,0,1080,2460) class=android.widget.FrameLayout
         1789127342.458 20544 20544 D YTV2_DUMP: [1] parent=0 id=null text='null' desc='null' bounds=(0,0,1080,2460) class=android.widget.LinearLayout
         1789127342.459 20544 20544 D YTV2_DUMP: [2] parent=0 id=android:id/navigationBarBackground text='null' desc='null' bounds=(0,2330,1080,2460) class=android.view.View
         1789127342.459 20544 20544 D YTV2_DUMP: [3] parent=1 id=null text='null' desc='null' bounds=(0,0,1080,2460) class=android.widget.FrameLayout
         1789127342.459 20544 20544 D YTV2_DUMP: [4] parent=3 id=com.google.android.youtube:id/action_bar_root text='null' desc='null' bounds=(0,0,1080,2460) class=android.widget.LinearLayout
         1789127342.459 20544 20544 D YTV2_DUMP: [5] parent=4 id=android:id/content text='null' desc='null' bounds=(0,0,1080,2460) class=android.widget.FrameLayout
         1789127342.460 20544 20544 D YTV2_DUMP: [6] parent=5 id=com.google.android.youtube:id/more_drawer_container text='null' desc='null' bounds=(0,0,1080,2460) class=androidx.drawerlayout.widget.DrawerLayout
         1789127342.460 20544 20544 D YTV2_DUMP: [7] parent=5 id=com.google.android.youtube:id/reel_time_bar text='null' desc='null' bounds=(0,0,1080,2460) class=android.view.ViewGroup
         1789127342.460 20544 20544 D YTV2_DUMP: [8] parent=6 id=com.google.android.youtube:id/slim_status_bar_player_container text='null' desc='null' bounds=(0,0,1080,2460) class=android.widget.FrameLayout
         1789127342.460 20544 20544 D YTV2_DUMP: [9] parent=8 id=com.google.android.youtube:id/navigation_bar_divider_frame text='null' desc='null' bounds=(0,0,1080,1629) class=android.view.ViewGroup
         1789127342.460 20544 20544 D YTV2_DUMP: [10] parent=8 id=null text='null' desc='null' bounds=(0,0,1080,104) class=android.widget.FrameLayout
         1789127342.460 20544 20544 D YTV2_DUMP: [11] parent=8 id=null text='null' desc='null' bounds=(0,0,3,3) class=android.view.View
         1789127342.460 20544 20544 D YTV2_DUMP: [12] parent=9 id=com.google.android.youtube:id/global_slim_status_bar_container text='null' desc='null' bounds=(0,0,1080,1629) class=android.widget.FrameLayout
         1789127342.460 20544 20544 D YTV2_DUMP: [13] parent=9 id=com.google.android.youtube:id/accessibility_layer_container text='null' desc='null' bounds=(0,0,1080,1629) class=android.widget.FrameLayout
         1789127342.461 20544 20544 D YTV2_DUMP: [14] parent=10 id=com.google.android.youtube:id/global_status_bar_view text='null' desc='null' bounds=(0,0,1080,104) class=android.view.View
         1789127342.461 20544 20544 D YTV2_DUMP: [15] parent=13 id=com.google.android.youtube:id/fullscreen_mode_container text='null' desc='null' bounds=(0,0,1080,0) class=android.widget.FrameLayout
         1789127342.461 20544 20544 D YTV2_DUMP: [16] parent=13 id=com.google.android.youtube:id/next_gen_watch_container_layout text='null' desc='null' bounds=(0,0,1080,1629) class=android.view.ViewGroup
         1789127342.461 20544 20544 D YTV2_DUMP: [17] parent=13 id=com.google.android.youtube:id/bottom_bar_container text='null' desc='null' bounds=(0,1629,1080,1629) class=android.widget.LinearLayout
         1789127342.461 20544 20544 D YTV2_DUMP: [18] parent=16 id=com.google.android.youtube:id/watch_while_layout_coordinator_layout text='null' desc='null' bounds=(0,0,1080,1629) class=android.view.ViewGroup
         1789127342.461 20544 20544 D YTV2_DUMP: [19] parent=18 id=com.google.android.youtube:id/fab_container text='null' desc='null' bounds=(0,0,1080,1629) class=android.widget.FrameLayout
         1789127342.461 20544 20544 D YTV2_DUMP: [20] parent=18 id=com.google.android.youtube:id/pane_fragment_container text='null' desc='null' bounds=(0,0,1080,1629) class=android.widget.FrameLayout
         1789127342.461 20544 20544 D YTV2_DUMP: [21] parent=18 id=com.google.android.youtube:id/root_pill_container text='null' desc='null' bounds=(0,1519,1080,1519) class=android.widget.FrameLayout
         1789127342.461 20544 20544 D YTV2_DUMP: [22] parent=18 id=com.google.android.youtube:id/pane_fragment_footer_container text='null' desc='null' bounds=(0,1629,1080,1629) class=android.widget.FrameLayout
         1789127342.462 20544 20544 D YTV2_DUMP: [23] parent=19 id=com.google.android.youtube:id/fab text='null' desc='Voice search' bounds=(904,1453,1058,1607) class=android.widget.ImageView
         1789127342.462 20544 20544 D YTV2_DUMP: [24] parent=20 id=com.google.android.youtube:id/browse_fragment_layout_coordinator_layout text='null' desc='null' bounds=(0,104,1080,1499) class=android.widget.ScrollView
         1789127342.462 20544 20544 D YTV2_DUMP: [25] parent=24 id=com.google.android.youtube:id/appbar_layout text='null' desc='null' bounds=(0,104,1080,236) class=android.widget.LinearLayout
         1789127342.462 20544 20544 D YTV2_DUMP: [26] parent=24 id=com.google.android.youtube:id/pane_fragment_contents text='null' desc='null' bounds=(0,236,1080,1499) class=android.widget.FrameLayout
         1789127342.462 20544 20544 D YTV2_DUMP: [27] parent=25 id=com.google.android.youtube:id/toolbar_container text='null' desc='null' bounds=(0,104,1080,236) class=android.widget.FrameLayout
         1789127342.462 20544 20544 D YTV2_DUMP: [28] parent=26 id=com.google.android.youtube:id/search_layout text='null' desc='null' bounds=(0,236,1080,1499) class=android.widget.FrameLayout
         1789127342.463 20544 20544 D YTV2_DUMP: [29] parent=27 id=com.google.android.youtube:id/collapsing_header_container text='null' desc='null' bounds=(0,104,1080,104) class=android.widget.FrameLayout
         1789127342.463 20544 20544 D YTV2_DUMP: [30] parent=27 id=com.google.android.youtube:id/toolbar text='null' desc='null' bounds=(0,104,1080,236) class=android.view.ViewGroup
         1789127342.463 20544 20544 D YTV2_DUMP: [31] parent=28 id=com.google.android.youtube:id/results_recycler_view text='null' desc='null' bounds=(0,236,1080,1435) class=android.support.v7.widget.RecyclerView
         1789127342.463 20544 20544 D YTV2_DUMP: [32] parent=30 id=null text='null' desc='Navigate up' bounds=(0,104,154,236) class=android.widget.ImageButton
         1789127342.463 20544 20544 D YTV2_DUMP: [33] parent=30 id=null text='null' desc='null' bounds=(154,104,1080,236) class=android.widget.RelativeLayout
         1789127342.463 20544 20544 D YTV2_DUMP: [34] parent=30 id=null text='null' desc='null' bounds=(1080,104,1080,236) class=android.support.v7.widget.LinearLayoutCompat
         1789127342.463 20544 20544 D YTV2_DUMP: [35] parent=31 id=com.google.android.youtube:id/linearLayout text='null' desc='null' bounds=(0,236,1080,369) class=android.view.ViewGroup
         1789127342.463 20544 20544 D YTV2_DUMP: [36] parent=31 id=com.google.android.youtube:id/linearLayout text='null' desc='null' bounds=(0,369,1080,502) class=android.view.ViewGroup
         1789127342.464 20544 20544 D YTV2_DUMP: [37] parent=31 id=com.google.android.youtube:id/linearLayout text='null' desc='null' bounds=(0,502,1080,635) class=android.view.ViewGroup
         1789127342.464 20544 20544 D YTV2_DUMP: [38] parent=31 id=com.google.android.youtube:id/linearLayout text='null' desc='null' bounds=(0,635,1080,768) class=android.view.ViewGroup
         1789127342.464 20544 20544 D YTV2_DUMP: [39] parent=31 id=com.google.android.youtube:id/linearLayout text='null' desc='null' bounds=(0,768,1080,901) class=android.view.ViewGroup
         1789127342.464 20544 20544 D YTV2_DUMP: [40] parent=31 id=com.google.android.youtube:id/linearLayout text='null' desc='null' bounds=(0,901,1080,1034) class=android.view.ViewGroup
         1789127342.464 20544 20544 D YTV2_DUMP: [41] parent=31 id=com.google.android.youtube:id/linearLayout text='null' desc='null' bounds=(0,1034,1080,1167) class=android.view.ViewGroup
         1789127342.464 20544 20544 D YTV2_DUMP: [42] parent=31 id=null text='null' desc='null' bounds=(0,1167,1080,1299) class=android.widget.LinearLayout
         1789127342.464 20544 20544 D YTV2_DUMP: [43] parent=31 id=com.google.android.youtube:id/linearLayout text='null' desc='null' bounds=(0,1299,1080,1435) class=android.view.ViewGroup
         1789127342.464 20544 20544 D YTV2_DUMP: [44] parent=33 id=com.google.android.youtube:id/search_box text='null' desc='null' bounds=(154,104,970,236) class=android.widget.LinearLayout
         1789127342.465 20544 20544 D YTV2_DUMP: [45] parent=33 id=com.google.android.youtube:id/voice_search text='null' desc='Voice search' bounds=(948,104,1080,236) class=android.widget.ImageView
         1789127342.465 20544 20544 D YTV2_DUMP: [46] parent=35 id=com.google.android.youtube:id/search_type_icon text='null' desc='null' bounds=(11,236,143,369) class=android.widget.ImageView
         1789127342.465 20544 20544 D YTV2_DUMP: [47] parent=35 id=com.google.android.youtube:id/text text='parmar ssc' desc='null' bounds=(143,271,772,335) class=android.widget.TextView
         1789127342.465 20544 20544 D YTV2_DUMP: [48] parent=35 id=com.google.android.youtube:id/thumbnail text='null' desc='null' bounds=(772,253,948,352) class=android.widget.ImageView
         1789127342.465 20544 20544 D YTV2_DUMP: [49] parent=35 id=com.google.android.youtube:id/edit_suggestion text='null' desc='Edit suggestion parmar ssc' bounds=(948,236,1080,369) class=android.widget.ImageView
         1789127342.465 20544 20544 D YTV2_DUMP: [50] parent=36 id=com.google.android.youtube:id/search_type_icon text='null' desc='null' bounds=(11,369,143,502) class=android.widget.ImageView
         1789127342.465 20544 20544 D YTV2_DUMP: [51] parent=36 id=com.google.android.youtube:id/text text='Tanmay Bhat' desc='null' bounds=(143,404,772,468) class=android.widget.TextView
         1789127342.465 20544 20544 D YTV2_DUMP: [52] parent=36 id=com.google.android.youtube:id/thumbnail text='null' desc='null' bounds=(772,386,948,485) class=android.widget.ImageView
         1789127342.465 20544 20544 D YTV2_DUMP: [53] parent=36 id=com.google.android.youtube:id/edit_suggestion text='null' desc='Edit suggestion tanmay bhat' bounds=(948,369,1080,502) class=android.widget.ImageView
         1789127342.465 20544 20544 D YTV2_DUMP: [54] parent=37 id=com.google.android.youtube:id/search_type_icon text='null' desc='null' bounds=(11,502,143,635) class=android.widget.ImageView
         1789127342.465 20544 20544 D YTV2_DUMP: [55] parent=37 id=com.google.android.youtube:id/text text='safar parmar' desc='null' bounds=(143,537,772,601) class=android.widget.TextView
         1789127342.465 20544 20544 D YTV2_DUMP: [56] parent=37 id=com.google.android.youtube:id/thumbnail text='null' desc='null' bounds=(772,519,948,618) class=android.widget.ImageView
         1789127342.466 20544 20544 D YTV2_DUMP: [57] parent=37 id=com.google.android.youtube:id/edit_suggestion text='null' desc='Edit suggestion safar parmar' bounds=(948,502,1080,635) class=android.widget.ImageView
         1789127342.466 20544 20544 D YTV2_DUMP: [58] parent=38 id=com.google.android.youtube:id/search_type_icon text='null' desc='null' bounds=(11,635,143,768) class=android.widget.ImageView
         1789127342.466 20544 20544 D YTV2_DUMP: [59] parent=38 id=com.google.android.youtube:id/text text='Aakash Gupta' desc='null' bounds=(143,670,772,734) class=android.widget.TextView
         1789127342.466 20544 20544 D YTV2_DUMP: [60] parent=38 id=com.google.android.youtube:id/thumbnail text='null' desc='null' bounds=(772,652,948,751) class=android.widget.ImageView
         1789127342.466 20544 20544 D YTV2_DUMP: [61] parent=38 id=com.google.android.youtube:id/edit_suggestion text='null' desc='Edit suggestion aakash gupta' bounds=(948,635,1080,768) class=android.widget.ImageView
         1789127342.466 20544 20544 D YTV2_DUMP: [62] parent=39 id=com.google.android.youtube:id/search_type_icon text='null' desc='null' bounds=(11,768,143,901) class=android.widget.ImageView
         1789127342.466 20544 20544 D YTV2_DUMP: [63] parent=39 id=com.google.android.youtube:id/text text='parmar academy' desc='null' bounds=(143,803,772,867) class=android.widget.TextView
         1789127342.466 20544 20544 D YTV2_DUMP: [64] parent=39 id=com.google.android.youtube:id/thumbnail text='null' desc='null' bounds=(772,785,948,884) class=android.widget.ImageView
         1789127342.466 20544 20544 D YTV2_DUMP: [65] parent=39 id=com.google.android.youtube:id/edit_suggestion text='null' desc='Edit suggestion parmar academy' bounds=(948,768,1080,901) class=android.widget.ImageView
         1789127342.466 20544 20544 D YTV2_DUMP: [66] parent=40 id=com.google.android.youtube:id/search_type_icon text='null' desc='null' bounds=(11,901,143,1034) class=android.widget.ImageView
         1789127342.466 20544 20544 D YTV2_DUMP: [67] parent=40 id=com.google.android.youtube:id/text text='ganpati vandana' desc='null' bounds=(143,936,772,1000) class=android.widget.TextView
         1789127342.467 20544 20544 D YTV2_DUMP: [68] parent=40 id=com.google.android.youtube:id/thumbnail text='null' desc='null' bounds=(772,918,948,1017) class=android.widget.ImageView
         1789127342.467 20544 20544 D YTV2_DUMP: [69] parent=40 id=com.google.android.youtube:id/edit_suggestion text='null' desc='Edit suggestion ganpati vandana' bounds=(948,901,1080,1034) class=android.widget.ImageView
         1789127342.467 20544 20544 D YTV2_DUMP: [70] parent=41 id=com.google.android.youtube:id/search_type_icon text='null' desc='null' bounds=(11,1034,143,1167) class=android.widget.ImageView
         1789127342.467 20544 20544 D YTV2_DUMP: [71] parent=41 id=com.google.android.youtube:id/text text='ganpati bhajan' desc='null' bounds=(143,1069,772,1133) class=android.widget.TextView
         1789127342.467 20544 20544 D YTV2_DUMP: [72] parent=41 id=com.google.android.youtube:id/thumbnail text='null' desc='null' bounds=(772,1051,948,1150) class=android.widget.ImageView
         1789127342.467 20544 20544 D YTV2_DUMP: [73] parent=41 id=com.google.android.youtube:id/edit_suggestion text='null' desc='Edit suggestion ganpati bhajan' bounds=(948,1034,1080,1167) class=android.widget.ImageView
         1789127342.467 20544 20544 D YTV2_DUMP: [74] parent=42 id=com.google.android.youtube:id/text text='You may like' desc='null' bounds=(0,1197,1080,1268) class=android.widget.TextView
         1789127342.467 20544 20544 D YTV2_DUMP: [75] parent=43 id=com.google.android.youtube:id/search_type_icon text='null' desc='null' bounds=(11,1299,143,1435) class=android.widget.ImageView
         1789127342.468 20544 20544 D YTV2_DUMP: [76] parent=43 id=com.google.android.youtube:id/text text='t-series' desc='null' bounds=(143,1299,772,1363) class=android.widget.TextView
         1789127342.468 20544 20544 D YTV2_DUMP: [77] parent=43 id=com.google.android.youtube:id/byline text='Channel that you watch' desc='Channel that you watch' bounds=(143,1363,660,1421) class=android.widget.TextView
         1789127342.468 20544 20544 D YTV2_DUMP: [78] parent=43 id=com.google.android.youtube:id/thumbnail text='null' desc='null' bounds=(772,1318,948,1417) class=android.widget.ImageView
         1789127342.468 20544 20544 D YTV2_DUMP: [79] parent=43 id=com.google.android.youtube:id/edit_suggestion text='null' desc='Edit suggestion t-series' bounds=(948,1299,1080,1435) class=android.widget.ImageView
         1789127342.468 20544 20544 D YTV2_DUMP: [80] parent=44 id=com.google.android.youtube:id/search_edit_text text='Search YouTube' desc='null' bounds=(154,126,948,214) class=android.widget.EditText
         1789127342.479 20544 20544 D YTV2_DUMP: --> PARSED: kind=NON_PLAYBACK watchConfirmed=false title='null' handle='null' display='null' channelId='null'
         1789127342.806 20544 20544 D YTV2_DUMP: [0] parent=null id=null text='null' desc='null' bounds=(0,0,1080,2460) class=android.widget.FrameLayout
         1789127342.806 20544 20544 D YTV2_DUMP: [1] parent=0 id=null text='null' desc='null' bounds=(0,0,1080,2460) class=android.widget.LinearLayout
         1789127342.807 20544 20544 D YTV2_DUMP: [2] parent=0 id=android:id/navigationBarBackground text='null' desc='null' bounds=(0,2330,1080,2460) class=android.view.View
         1789127342.807 20544 20544 D YTV2_DUMP: [3] parent=1 id=null text='null' desc='null' bounds=(0,0,1080,2460) class=android.widget.FrameLayout
         1789127342.807 20544 20544 D YTV2_DUMP: [4] parent=3 id=com.google.android.youtube:id/action_bar_root text='null' desc='null' bounds=(0,0,1080,2460) class=android.widget.LinearLayout
         1789127342.807 20544 20544 D YTV2_DUMP: [5] parent=4 id=android:id/content text='null' desc='null' bounds=(0,0,1080,2460) class=android.widget.FrameLayout
         1789127342.807 20544 20544 D YTV2_DUMP: [6] parent=5 id=com.google.android.youtube:id/more_drawer_container text='null' desc='null' bounds=(0,0,1080,2460) class=androidx.drawerlayout.widget.DrawerLayout
         1789127342.807 20544 20544 D YTV2_DUMP: [7] parent=5 id=com.google.android.youtube:id/reel_time_bar text='null' desc='null' bounds=(0,0,1080,2460) class=android.view.ViewGroup
         1789127342.807 20544 20544 D YTV2_DUMP: [8] parent=6 id=com.google.android.youtube:id/slim_status_bar_player_container text='null' desc='null' bounds=(0,0,1080,2460) class=android.widget.FrameLayout
         1789127342.807 20544 20544 D YTV2_DUMP: [9] parent=8 id=com.google.android.youtube:id/navigation_bar_divider_frame text='null' desc='null' bounds=(0,0,1080,1629) class=android.view.ViewGroup
         1789127342.807 20544 20544 D YTV2_DUMP: [10] parent=8 id=null text='null' desc='null' bounds=(0,0,1080,104) class=android.widget.FrameLayout
         1789127342.808 20544 20544 D YTV2_DUMP: [11] parent=8 id=null text='null' desc='null' bounds=(0,0,3,3) class=android.view.View
         1789127342.808 20544 20544 D YTV2_DUMP: [12] parent=9 id=com.google.android.youtube:id/global_slim_status_bar_container text='null' desc='null' bounds=(0,0,1080,1629) class=android.widget.FrameLayout
         1789127342.808 20544 20544 D YTV2_DUMP: [13] parent=9 id=com.google.android.youtube:id/accessibility_layer_container text='null' desc='null' bounds=(0,0,1080,1629) class=android.widget.FrameLayout
         1789127342.808 20544 20544 D YTV2_DUMP: [14] parent=10 id=com.google.android.youtube:id/global_status_bar_view text='null' desc='null' bounds=(0,0,1080,104) class=android.view.View
         1789127342.808 20544 20544 D YTV2_DUMP: [15] parent=13 id=com.google.android.youtube:id/fullscreen_mode_container text='null' desc='null' bounds=(0,0,1080,0) class=android.widget.FrameLayout
         1789127342.808 20544 20544 D YTV2_DUMP: [16] parent=13 id=com.google.android.youtube:id/next_gen_watch_container_layout text='null' desc='null' bounds=(0,0,1080,1629) class=android.view.ViewGroup
         1789127342.808 20544 20544 D YTV2_DUMP: [17] parent=13 id=com.google.android.youtube:id/bottom_bar_container text='null' desc='null' bounds=(0,1629,1080,1629) class=android.widget.LinearLayout
         1789127342.808 20544 20544 D YTV2_DUMP: [18] parent=16 id=com.google.android.youtube:id/watch_while_layout_coordinator_layout text='null' desc='null' bounds=(0,0,1080,1629) class=android.view.ViewGroup
         1789127342.808 20544 20544 D YTV2_DUMP: [19] parent=18 id=com.google.android.youtube:id/fab_container text='null' desc='null' bounds=(0,0,1080,1629) class=android.widget.FrameLayout
         1789127342.808 20544 20544 D YTV2_DUMP: [20] parent=18 id=com.google.android.youtube:id/pane_fragment_container text='null' desc='null' bounds=(0,0,1080,1629) class=android.widget.FrameLayout
         1789127342.808 20544 20544 D YTV2_DUMP: [21] parent=18 id=com.google.android.youtube:id/root_pill_container text='null' desc='null' bounds=(0,1519,1080,1519) class=android.widget.FrameLayout
         1789127342.808 20544 20544 D YTV2_DUMP: [22] parent=18 id=com.google.android.youtube:id/pane_fragment_footer_container text='null' desc='null' bounds=(0,1629,1080,1629) class=android.widget.FrameLayout
         1789127342.808 20544 20544 D YTV2_DUMP: [23] parent=19 id=com.google.android.youtube:id/fab text='null' desc='Voice search' bounds=(904,1453,1058,1607) class=android.widget.ImageView
         1789127342.808 20544 20544 D YTV2_DUMP: [24] parent=20 id=com.google.android.youtube:id/browse_fragment_layout_coordinator_layout text='null' desc='null' bounds=(0,104,1080,1499) class=android.widget.ScrollView
         1789127342.808 20544 20544 D YTV2_DUMP: [25] parent=24 id=com.google.android.youtube:id/appbar_layout text='null' desc='null' bounds=(0,104,1080,236) class=android.widget.LinearLayout
         1789127342.809 20544 20544 D YTV2_DUMP: [26] parent=24 id=com.google.android.youtube:id/pane_fragment_contents text='null' desc='null' bounds=(0,236,1080,1499) class=android.widget.FrameLayout
         1789127342.809 20544 20544 D YTV2_DUMP: [27] parent=25 id=com.google.android.youtube:id/toolbar_container text='null' desc='null' bounds=(0,104,1080,236) class=android.widget.FrameLayout
         1789127342.809 20544 20544 D YTV2_DUMP: [28] parent=26 id=com.google.android.youtube:id/search_layout text='null' desc='null' bounds=(0,236,1080,1499) class=android.widget.FrameLayout
         1789127342.809 20544 20544 D YTV2_DUMP: [29] parent=27 id=com.google.android.youtube:id/collapsing_header_container text='null' desc='null' bounds=(0,104,1080,104) class=android.widget.FrameLayout
         1789127342.809 20544 20544 D YTV2_DUMP: [30] parent=27 id=com.google.android.youtube:id/toolbar text='null' desc='null' bounds=(0,104,1080,236) class=android.view.ViewGroup
         1789127342.809 20544 20544 D YTV2_DUMP: [31] parent=28 id=com.google.android.youtube:id/results_recycler_view text='null' desc='null' bounds=(0,236,1080,1435) class=android.support.v7.widget.RecyclerView
         1789127342.809 20544 20544 D YTV2_DUMP: [32] parent=30 id=null text='null' desc='Navigate up' bounds=(0,104,154,236) class=android.widget.ImageButton
         1789127342.809 20544 20544 D YTV2_DUMP: [33] parent=30 id=null text='null' desc='null' bounds=(154,104,1080,236) class=android.widget.RelativeLayout
         1789127342.809 20544 20544 D YTV2_DUMP: [34] parent=30 id=null text='null' desc='null' bounds=(1080,104,1080,236) class=android.support.v7.widget.LinearLayoutCompat
         1789127342.809 20544 20544 D YTV2_DUMP: [35] parent=31 id=com.google.android.youtube:id/linearLayout text='null' desc='null' bounds=(0,236,1080,369) class=android.view.ViewGroup
         1789127342.809 20544 20544 D YTV2_DUMP: [36] parent=31 id=com.google.android.youtube:id/linearLayout text='null' desc='null' bounds=(0,369,1080,502) class=android.view.ViewGroup
         1789127342.809 20544 20544 D YTV2_DUMP: [37] parent=31 id=com.google.android.youtube:id/linearLayout text='null' desc='null' bounds=(0,502,1080,635) class=android.view.ViewGroup
         1789127342.809 20544 20544 D YTV2_DUMP: [38] parent=31 id=com.google.android.youtube:id/linearLayout text='null' desc='null' bounds=(0,635,1080,768) class=android.view.ViewGroup
         1789127342.809 20544 20544 D YTV2_DUMP: [39] parent=31 id=com.google.android.youtube:id/linearLayout text='null' desc='null' bounds=(0,768,1080,901) class=android.view.ViewGroup
         1789127342.809 20544 20544 D YTV2_DUMP: [40] parent=31 id=com.google.android.youtube:id/linearLayout text='null' desc='null' bounds=(0,901,1080,1034) class=android.view.ViewGroup
         1789127342.809 20544 20544 D YTV2_DUMP: [41] parent=31 id=com.google.android.youtube:id/linearLayout text='null' desc='null' bounds=(0,1034,1080,1167) class=android.view.ViewGroup
         1789127342.809 20544 20544 D YTV2_DUMP: [42] parent=31 id=null text='null' desc='null' bounds=(0,1167,1080,1299) class=android.widget.LinearLayout
         1789127342.810 20544 20544 D YTV2_DUMP: [43] parent=31 id=com.google.android.youtube:id/linearLayout text='null' desc='null' bounds=(0,1299,1080,1435) class=android.view.ViewGroup
         1789127342.810 20544 20544 D YTV2_DUMP: [44] parent=33 id=com.google.android.youtube:id/search_box text='null' desc='null' bounds=(154,104,970,236) class=android.widget.LinearLayout
         1789127342.810 20544 20544 D YTV2_DUMP: [45] parent=33 id=com.google.android.youtube:id/voice_search text='null' desc='Voice search' bounds=(948,104,1080,236) class=android.widget.ImageView
         1789127342.810 20544 20544 D YTV2_DUMP: [46] parent=35 id=com.google.android.youtube:id/search_type_icon text='null' desc='null' bounds=(11,236,143,369) class=android.widget.ImageView
         1789127342.810 20544 20544 D YTV2_DUMP: [47] parent=35 id=com.google.android.youtube:id/text text='parmar ssc' desc='null' bounds=(143,271,772,335) class=android.widget.TextView
         1789127342.810 20544 20544 D YTV2_DUMP: [48] parent=35 id=com.google.android.youtube:id/thumbnail text='null' desc='null' bounds=(772,253,948,352) class=android.widget.ImageView
         1789127342.810 20544 20544 D YTV2_DUMP: [49] parent=35 id=com.google.android.youtube:id/edit_suggestion text='null' desc='Edit suggestion parmar ssc' bounds=(948,236,1080,369) class=android.widget.ImageView
         1789127342.810 20544 20544 D YTV2_DUMP: [50] parent=36 id=com.google.android.youtube:id/search_type_icon text='null' desc='null' bounds=(11,369,143,502) class=android.widget.ImageView
         1789127342.810 20544 20544 D YTV2_DUMP: [51] parent=36 id=com.google.android.youtube:id/text text='safar parmar' desc='null' bounds=(143,404,772,468) class=android.widget.TextView
         1789127342.810 20544 20544 D YTV2_DUMP: [52] parent=36 id=com.google.android.youtube:id/thumbnail text='null' desc='null' bounds=(772,386,948,485) class=android.widget.ImageView
         1789127342.810 20544 20544 D YTV2_DUMP: [53] parent=36 id=com.google.android.youtube:id/edit_suggestion text='null' desc='Edit suggestion safar parmar' bounds=(948,369,1080,502) class=android.widget.ImageView
         1789127342.810 20544 20544 D YTV2_DUMP: [54] parent=37 id=com.google.android.youtube:id/search_type_icon text='null' desc='null' bounds=(11,502,143,635) class=android.widget.ImageView
         1789127342.810 20544 20544 D YTV2_DUMP: [55] parent=37 id=com.google.android.youtube:id/text text='Tanmay Bhat' desc='null' bounds=(143,537,772,601) class=android.widget.TextView
         1789127342.810 20544 20544 D YTV2_DUMP: [56] parent=37 id=com.google.android.youtube:id/thumbnail text='null' desc='null' bounds=(772,519,948,618) class=android.widget.ImageView
         1789127342.810 20544 20544 D YTV2_DUMP: [57] parent=37 id=com.google.android.youtube:id/edit_suggestion text='null' desc='Edit suggestion tanmay bhat' bounds=(948,502,1080,635) class=android.widget.ImageView
         1789127342.811 20544 20544 D YTV2_DUMP: [58] parent=38 id=com.google.android.youtube:id/search_type_icon text='null' desc='null' bounds=(11,635,143,768) class=android.widget.ImageView
         1789127342.811 20544 20544 D YTV2_DUMP: [59] parent=38 id=com.google.android.youtube:id/text text='parmar academy' desc='null' bounds=(143,670,772,734) class=android.widget.TextView
         1789127342.811 20544 20544 D YTV2_DUMP: [60] parent=38 id=com.google.android.youtube:id/thumbnail text='null' desc='null' bounds=(772,652,948,751) class=android.widget.ImageView
         1789127342.811 20544 20544 D YTV2_DUMP: [61] parent=38 id=com.google.android.youtube:id/edit_suggestion text='null' desc='Edit suggestion parmar academy' bounds=(948,635,1080,768) class=android.widget.ImageView
         1789127342.811 20544 20544 D YTV2_DUMP: [62] parent=39 id=com.google.android.youtube:id/search_type_icon text='null' desc='null' bounds=(11,768,143,901) class=android.widget.ImageView
         1789127342.811 20544 20544 D YTV2_DUMP: [63] parent=39 id=com.google.android.youtube:id/text text='Aakash Gupta' desc='null' bounds=(143,803,772,867) class=android.widget.TextView
         1789127342.811 20544 20544 D YTV2_DUMP: [64] parent=39 id=com.google.android.youtube:id/thumbnail text='null' desc='null' bounds=(772,785,948,884) class=android.widget.ImageView
         1789127342.811 20544 20544 D YTV2_DUMP: [65] parent=39 id=com.google.android.youtube:id/edit_suggestion text='null' desc='Edit suggestion aakash gupta' bounds=(948,768,1080,901) class=android.widget.ImageView
         1789127342.812 20544 20544 D YTV2_DUMP: [66] parent=40 id=com.google.android.youtube:id/search_type_icon text='null' desc='null' bounds=(11,901,143,1034) class=android.widget.ImageView
         1789127342.812 20544 20544 D YTV2_DUMP: [67] parent=40 id=com.google.android.youtube:id/text text='ganpati vandana' desc='null' bounds=(143,936,772,1000) class=android.widget.TextView
         1789127342.812 20544 20544 D YTV2_DUMP: [68] parent=40 id=com.google.android.youtube:id/thumbnail text='null' desc='null' bounds=(772,918,948,1017) class=android.widget.ImageView
         1789127342.812 20544 20544 D YTV2_DUMP: [69] parent=40 id=com.google.android.youtube:id/edit_suggestion text='null' desc='Edit suggestion ganpati vandana' bounds=(948,901,1080,1034) class=android.widget.ImageView
         1789127342.812 20544 20544 D YTV2_DUMP: [70] parent=41 id=com.google.android.youtube:id/search_type_icon text='null' desc='null' bounds=(11,1034,143,1167) class=android.widget.ImageView
         1789127342.812 20544 20544 D YTV2_DUMP: [71] parent=41 id=com.google.android.youtube:id/text text='ganpati bhajan' desc='null' bounds=(143,1069,772,1133) class=android.widget.TextView
         1789127342.812 20544 20544 D YTV2_DUMP: [72] parent=41 id=com.google.android.youtube:id/thumbnail text='null' desc='null' bounds=(772,1051,948,1150) class=android.widget.ImageView
         1789127342.812 20544 20544 D YTV2_DUMP: [73] parent=41 id=com.google.android.youtube:id/edit_suggestion text='null' desc='Edit suggestion ganpati bhajan' bounds=(948,1034,1080,1167) class=android.widget.ImageView
         1789127342.812 20544 20544 D YTV2_DUMP: [74] parent=42 id=com.google.android.youtube:id/text text='You may like' desc='null' bounds=(0,1197,1080,1268) class=android.widget.TextView
         1789127342.812 20544 20544 D YTV2_DUMP: [75] parent=43 id=com.google.android.youtube:id/search_type_icon text='null' desc='null' bounds=(11,1299,143,1435) class=android.widget.ImageView
         1789127342.812 20544 20544 D YTV2_DUMP: [76] parent=43 id=com.google.android.youtube:id/text text='t-series' desc='null' bounds=(143,1299,772,1363) class=android.widget.TextView
         1789127342.812 20544 20544 D YTV2_DUMP: [77] parent=43 id=com.google.android.youtube:id/byline text='Channel that you watch' desc='Channel that you watch' bounds=(143,1363,660,1421) class=android.widget.TextView
         1789127342.812 20544 20544 D YTV2_DUMP: [78] parent=43 id=com.google.android.youtube:id/thumbnail text='null' desc='null' bounds=(772,1318,948,1417) class=android.widget.ImageView
         1789127342.812 20544 20544 D YTV2_DUMP: [79] parent=43 id=com.google.android.youtube:id/edit_suggestion text='null' desc='Edit suggestion t-series' bounds=(948,1299,1080,1435) class=android.widget.ImageView
         1789127342.812 20544 20544 D YTV2_DUMP: [80] parent=44 id=com.google.android.youtube:id/search_edit_text text='Search YouTube' desc='null' bounds=(154,126,948,214) class=android.widget.EditText
         1789127342.816 20544 20544 D YTV2_DUMP: --> PARSED: kind=NON_PLAYBACK watchConfirmed=false title='null' handle='null' display='null' channelId='null'
         1789127343.369 20544 20544 D YTV2_DUMP: [0] parent=null id=null text='null' desc='null' bounds=(0,0,1080,2460) class=android.widget.FrameLayout
         1789127343.370 20544 20544 D YTV2_DUMP: [1] parent=0 id=null text='null' desc='null' bounds=(0,0,1080,2460) class=android.widget.LinearLayout
         1789127343.370 20544 20544 D YTV2_DUMP: [2] parent=0 id=android:id/navigationBarBackground text='null' desc='null' bounds=(0,2330,1080,2460) class=android.view.View
         1789127343.370 20544 20544 D YTV2_DUMP: [3] parent=1 id=null text='null' desc='null' bounds=(0,0,1080,2460) class=android.widget.FrameLayout
         1789127343.371 20544 20544 D YTV2_DUMP: [4] parent=3 id=com.google.android.youtube:id/action_bar_root text='null' desc='null' bounds=(0,0,1080,2460) class=android.widget.LinearLayout
         1789127343.371 20544 20544 D YTV2_DUMP: [5] parent=4 id=android:id/content text='null' desc='null' bounds=(0,0,1080,2460) class=android.widget.FrameLayout
         1789127343.371 20544 20544 D YTV2_DUMP: [6] parent=5 id=com.google.android.youtube:id/more_drawer_container text='null' desc='null' bounds=(0,0,1080,2460) class=androidx.drawerlayout.widget.DrawerLayout
         1789127343.371 20544 20544 D YTV2_DUMP: [7] parent=5 id=com.google.android.youtube:id/reel_time_bar text='null' desc='null' bounds=(0,0,1080,2460) class=android.view.ViewGroup
         1789127343.371 20544 20544 D YTV2_DUMP: [8] parent=6 id=com.google.android.youtube:id/slim_status_bar_player_container text='null' desc='null' bounds=(0,0,1080,2460) class=android.widget.FrameLayout
         1789127343.371 20544 20544 D YTV2_DUMP: [9] parent=8 id=com.google.android.youtube:id/navigation_bar_divider_frame text='null' desc='null' bounds=(0,0,1080,2330) class=android.view.ViewGroup
         1789127343.371 20544 20544 D YTV2_DUMP: [10] parent=8 id=null text='null' desc='null' bounds=(0,0,1080,104) class=android.widget.FrameLayout
         1789127343.371 20544 20544 D YTV2_DUMP: [11] parent=8 id=null text='null' desc='null' bounds=(0,0,3,3) class=android.view.View
         1789127343.372 20544 20544 D YTV2_DUMP: [12] parent=9 id=com.google.android.youtube:id/global_slim_status_bar_container text='null' desc='null' bounds=(0,0,1080,2330) class=android.widget.FrameLayout
         1789127343.372 20544 20544 D YTV2_DUMP: [13] parent=9 id=com.google.android.youtube:id/accessibility_layer_container text='null' desc='null' bounds=(0,0,1080,2330) class=android.widget.FrameLayout
         1789127343.372 20544 20544 D YTV2_DUMP: [14] parent=10 id=com.google.android.youtube:id/global_status_bar_view text='null' desc='null' bounds=(0,0,1080,104) class=android.view.View
         1789127343.372 20544 20544 D YTV2_DUMP: [15] parent=13 id=com.google.android.youtube:id/fullscreen_mode_container text='null' desc='null' bounds=(0,0,1080,0) class=android.widget.FrameLayout
         1789127343.372 20544 20544 D YTV2_DUMP: [16] parent=13 id=com.google.android.youtube:id/next_gen_watch_container_layout text='null' desc='null' bounds=(0,0,1080,2330) class=android.view.ViewGroup
         1789127343.372 20544 20544 D YTV2_DUMP: [17] parent=13 id=com.google.android.youtube:id/bottom_bar_container text='null' desc='null' bounds=(0,2198,1080,2330) class=android.widget.LinearLayout
         1789127343.372 20544 20544 D YTV2_DUMP: [18] parent=16 id=com.google.android.youtube:id/watch_while_layout_coordinator_layout text='null' desc='null' bounds=(0,0,1080,2330) class=android.view.ViewGroup
         1789127343.372 20544 20544 D YTV2_DUMP: [19] parent=17 id=com.google.android.youtube:id/pivot_bar text='null' desc='null' bounds=(0,2198,1080,2330) class=android.widget.HorizontalScrollView
         1789127343.372 20544 20544 D YTV2_DUMP: [20] parent=18 id=com.google.android.youtube:id/fab_container text='null' desc='null' bounds=(0,0,1080,2330) class=android.widget.FrameLayout
         1789127343.372 20544 20544 D YTV2_DUMP: [21] parent=18 id=com.google.android.youtube:id/pane_fragment_container text='null' desc='null' bounds=(0,0,1080,2330) class=android.widget.FrameLayout
         1789127343.372 20544 20544 D YTV2_DUMP: [22] parent=18 id=com.google.android.youtube:id/root_pill_container text='null' desc='null' bounds=(0,2220,1080,2220) class=android.widget.FrameLayout
         1789127343.373 20544 20544 D YTV2_DUMP: [23] parent=18 id=com.google.android.youtube:id/pane_fragment_footer_container text='null' desc='null' bounds=(0,2330,1080,2330) class=android.widget.FrameLayout
         1789127343.373 20544 20544 D YTV2_DUMP: [24] parent=19 id=null text='null' desc='null' bounds=(0,2198,1080,2330) class=android.widget.LinearLayout
         1789127343.373 20544 20544 D YTV2_DUMP: [25] parent=21 id=com.google.android.youtube:id/browse_fragment_layout_coordinator_layout text='null' desc='null' bounds=(0,104,1080,2198) class=android.widget.ScrollView
         1789127343.373 20544 20544 D YTV2_DUMP: [26] parent=24 id=null text='null' desc='Home' bounds=(0,2198,216,2330) class=android.widget.Button
         1789127343.373 20544 20544 D YTV2_DUMP: [27] parent=24 id=null text='null' desc='Shorts' bounds=(216,2198,432,2330) class=android.widget.Button
         1789127343.373 20544 20544 D YTV2_DUMP: [28] parent=24 id=null text='null' desc='Create' bounds=(432,2198,648,2330) class=android.widget.Button
         1789127343.373 20544 20544 D YTV2_DUMP: [29] parent=24 id=null text='null' desc='Subscriptions: New content is available' bounds=(648,2198,864,2330) class=android.widget.Button
         1789127343.373 20544 20544 D YTV2_DUMP: [30] parent=24 id=null text='null' desc='You' bounds=(864,2198,1080,2330) class=android.widget.Button
         1789127343.373 20544 20544 D YTV2_DUMP: [31] parent=25 id=com.google.android.youtube:id/appbar_layout text='null' desc='null' bounds=(0,104,1080,236) class=android.widget.LinearLayout
         1789127343.373 20544 20544 D YTV2_DUMP: [32] parent=25 id=com.google.android.youtube:id/pane_fragment_contents text='null' desc='null' bounds=(0,236,1080,2198) class=android.widget.FrameLayout
         1789127343.373 20544 20544 D YTV2_DUMP: [33] parent=26 id=com.google.android.youtube:id/thumbnail_layout text='null' desc='null' bounds=(75,2210,141,2276) class=android.widget.FrameLayout
         1789127343.373 20544 20544 D YTV2_DUMP: [34] parent=26 id=com.google.android.youtube:id/text text='Home' desc='null' bounds=(67,2282,150,2319) class=android.widget.TextView
         1789127343.373 20544 20544 D YTV2_DUMP: [35] parent=27 id=com.google.android.youtube:id/thumbnail_layout text='null' desc='null' bounds=(291,2210,357,2276) class=android.widget.FrameLayout
         1789127343.373 20544 20544 D YTV2_DUMP: [36] parent=27 id=com.google.android.youtube:id/text text='Shorts' desc='null' bounds=(279,2282,369,2319) class=android.widget.TextView
         1789127343.373 20544 20544 D YTV2_DUMP: [37] parent=28 id=com.google.android.youtube:id/image text='null' desc='null' bounds=(491,2216,590,2315) class=android.widget.ImageView
         1789127343.373 20544 20544 D YTV2_DUMP: [38] parent=29 id=com.google.android.youtube:id/thumbnail_layout text='null' desc='null' bounds=(723,2210,789,2276) class=android.widget.FrameLayout
         1789127343.374 20544 20544 D YTV2_DUMP: [39] parent=29 id=com.google.android.youtube:id/new_content_dot text='null' desc='New content available' bounds=(761,2204,794,2237) class=android.view.View
         1789127343.374 20544 20544 D YTV2_DUMP: [40] parent=29 id=com.google.android.youtube:id/text text='Subscriptions' desc='null' bounds=(666,2282,847,2319) class=android.widget.TextView
         1789127343.374 20544 20544 D YTV2_DUMP: [41] parent=30 id=com.google.android.youtube:id/thumbnail_layout text='null' desc='null' bounds=(939,2210,1005,2276) class=android.widget.FrameLayout
         1789127343.374 20544 20544 D YTV2_DUMP: [42] parent=30 id=com.google.android.youtube:id/text text='You' desc='null' bounds=(946,2282,999,2319) class=android.widget.TextView
         1789127343.374 20544 20544 D YTV2_DUMP: [43] parent=31 id=com.google.android.youtube:id/toolbar_container text='null' desc='null' bounds=(0,104,1080,236) class=android.widget.FrameLayout
         1789127343.374 20544 20544 D YTV2_DUMP: [44] parent=32 id=com.google.android.youtube:id/loading_layout text='null' desc='null' bounds=(0,236,1080,2198) class=android.widget.FrameLayout
         1789127343.374 20544 20544 D YTV2_DUMP: [45] parent=33 id=com.google.android.youtube:id/image text='null' desc='null' bounds=(75,2210,141,2276) class=android.widget.ImageView
         1789127343.374 20544 20544 D YTV2_DUMP: [46] parent=35 id=com.google.android.youtube:id/image text='null' desc='null' bounds=(291,2210,357,2276) class=android.widget.ImageView
         1789127343.374 20544 20544 D YTV2_DUMP: [47] parent=38 id=com.google.android.youtube:id/image text='null' desc='null' bounds=(723,2210,789,2276) class=android.widget.ImageView
         1789127343.374 20544 20544 D YTV2_DUMP: [48] parent=41 id=com.google.android.youtube:id/pivot_bar_thumbnail text='null' desc='null' bounds=(939,2210,1005,2276) class=android.widget.ImageView
         1789127343.374 20544 20544 D YTV2_DUMP: [49] parent=43 id=com.google.android.youtube:id/collapsing_header_container text='null' desc='null' bounds=(0,104,1080,104) class=android.widget.FrameLayout
         1789127343.374 20544 20544 D YTV2_DUMP: [50] parent=43 id=com.google.android.youtube:id/toolbar text='null' desc='null' bounds=(0,104,1080,236) class=android.view.ViewGroup
         1789127343.374 20544 20544 D YTV2_DUMP: [51] parent=44 id=com.google.android.youtube:id/results text='null' desc='null' bounds=(0,236,1080,2198) class=android.support.v7.widget.RecyclerView
         1789127343.374 20544 20544 D YTV2_DUMP: [52] parent=44 id=com.google.android.youtube:id/load_progress text='null' desc='null' bounds=(463,1140,617,1294) class=android.widget.ProgressBar
         1789127343.375 20544 20544 D YTV2_DUMP: [53] parent=50 id=null text='null' desc='Navigate up' bounds=(0,104,154,236) class=android.widget.ImageButton
         1789127343.375 20544 20544 D YTV2_DUMP: [54] parent=50 id=null text='null' desc='null' bounds=(154,104,969,236) class=android.widget.RelativeLayout
         1789127343.375 20544 20544 D YTV2_DUMP: [55] parent=50 id=null text='null' desc='null' bounds=(969,104,1080,236) class=android.support.v7.widget.LinearLayoutCompat
         1789127343.375 20544 20544 D YTV2_DUMP: [56] parent=54 id=com.google.android.youtube:id/search_box text='null' desc='null' bounds=(154,104,837,236) class=android.widget.LinearLayout
         1789127343.375 20544 20544 D YTV2_DUMP: [57] parent=54 id=com.google.android.youtube:id/voice_search text='null' desc='Voice search' bounds=(837,104,969,236) class=android.widget.ImageView
         1789127343.375 20544 20544 D YTV2_DUMP: [58] parent=55 id=null text='null' desc='More options' bounds=(969,104,1080,236) class=android.widget.ImageView
         1789127343.375 20544 20544 D YTV2_DUMP: [59] parent=56 id=com.google.android.youtube:id/search_query text='parmar ssc' desc='null' bounds=(154,126,705,214) class=android.widget.TextView
         1789127343.375 20544 20544 D YTV2_DUMP: [60] parent=56 id=com.google.android.youtube:id/search_clear text='null' desc='Clear' bounds=(705,104,837,236) class=android.widget.ImageView
         1789127343.384 20544 20544 D YTV2_DUMP: --> PARSED: kind=NON_PLAYBACK watchConfirmed=false title='null' handle='null' display='null' channelId='null'
         1789127343.550 20544 20544 D YTV2_DUMP: [0] parent=null id=null text='null' desc='null' bounds=(0,0,1080,2460) class=android.widget.FrameLayout
         1789127343.550 20544 20544 D YTV2_DUMP: [1] parent=0 id=null text='null' desc='null' bounds=(0,0,1080,2460) class=android.widget.LinearLayout
         1789127343.550 20544 20544 D YTV2_DUMP: [2] parent=0 id=android:id/navigationBarBackground text='null' desc='null' bounds=(0,2330,1080,2460) class=android.view.View
         1789127343.550 20544 20544 D YTV2_DUMP: [3] parent=1 id=null text='null' desc='null' bounds=(0,0,1080,2460) class=android.widget.FrameLayout
         1789127343.551 20544 20544 D YTV2_DUMP: [4] parent=3 id=com.google.android.youtube:id/action_bar_root text='null' desc='null' bounds=(0,0,1080,2460) class=android.widget.LinearLayout
         1789127343.551 20544 20544 D YTV2_DUMP: [5] parent=4 id=android:id/content text='null' desc='null' bounds=(0,0,1080,2460) class=android.widget.FrameLayout
         1789127343.551 20544 20544 D YTV2_DUMP: [6] parent=5 id=com.google.android.youtube:id/more_drawer_container text='null' desc='null' bounds=(0,0,1080,2460) class=androidx.drawerlayout.widget.DrawerLayout
         1789127343.551 20544 20544 D YTV2_DUMP: [7] parent=5 id=com.google.android.youtube:id/reel_time_bar text='null' desc='null' bounds=(0,0,1080,2460) class=android.view.ViewGroup
         1789127343.551 20544 20544 D YTV2_DUMP: [8] parent=6 id=com.google.android.youtube:id/slim_status_bar_player_container text='null' desc='null' bounds=(0,0,1080,2460) class=android.widget.FrameLayout
         1789127343.551 20544 20544 D YTV2_DUMP: [9] parent=8 id=com.google.android.youtube:id/navigation_bar_divider_frame text='null' desc='null' bounds=(0,0,1080,2330) class=android.view.ViewGroup
         1789127343.551 20544 20544 D YTV2_DUMP: [10] parent=8 id=null text='null' desc='null' bounds=(0,0,1080,104) class=android.widget.FrameLayout
         1789127343.551 20544 20544 D YTV2_DUMP: [11] parent=8 id=null text='null' desc='null' bounds=(0,0,3,3) class=android.view.View
         1789127343.551 20544 20544 D YTV2_DUMP: [12] parent=9 id=com.google.android.youtube:id/global_slim_status_bar_container text='null' desc='null' bounds=(0,0,1080,2330) class=android.widget.FrameLayout
         1789127343.551 20544 20544 D YTV2_DUMP: [13] parent=9 id=com.google.android.youtube:id/accessibility_layer_container text='null' desc='null' bounds=(0,0,1080,2330) class=android.widget.FrameLayout
         1789127343.551 20544 20544 D YTV2_DUMP: [14] parent=10 id=com.google.android.youtube:id/global_status_bar_view text='null' desc='null' bounds=(0,0,1080,104) class=android.view.View
         1789127343.552 20544 20544 D YTV2_DUMP: [15] parent=13 id=com.google.android.youtube:id/fullscreen_mode_container text='null' desc='null' bounds=(0,0,1080,0) class=android.widget.FrameLayout
         1789127343.552 20544 20544 D YTV2_DUMP: [16] parent=13 id=com.google.android.youtube:id/next_gen_watch_container_layout text='null' desc='null' bounds=(0,0,1080,2330) class=android.view.ViewGroup
         1789127343.552 20544 20544 D YTV2_DUMP: [17] parent=13 id=com.google.android.youtube:id/bottom_bar_container text='null' desc='null' bounds=(0,2198,1080,2330) class=android.widget.LinearLayout
         1789127343.552 20544 20544 D YTV2_DUMP: [18] parent=16 id=com.google.android.youtube:id/watch_while_layout_coordinator_layout text='null' desc='null' bounds=(0,0,1080,2330) class=android.view.ViewGroup
         1789127343.552 20544 20544 D YTV2_DUMP: [19] parent=17 id=com.google.android.youtube:id/pivot_bar text='null' desc='null' bounds=(0,2198,1080,2330) class=android.widget.HorizontalScrollView
         1789127343.552 20544 20544 D YTV2_DUMP: [20] parent=18 id=com.google.android.youtube:id/fab_container text='null' desc='null' bounds=(0,0,1080,2330) class=android.widget.FrameLayout
         1789127343.552 20544 20544 D YTV2_DUMP: [21] parent=18 id=com.google.android.youtube:id/pane_fragment_container text='null' desc='null' bounds=(0,0,1080,2330) class=android.widget.FrameLayout
         1789127343.552 20544 20544 D YTV2_DUMP: [22] parent=18 id=com.google.android.youtube:id/root_pill_container text='null' desc='null' bounds=(0,2220,1080,2220) class=android.widget.FrameLayout
         1789127343.552 20544 20544 D YTV2_DUMP: [23] parent=18 id=com.google.android.youtube:id/pane_fragment_footer_container text='null' desc='null' bounds=(0,2330,1080,2330) class=android.widget.FrameLayout
         1789127343.552 20544 20544 D YTV2_DUMP: [24] parent=19 id=null text='null' desc='null' bounds=(0,2198,1080,2330) class=android.widget.LinearLayout
         1789127343.552 20544 20544 D YTV2_DUMP: [25] parent=21 id=com.google.android.youtube:id/browse_fragment_layout_coordinator_layout text='null' desc='null' bounds=(0,104,1080,2198) class=android.widget.ScrollView
         1789127343.552 20544 20544 D YTV2_DUMP: [26] parent=24 id=null text='null' desc='Home' bounds=(0,2198,216,2330) class=android.widget.Button
         1789127343.553 20544 20544 D YTV2_DUMP: [27] parent=24 id=null text='null' desc='Shorts' bounds=(216,2198,432,2330) class=android.widget.Button
         1789127343.553 20544 20544 D YTV2_DUMP: [28] parent=24 id=null text='null' desc='Create' bounds=(432,2198,648,2330) class=android.widget.Button
         1789127343.553 20544 20544 D YTV2_DUMP: [29] parent=24 id=null text='null' desc='Subscriptions: New content is available' bounds=(648,2198,864,2330) class=android.widget.Button
         1789127343.553 20544 20544 D YTV2_DUMP: [30] parent=24 id=null text='null' desc='You' bounds=(864,2198,1080,2330) class=android.widget.Button
         1789127343.553 20544 20544 D YTV2_DUMP: [31] parent=25 id=com.google.android.youtube:id/appbar_layout text='null' desc='null' bounds=(0,104,1080,236) class=android.widget.LinearLayout
         1789127343.553 20544 20544 D YTV2_DUMP: [32] parent=25 id=com.google.android.youtube:id/pane_fragment_contents text='null' desc='null' bounds=(0,236,1080,2198) class=android.widget.FrameLayout
         1789127343.553 20544 20544 D YTV2_DUMP: [33] parent=26 id=com.google.android.youtube:id/thumbnail_layout text='null' desc='null' bounds=(75,2210,141,2276) class=android.widget.FrameLayout
         1789127343.553 20544 20544 D YTV2_DUMP: [34] parent=26 id=com.google.android.youtube:id/text text='Home' desc='null' bounds=(67,2282,150,2319) class=android.widget.TextView
         1789127343.553 20544 20544 D YTV2_DUMP: [35] parent=27 id=com.google.android.youtube:id/thumbnail_layout text='null' desc='null' bounds=(291,2210,357,2276) class=android.widget.FrameLayout
         1789127343.553 20544 20544 D YTV2_DUMP: [36] parent=27 id=com.google.android.youtube:id/text text='Shorts' desc='null' bounds=(279,2282,369,2319) class=android.widget.TextView
         1789127343.553 20544 20544 D YTV2_DUMP: [37] parent=28 id=com.google.android.youtube:id/image text='null' desc='null' bounds=(491,2216,590,2315) class=android.widget.ImageView
         1789127343.553 20544 20544 D YTV2_DUMP: [38] parent=29 id=com.google.android.youtube:id/thumbnail_layout text='null' desc='null' bounds=(723,2210,789,2276) class=android.widget.FrameLayout
         1789127343.553 20544 20544 D YTV2_DUMP: [39] parent=29 id=com.google.android.youtube:id/new_content_dot text='null' desc='New content available' bounds=(761,2204,794,2237) class=android.view.View
         1789127343.554 20544 20544 D YTV2_DUMP: [40] parent=29 id=com.google.android.youtube:id/text text='Subscriptions' desc='null' bounds=(666,2282,847,2319) class=android.widget.TextView
         1789127343.554 20544 20544 D YTV2_DUMP: [41] parent=30 id=com.google.android.youtube:id/thumbnail_layout text='null' desc='null' bounds=(939,2210,1005,2276) class=android.widget.FrameLayout
         1789127343.554 20544 20544 D YTV2_DUMP: [42] parent=30 id=com.google.android.youtube:id/text text='You' desc='null' bounds=(946,2282,999,2319) class=android.widget.TextView
         1789127343.554 20544 20544 D YTV2_DUMP: [43] parent=31 id=com.google.android.youtube:id/toolbar_container text='null' desc='null' bounds=(0,104,1080,236) class=android.widget.FrameLayout
         1789127343.554 20544 20544 D YTV2_DUMP: [44] parent=32 id=com.google.android.youtube:id/loading_layout text='null' desc='null' bounds=(0,236,1080,2198) class=android.widget.FrameLayout
         1789127343.554 20544 20544 D YTV2_DUMP: [45] parent=33 id=com.google.android.youtube:id/image text='null' desc='null' bounds=(75,2210,141,2276) class=android.widget.ImageView
         1789127343.554 20544 20544 D YTV2_DUMP: [46] parent=35 id=com.google.android.youtube:id/image text='null' desc='null' bounds=(291,2210,357,2276) class=android.widget.ImageView
         1789127343.554 20544 20544 D YTV2_DUMP: [47] parent=38 id=com.google.android.youtube:id/image text='null' desc='null' bounds=(723,2210,789,2276) class=android.widget.ImageView
         1789127343.554 20544 20544 D YTV2_DUMP: [48] parent=41 id=com.google.android.youtube:id/pivot_bar_thumbnail text='null' desc='null' bounds=(939,2210,1005,2276) class=android.widget.ImageView
         1789127343.554 20544 20544 D YTV2_DUMP: [49] parent=43 id=com.google.android.youtube:id/collapsing_header_container text='null' desc='null' bounds=(0,104,1080,104) class=android.widget.FrameLayout
         1789127343.555 20544 20544 D YTV2_DUMP: [50] parent=43 id=com.google.android.youtube:id/toolbar text='null' desc='null' bounds=(0,104,1080,236) class=android.view.ViewGroup
         1789127343.555 20544 20544 D YTV2_DUMP: [51] parent=44 id=com.google.android.youtube:id/results text='null' desc='null' bounds=(0,236,1080,2198) class=android.support.v7.widget.RecyclerView
         1789127343.555 20544 20544 D YTV2_DUMP: [52] parent=44 id=com.google.android.youtube:id/load_progress text='null' desc='null' bounds=(463,1140,617,1294) class=android.widget.ProgressBar
         1789127343.555 20544 20544 D YTV2_DUMP: [53] parent=50 id=null text='null' desc='Navigate up' bounds=(0,104,154,236) class=android.widget.ImageButton
         1789127343.555 20544 20544 D YTV2_DUMP: [54] parent=50 id=null text='null' desc='null' bounds=(154,104,969,236) class=android.widget.RelativeLayout
         1789127343.555 20544 20544 D YTV2_DUMP: [55] parent=50 id=null text='null' desc='null' bounds=(969,104,1080,236) class=android.support.v7.widget.LinearLayoutCompat
         1789127343.555 20544 20544 D YTV2_DUMP: [56] parent=54 id=com.google.android.youtube:id/search_box text='null' desc='null' bounds=(154,104,837,236) class=android.widget.LinearLayout
         1789127343.555 20544 20544 D YTV2_DUMP: [57] parent=54 id=com.google.android.youtube:id/voice_search text='null' desc='Voice search' bounds=(837,104,969,236) class=android.widget.ImageView
         1789127343.556 20544 20544 D YTV2_DUMP: [58] parent=55 id=null text='null' desc='More options' bounds=(969,104,1080,236) class=android.widget.ImageView
         1789127343.556 20544 20544 D YTV2_DUMP: [59] parent=56 id=com.google.android.youtube:id/search_query text='parmar ssc' desc='null' bounds=(154,126,705,214) class=android.widget.TextView
         1789127343.556 20544 20544 D YTV2_DUMP: [60] parent=56 id=com.google.android.youtube:id/search_clear text='null' desc='Clear' bounds=(705,104,837,236) class=android.widget.ImageView
         1789127343.567 20544 20544 D YTV2_DUMP: --> PARSED: kind=NON_PLAYBACK watchConfirmed=false title='null' handle='null' display='null' channelId='null'
         1789127343.666 20544 20544 D YTV2_DUMP: [0] parent=null id=null text='null' desc='null' bounds=(0,0,1080,2460) class=android.widget.FrameLayout
         1789127343.666 20544 20544 D YTV2_DUMP: [1] parent=0 id=null text='null' desc='null' bounds=(0,0,1080,2460) class=android.widget.LinearLayout
         1789127343.666 20544 20544 D YTV2_DUMP: [2] parent=0 id=android:id/navigationBarBackground text='null' desc='null' bounds=(0,2330,1080,2460) class=android.view.View
         1789127343.666 20544 20544 D YTV2_DUMP: [3] parent=1 id=null text='null' desc='null' bounds=(0,0,1080,2460) class=android.widget.FrameLayout
         1789127343.666 20544 20544 D YTV2_DUMP: [4] parent=3 id=com.google.android.youtube:id/action_bar_root text='null' desc='null' bounds=(0,0,1080,2460) class=android.widget.LinearLayout
         1789127343.666 20544 20544 D YTV2_DUMP: [5] parent=4 id=android:id/content text='null' desc='null' bounds=(0,0,1080,2460) class=android.widget.FrameLayout
         1789127343.666 20544 20544 D YTV2_DUMP: [6] parent=5 id=com.google.android.youtube:id/more_drawer_container text='null' desc='null' bounds=(0,0,1080,2460) class=androidx.drawerlayout.widget.DrawerLayout
         1789127343.667 20544 20544 D YTV2_DUMP: [7] parent=5 id=com.google.android.youtube:id/reel_time_bar text='null' desc='null' bounds=(0,0,1080,2460) class=android.view.ViewGroup
         1789127343.667 20544 20544 D YTV2_DUMP: [8] parent=6 id=com.google.android.youtube:id/slim_status_bar_player_container text='null' desc='null' bounds=(0,0,1080,2460) class=android.widget.FrameLayout
         1789127343.667 20544 20544 D YTV2_DUMP: [9] parent=8 id=com.google.android.youtube:id/navigation_bar_divider_frame text='null' desc='null' bounds=(0,0,1080,2330) class=android.view.ViewGroup
         1789127343.667 20544 20544 D YTV2_DUMP: [10] parent=8 id=null text='null' desc='null' bounds=(0,0,1080,104) class=android.widget.FrameLayout
         1789127343.667 20544 20544 D YTV2_DUMP: [11] parent=8 id=null text='null' desc='null' bounds=(0,0,3,3) class=android.view.View
         1789127343.667 20544 20544 D YTV2_DUMP: [12] parent=9 id=com.google.android.youtube:id/global_slim_status_bar_container text='null' desc='null' bounds=(0,0,1080,2330) class=android.widget.FrameLayout
         1789127343.667 20544 20544 D YTV2_DUMP: [13] parent=9 id=com.google.android.youtube:id/accessibility_layer_container text='null' desc='null' bounds=(0,0,1080,2330) class=android.widget.FrameLayout
         1789127343.667 20544 20544 D YTV2_DUMP: [14] parent=10 id=com.google.android.youtube:id/global_status_bar_view text='null' desc='null' bounds=(0,0,1080,104) class=android.view.View
         1789127343.667 20544 20544 D YTV2_DUMP: [15] parent=13 id=com.google.android.youtube:id/fullscreen_mode_container text='null' desc='null' bounds=(0,0,1080,0) class=android.widget.FrameLayout
         1789127343.667 20544 20544 D YTV2_DUMP: [16] parent=13 id=com.google.android.youtube:id/next_gen_watch_container_layout text='null' desc='null' bounds=(0,0,1080,2330) class=android.view.ViewGroup
         1789127343.667 20544 20544 D YTV2_DUMP: [17] parent=13 id=com.google.android.youtube:id/bottom_bar_container text='null' desc='null' bounds=(0,2198,1080,2330) class=android.widget.LinearLayout
         1789127343.667 20544 20544 D YTV2_DUMP: [18] parent=16 id=com.google.android.youtube:id/watch_while_layout_coordinator_layout text='null' desc='null' bounds=(0,0,1080,2330) class=android.view.ViewGroup
         1789127343.667 20544 20544 D YTV2_DUMP: [19] parent=17 id=com.google.android.youtube:id/pivot_bar text='null' desc='null' bounds=(0,2198,1080,2330) class=android.widget.HorizontalScrollView
         1789127343.667 20544 20544 D YTV2_DUMP: [20] parent=18 id=com.google.android.youtube:id/fab_container text='null' desc='null' bounds=(0,0,1080,2330) class=android.widget.FrameLayout
         1789127343.667 20544 20544 D YTV2_DUMP: [21] parent=18 id=com.google.android.youtube:id/pane_fragment_container text='null' desc='null' bounds=(0,0,1080,2330) class=android.widget.FrameLayout
         1789127343.667 20544 20544 D YTV2_DUMP: [22] parent=18 id=com.google.android.youtube:id/root_pill_container text='null' desc='null' bounds=(0,2220,1080,2220) class=android.widget.FrameLayout
         1789127343.668 20544 20544 D YTV2_DUMP: [23] parent=18 id=com.google.android.youtube:id/pane_fragment_footer_container text='null' desc='null' bounds=(0,2330,1080,2330) class=android.widget.FrameLayout
         1789127343.668 20544 20544 D YTV2_DUMP: [24] parent=19 id=null text='null' desc='null' bounds=(0,2198,1080,2330) class=android.widget.LinearLayout
         1789127343.668 20544 20544 D YTV2_DUMP: [25] parent=21 id=com.google.android.youtube:id/browse_fragment_layout_coordinator_layout text='null' desc='null' bounds=(0,104,1080,2198) class=android.widget.ScrollView
         1789127343.668 20544 20544 D YTV2_DUMP: [26] parent=24 id=null text='null' desc='Home' bounds=(0,2198,216,2330) class=android.widget.Button
         1789127343.668 20544 20544 D YTV2_DUMP: [27] parent=24 id=null text='null' desc='Shorts' bounds=(216,2198,432,2330) class=android.widget.Button
         1789127343.668 20544 20544 D YTV2_DUMP: [28] parent=24 id=null text='null' desc='Create' bounds=(432,2198,648,2330) class=android.widget.Button
         1789127343.668 20544 20544 D YTV2_DUMP: [29] parent=24 id=null text='null' desc='Subscriptions: New content is available' bounds=(648,2198,864,2330) class=android.widget.Button
         1789127343.668 20544 20544 D YTV2_DUMP: [30] parent=24 id=null text='null' desc='You' bounds=(864,2198,1080,2330) class=android.widget.Button
         1789127343.668 20544 20544 D YTV2_DUMP: [31] parent=25 id=com.google.android.youtube:id/appbar_layout text='null' desc='null' bounds=(0,104,1080,236) class=android.widget.LinearLayout
         1789127343.668 20544 20544 D YTV2_DUMP: [32] parent=25 id=com.google.android.youtube:id/pane_fragment_contents text='null' desc='null' bounds=(0,236,1080,2198) class=android.widget.FrameLayout
         1789127343.668 20544 20544 D YTV2_DUMP: [33] parent=26 id=com.google.android.youtube:id/thumbnail_layout text='null' desc='null' bounds=(75,2210,141,2276) class=android.widget.FrameLayout
         1789127343.668 20544 20544 D YTV2_DUMP: [34] parent=26 id=com.google.android.youtube:id/text text='Home' desc='null' bounds=(67,2282,150,2319) class=android.widget.TextView
         1789127343.668 20544 20544 D YTV2_DUMP: [35] parent=27 id=com.google.android.youtube:id/thumbnail_layout text='null' desc='null' bounds=(291,2210,357,2276) class=android.widget.FrameLayout
         1789127343.669 20544 20544 D YTV2_DUMP: [36] parent=27 id=com.google.android.youtube:id/text text='Shorts' desc='null' bounds=(279,2282,369,2319) class=android.widget.TextView
         1789127343.669 20544 20544 D YTV2_DUMP: [37] parent=28 id=com.google.android.youtube:id/image text='null' desc='null' bounds=(491,2216,590,2315) class=android.widget.ImageView
         1789127343.669 20544 20544 D YTV2_DUMP: [38] parent=29 id=com.google.android.youtube:id/thumbnail_layout text='null' desc='null' bounds=(723,2210,789,2276) class=android.widget.FrameLayout
         1789127343.669 20544 20544 D YTV2_DUMP: [39] parent=29 id=com.google.android.youtube:id/new_content_dot text='null' desc='New content available' bounds=(761,2204,794,2237) class=android.view.View
         1789127343.669 20544 20544 D YTV2_DUMP: [40] parent=29 id=com.google.android.youtube:id/text text='Subscriptions' desc='null' bounds=(666,2282,847,2319) class=android.widget.TextView
         1789127343.669 20544 20544 D YTV2_DUMP: [41] parent=30 id=com.google.android.youtube:id/thumbnail_layout text='null' desc='null' bounds=(939,2210,1005,2276) class=android.widget.FrameLayout
         1789127343.669 20544 20544 D YTV2_DUMP: [42] parent=30 id=com.google.android.youtube:id/text text='You' desc='null' bounds=(946,2282,999,2319) class=android.widget.TextView
         1789127343.669 20544 20544 D YTV2_DUMP: [43] parent=31 id=com.google.android.youtube:id/toolbar_container text='null' desc='null' bounds=(0,104,1080,236) class=android.widget.FrameLayout
         1789127343.669 20544 20544 D YTV2_DUMP: [44] parent=32 id=com.google.android.youtube:id/loading_layout text='null' desc='null' bounds=(0,236,1080,2198) class=android.widget.FrameLayout
         1789127343.669 20544 20544 D YTV2_DUMP: [45] parent=33 id=com.google.android.youtube:id/image text='null' desc='null' bounds=(75,2210,141,2276) class=android.widget.ImageView
         1789127343.669 20544 20544 D YTV2_DUMP: [46] parent=35 id=com.google.android.youtube:id/image text='null' desc='null' bounds=(291,2210,357,2276) class=android.widget.ImageView
         1789127343.669 20544 20544 D YTV2_DUMP: [47] parent=38 id=com.google.android.youtube:id/image text='null' desc='null' bounds=(723,2210,789,2276) class=android.widget.ImageView
         1789127343.670 20544 20544 D YTV2_DUMP: [48] parent=41 id=com.google.android.youtube:id/pivot_bar_thumbnail text='null' desc='null' bounds=(939,2210,1005,2276) class=android.widget.ImageView
         1789127343.670 20544 20544 D YTV2_DUMP: [49] parent=43 id=com.google.android.youtube:id/collapsing_header_container text='null' desc='null' bounds=(0,104,1080,104) class=android.widget.FrameLayout
         1789127343.670 20544 20544 D YTV2_DUMP: [50] parent=43 id=com.google.android.youtube:id/toolbar text='null' desc='null' bounds=(0,104,1080,236) class=android.view.ViewGroup
         1789127343.670 20544 20544 D YTV2_DUMP: [51] parent=44 id=com.google.android.youtube:id/results text='null' desc='null' bounds=(0,236,1080,2198) class=android.support.v7.widget.RecyclerView
         1789127343.670 20544 20544 D YTV2_DUMP: [52] parent=44 id=com.google.android.youtube:id/load_progress text='null' desc='null' bounds=(463,1140,617,1294) class=android.widget.ProgressBar
         1789127343.670 20544 20544 D YTV2_DUMP: [53] parent=50 id=null text='null' desc='Navigate up' bounds=(0,104,154,236) class=android.widget.ImageButton
         1789127343.670 20544 20544 D YTV2_DUMP: [54] parent=50 id=null text='null' desc='null' bounds=(154,104,969,236) class=android.widget.RelativeLayout
         1789127343.670 20544 20544 D YTV2_DUMP: [55] parent=50 id=null text='null' desc='null' bounds=(969,104,1080,236) class=android.support.v7.widget.LinearLayoutCompat
         1789127343.670 20544 20544 D YTV2_DUMP: [56] parent=54 id=com.google.android.youtube:id/search_box text='null' desc='null' bounds=(154,104,837,236) class=android.widget.LinearLayout
         1789127343.670 20544 20544 D YTV2_DUMP: [57] parent=54 id=com.google.android.youtube:id/voice_search text='null' desc='Voice search' bounds=(837,104,969,236) class=android.widget.ImageView
         1789127343.670 20544 20544 D YTV2_DUMP: [58] parent=55 id=null text='null' desc='More options' bounds=(969,104,1080,236) class=android.widget.ImageView
         1789127343.671 20544 20544 D YTV2_DUMP: [59] parent=56 id=com.google.android.youtube:id/search_query text='parmar ssc' desc='null' bounds=(154,126,705,214) class=android.widget.TextView
         1789127343.671 20544 20544 D YTV2_DUMP: [60] parent=56 id=com.google.android.youtube:id/search_clear text='null' desc='Clear' bounds=(705,104,837,236) class=android.widget.ImageView
         1789127343.678 20544 20544 D YTV2_DUMP: --> PARSED: kind=NON_PLAYBACK watchConfirmed=false title='null' handle='null' display='null' channelId='null'
         1789127343.832 20544 20544 D YTV2_DUMP: [0] parent=null id=null text='null' desc='null' bounds=(0,0,1080,2460) class=android.widget.FrameLayout
         1789127343.832 20544 20544 D YTV2_DUMP: [1] parent=0 id=null text='null' desc='null' bounds=(0,0,1080,2460) class=android.widget.LinearLayout
         1789127343.833 20544 20544 D YTV2_DUMP: [2] parent=0 id=android:id/navigationBarBackground text='null' desc='null' bounds=(0,2330,1080,2460) class=android.view.View
         1789127343.833 20544 20544 D YTV2_DUMP: [3] parent=1 id=null text='null' desc='null' bounds=(0,0,1080,2460) class=android.widget.FrameLayout
         1789127343.833 20544 20544 D YTV2_DUMP: [4] parent=3 id=com.google.android.youtube:id/action_bar_root text='null' desc='null' bounds=(0,0,1080,2460) class=android.widget.LinearLayout
         1789127343.833 20544 20544 D YTV2_DUMP: [5] parent=4 id=android:id/content text='null' desc='null' bounds=(0,0,1080,2460) class=android.widget.FrameLayout
         1789127343.833 20544 20544 D YTV2_DUMP: [6] parent=5 id=com.google.android.youtube:id/more_drawer_container text='null' desc='null' bounds=(0,0,1080,2460) class=androidx.drawerlayout.widget.DrawerLayout
         1789127343.833 20544 20544 D YTV2_DUMP: [7] parent=5 id=com.google.android.youtube:id/reel_time_bar text='null' desc='null' bounds=(0,0,1080,2460) class=android.view.ViewGroup
         1789127343.833 20544 20544 D YTV2_DUMP: [8] parent=6 id=com.google.android.youtube:id/slim_status_bar_player_container text='null' desc='null' bounds=(0,0,1080,2460) class=android.widget.FrameLayout
         1789127343.833 20544 20544 D YTV2_DUMP: [9] parent=8 id=com.google.android.youtube:id/navigation_bar_divider_frame text='null' desc='null' bounds=(0,0,1080,2330) class=android.view.ViewGroup
         1789127343.833 20544 20544 D YTV2_DUMP: [10] parent=8 id=null text='null' desc='null' bounds=(0,0,1080,104) class=android.widget.FrameLayout
         1789127343.833 20544 20544 D YTV2_DUMP: [11] parent=8 id=null text='null' desc='null' bounds=(0,0,3,3) class=android.view.View
         1789127343.833 20544 20544 D YTV2_DUMP: [12] parent=9 id=com.google.android.youtube:id/global_slim_status_bar_container text='null' desc='null' bounds=(0,0,1080,2330) class=android.widget.FrameLayout
         1789127343.833 20544 20544 D YTV2_DUMP: [13] parent=9 id=com.google.android.youtube:id/accessibility_layer_container text='null' desc='null' bounds=(0,0,1080,2330) class=android.widget.FrameLayout
         1789127343.833 20544 20544 D YTV2_DUMP: [14] parent=10 id=com.google.android.youtube:id/global_status_bar_view text='null' desc='null' bounds=(0,0,1080,104) class=android.view.View
         1789127343.833 20544 20544 D YTV2_DUMP: [15] parent=13 id=com.google.android.youtube:id/fullscreen_mode_container text='null' desc='null' bounds=(0,0,1080,0) class=android.widget.FrameLayout
         1789127343.833 20544 20544 D YTV2_DUMP: [16] parent=13 id=com.google.android.youtube:id/next_gen_watch_container_layout text='null' desc='null' bounds=(0,0,1080,2330) class=android.view.ViewGroup
         1789127343.833 20544 20544 D YTV2_DUMP: [17] parent=13 id=com.google.android.youtube:id/bottom_bar_container text='null' desc='null' bounds=(0,2198,1080,2330) class=android.widget.LinearLayout
         1789127343.834 20544 20544 D YTV2_DUMP: [18] parent=16 id=com.google.android.youtube:id/watch_while_layout_coordinator_layout text='null' desc='null' bounds=(0,0,1080,2330) class=android.view.ViewGroup
         1789127343.834 20544 20544 D YTV2_DUMP: [19] parent=17 id=com.google.android.youtube:id/pivot_bar text='null' desc='null' bounds=(0,2198,1080,2330) class=android.widget.HorizontalScrollView
         1789127343.834 20544 20544 D YTV2_DUMP: [20] parent=18 id=com.google.android.youtube:id/fab_container text='null' desc='null' bounds=(0,0,1080,2330) class=android.widget.FrameLayout
         1789127343.834 20544 20544 D YTV2_DUMP: [21] parent=18 id=com.google.android.youtube:id/pane_fragment_container text='null' desc='null' bounds=(0,0,1080,2330) class=android.widget.FrameLayout
         1789127343.834 20544 20544 D YTV2_DUMP: [22] parent=18 id=com.google.android.youtube:id/root_pill_container text='null' desc='null' bounds=(0,2220,1080,2220) class=android.widget.FrameLayout
         1789127343.834 20544 20544 D YTV2_DUMP: [23] parent=18 id=com.google.android.youtube:id/pane_fragment_footer_container text='null' desc='null' bounds=(0,2330,1080,2330) class=android.widget.FrameLayout
         1789127343.834 20544 20544 D YTV2_DUMP: [24] parent=19 id=null text='null' desc='null' bounds=(0,2198,1080,2330) class=android.widget.LinearLayout
         1789127343.834 20544 20544 D YTV2_DUMP: [25] parent=21 id=com.google.android.youtube:id/browse_fragment_layout_coordinator_layout text='null' desc='null' bounds=(0,104,1080,2198) class=android.widget.ScrollView
         1789127343.834 20544 20544 D YTV2_DUMP: [26] parent=24 id=null text='null' desc='Home' bounds=(0,2198,216,2330) class=android.widget.Button
         1789127343.834 20544 20544 D YTV2_DUMP: [27] parent=24 id=null text='null' desc='Shorts' bounds=(216,2198,432,2330) class=android.widget.Button
         1789127343.834 20544 20544 D YTV2_DUMP: [28] parent=24 id=null text='null' desc='Create' bounds=(432,2198,648,2330) class=android.widget.Button
         1789127343.834 20544 20544 D YTV2_DUMP: [29] parent=24 id=null text='null' desc='Subscriptions: New content is available' bounds=(648,2198,864,2330) class=android.widget.Button
         1789127343.834 20544 20544 D YTV2_DUMP: [30] parent=24 id=null text='null' desc='You' bounds=(864,2198,1080,2330) class=android.widget.Button
         1789127343.835 20544 20544 D YTV2_DUMP: [31] parent=25 id=com.google.android.youtube:id/appbar_layout text='null' desc='null' bounds=(0,104,1080,236) class=android.widget.LinearLayout
         1789127343.835 20544 20544 D YTV2_DUMP: [32] parent=25 id=com.google.android.youtube:id/pane_fragment_contents text='null' desc='null' bounds=(0,236,1080,2198) class=android.widget.FrameLayout
         1789127343.835 20544 20544 D YTV2_DUMP: [33] parent=26 id=com.google.android.youtube:id/thumbnail_layout text='null' desc='null' bounds=(75,2210,141,2276) class=android.widget.FrameLayout
         1789127343.835 20544 20544 D YTV2_DUMP: [34] parent=26 id=com.google.android.youtube:id/text text='Home' desc='null' bounds=(67,2282,150,2319) class=android.widget.TextView
         1789127343.835 20544 20544 D YTV2_DUMP: [35] parent=27 id=com.google.android.youtube:id/thumbnail_layout text='null' desc='null' bounds=(291,2210,357,2276) class=android.widget.FrameLayout
         1789127343.835 20544 20544 D YTV2_DUMP: [36] parent=27 id=com.google.android.youtube:id/text text='Shorts' desc='null' bounds=(279,2282,369,2319) class=android.widget.TextView
         1789127343.835 20544 20544 D YTV2_DUMP: [37] parent=28 id=com.google.android.youtube:id/image text='null' desc='null' bounds=(491,2216,590,2315) class=android.widget.ImageView
         1789127343.835 20544 20544 D YTV2_DUMP: [38] parent=29 id=com.google.android.youtube:id/thumbnail_layout text='null' desc='null' bounds=(723,2210,789,2276) class=android.widget.FrameLayout
         1789127343.835 20544 20544 D YTV2_DUMP: [39] parent=29 id=com.google.android.youtube:id/new_content_dot text='null' desc='New content available' bounds=(761,2204,794,2237) class=android.view.View
         1789127343.835 20544 20544 D YTV2_DUMP: [40] parent=29 id=com.google.android.youtube:id/text text='Subscriptions' desc='null' bounds=(666,2282,847,2319) class=android.widget.TextView
         1789127343.835 20544 20544 D YTV2_DUMP: [41] parent=30 id=com.google.android.youtube:id/thumbnail_layout text='null' desc='null' bounds=(939,2210,1005,2276) class=android.widget.FrameLayout
         1789127343.836 20544 20544 D YTV2_DUMP: [42] parent=30 id=com.google.android.youtube:id/text text='You' desc='null' bounds=(946,2282,999,2319) class=android.widget.TextView
         1789127343.836 20544 20544 D YTV2_DUMP: [43] parent=31 id=com.google.android.youtube:id/toolbar_container text='null' desc='null' bounds=(0,104,1080,236) class=android.widget.FrameLayout
         1789127343.836 20544 20544 D YTV2_DUMP: [44] parent=32 id=com.google.android.youtube:id/loading_layout text='null' desc='null' bounds=(0,236,1080,2198) class=android.widget.FrameLayout
         1789127343.836 20544 20544 D YTV2_DUMP: [45] parent=33 id=com.google.android.youtube:id/image text='null' desc='null' bounds=(75,2210,141,2276) class=android.widget.ImageView
         1789127343.836 20544 20544 D YTV2_DUMP: [46] parent=35 id=com.google.android.youtube:id/image text='null' desc='null' bounds=(291,2210,357,2276) class=android.widget.ImageView
         1789127343.836 20544 20544 D YTV2_DUMP: [47] parent=38 id=com.google.android.youtube:id/image text='null' desc='null' bounds=(723,2210,789,2276) class=android.widget.ImageView
         1789127343.836 20544 20544 D YTV2_DUMP: [48] parent=41 id=com.google.android.youtube:id/pivot_bar_thumbnail text='null' desc='null' bounds=(939,2210,1005,2276) class=android.widget.ImageView
         1789127343.836 20544 20544 D YTV2_DUMP: [49] parent=43 id=com.google.android.youtube:id/collapsing_header_container text='null' desc='null' bounds=(0,104,1080,104) class=android.widget.FrameLayout
         1789127343.836 20544 20544 D YTV2_DUMP: [50] parent=43 id=com.google.android.youtube:id/toolbar text='null' desc='null' bounds=(0,104,1080,236) class=android.view.ViewGroup
         1789127343.836 20544 20544 D YTV2_DUMP: [51] parent=44 id=com.google.android.youtube:id/results text='null' desc='null' bounds=(0,236,1080,2198) class=android.support.v7.widget.RecyclerView
         1789127343.836 20544 20544 D YTV2_DUMP: [52] parent=44 id=com.google.android.youtube:id/load_progress text='null' desc='null' bounds=(463,1140,617,1294) class=android.widget.ProgressBar
         1789127343.836 20544 20544 D YTV2_DUMP: [53] parent=50 id=null text='null' desc='Navigate up' bounds=(0,104,154,236) class=android.widget.ImageButton
         1789127343.837 20544 20544 D YTV2_DUMP: [54] parent=50 id=null text='null' desc='null' bounds=(154,104,969,236) class=android.widget.RelativeLayout
         1789127343.837 20544 20544 D YTV2_DUMP: [55] parent=50 id=null text='null' desc='null' bounds=(969,104,1080,236) class=android.support.v7.widget.LinearLayoutCompat
         1789127343.837 20544 20544 D YTV2_DUMP: [56] parent=54 id=com.google.android.youtube:id/search_box text='null' desc='null' bounds=(154,104,837,236) class=android.widget.LinearLayout
         1789127343.837 20544 20544 D YTV2_DUMP: [57] parent=54 id=com.google.android.youtube:id/voice_search text='null' desc='Voice search' bounds=(837,104,969,236) class=android.widget.ImageView
         1789127343.837 20544 20544 D YTV2_DUMP: [58] parent=55 id=null text='null' desc='More options' bounds=(969,104,1080,236) class=android.widget.ImageView
         1789127343.837 20544 20544 D YTV2_DUMP: [59] parent=56 id=com.google.android.youtube:id/search_query text='parmar ssc' desc='null' bounds=(154,126,705,214) class=android.widget.TextView
         1789127343.837 20544 20544 D YTV2_DUMP: [60] parent=56 id=com.google.android.youtube:id/search_clear text='null' desc='Clear' bounds=(705,104,837,236) class=android.widget.ImageView
         1789127343.847 20544 20544 D YTV2_DUMP: --> PARSED: kind=NON_PLAYBACK watchConfirmed=false title='null' handle='null' display='null' channelId='null'
         1789127343.992 20544 20544 D YTV2_DUMP: [0] parent=null id=null text='null' desc='null' bounds=(0,0,1080,2460) class=android.widget.FrameLayout
         1789127343.992 20544 20544 D YTV2_DUMP: [1] parent=0 id=null text='null' desc='null' bounds=(0,0,1080,2460) class=android.widget.LinearLayout
         1789127343.992 20544 20544 D YTV2_DUMP: [2] parent=0 id=android:id/navigationBarBackground text='null' desc='null' bounds=(0,2330,1080,2460) class=android.view.View
         1789127343.993 20544 20544 D YTV2_DUMP: [3] parent=1 id=null text='null' desc='null' bounds=(0,0,1080,2460) class=android.widget.FrameLayout
         1789127343.993 20544 20544 D YTV2_DUMP: [4] parent=3 id=com.google.android.youtube:id/action_bar_root text='null' desc='null' bounds=(0,0,1080,2460) class=android.widget.LinearLayout
         1789127343.993 20544 20544 D YTV2_DUMP: [5] parent=4 id=android:id/content text='null' desc='null' bounds=(0,0,1080,2460) class=android.widget.FrameLayout
         1789127343.993 20544 20544 D YTV2_DUMP: [6] parent=5 id=com.google.android.youtube:id/more_drawer_container text='null' desc='null' bounds=(0,0,1080,2460) class=androidx.drawerlayout.widget.DrawerLayout
         1789127343.993 20544 20544 D YTV2_DUMP: [7] parent=5 id=com.google.android.youtube:id/reel_time_bar text='null' desc='null' bounds=(0,0,1080,2460) class=android.view.ViewGroup
         1789127343.993 20544 20544 D YTV2_DUMP: [8] parent=6 id=com.google.android.youtube:id/slim_status_bar_player_container text='null' desc='null' bounds=(0,0,1080,2460) class=android.widget.FrameLayout
         1789127343.993 20544 20544 D YTV2_DUMP: [9] parent=8 id=com.google.android.youtube:id/navigation_bar_divider_frame text='null' desc='null' bounds=(0,0,1080,2330) class=android.view.ViewGroup
         1789127343.993 20544 20544 D YTV2_DUMP: [10] parent=8 id=null text='null' desc='null' bounds=(0,0,1080,104) class=android.widget.FrameLayout
         1789127343.994 20544 20544 D YTV2_DUMP: [11] parent=8 id=null text='null' desc='null' bounds=(0,0,3,3) class=android.view.View
         1789127343.994 20544 20544 D YTV2_DUMP: [12] parent=9 id=com.google.android.youtube:id/global_slim_status_bar_container text='null' desc='null' bounds=(0,0,1080,2330) class=android.widget.FrameLayout
         1789127343.994 20544 20544 D YTV2_DUMP: [13] parent=9 id=com.google.android.youtube:id/accessibility_layer_container text='null' desc='null' bounds=(0,0,1080,2330) class=android.widget.FrameLayout
         1789127343.994 20544 20544 D YTV2_DUMP: [14] parent=10 id=com.google.android.youtube:id/global_status_bar_view text='null' desc='null' bounds=(0,0,1080,104) class=android.view.View
         1789127343.994 20544 20544 D YTV2_DUMP: [15] parent=13 id=com.google.android.youtube:id/fullscreen_mode_container text='null' desc='null' bounds=(0,0,1080,0) class=android.widget.FrameLayout
         1789127343.994 20544 20544 D YTV2_DUMP: [16] parent=13 id=com.google.android.youtube:id/next_gen_watch_container_layout text='null' desc='null' bounds=(0,0,1080,2330) class=android.view.ViewGroup
         1789127343.994 20544 20544 D YTV2_DUMP: [17] parent=13 id=com.google.android.youtube:id/bottom_bar_container text='null' desc='null' bounds=(0,2198,1080,2330) class=android.widget.LinearLayout
         1789127343.994 20544 20544 D YTV2_DUMP: [18] parent=16 id=com.google.android.youtube:id/watch_while_layout_coordinator_layout text='null' desc='null' bounds=(0,0,1080,2330) class=android.view.ViewGroup
         1789127343.994 20544 20544 D YTV2_DUMP: [19] parent=17 id=com.google.android.youtube:id/pivot_bar text='null' desc='null' bounds=(0,2198,1080,2330) class=android.widget.HorizontalScrollView
         1789127343.994 20544 20544 D YTV2_DUMP: [20] parent=18 id=com.google.android.youtube:id/fab_container text='null' desc='null' bounds=(0,0,1080,2330) class=android.widget.FrameLayout
         1789127343.995 20544 20544 D YTV2_DUMP: [21] parent=18 id=com.google.android.youtube:id/pane_fragment_container text='null' desc='null' bounds=(0,0,1080,2330) class=android.widget.FrameLayout
         1789127343.995 20544 20544 D YTV2_DUMP: [22] parent=18 id=com.google.android.youtube:id/root_pill_container text='null' desc='null' bounds=(0,2220,1080,2220) class=android.widget.FrameLayout
         1789127343.995 20544 20544 D YTV2_DUMP: [23] parent=18 id=com.google.android.youtube:id/pane_fragment_footer_container text='null' desc='null' bounds=(0,2330,1080,2330) class=android.widget.FrameLayout
         1789127343.995 20544 20544 D YTV2_DUMP: [24] parent=19 id=null text='null' desc='null' bounds=(0,2198,1080,2330) class=android.widget.LinearLayout
         1789127343.995 20544 20544 D YTV2_DUMP: [25] parent=21 id=com.google.android.youtube:id/browse_fragment_layout_coordinator_layout text='null' desc='null' bounds=(0,104,1080,2198) class=android.widget.ScrollView
         1789127343.995 20544 20544 D YTV2_DUMP: [26] parent=24 id=null text='null' desc='Home' bounds=(0,2198,216,2330) class=android.widget.Button
         1789127343.995 20544 20544 D YTV2_DUMP: [27] parent=24 id=null text='null' desc='Shorts' bounds=(216,2198,432,2330) class=android.widget.Button
         1789127343.995 20544 20544 D YTV2_DUMP: [28] parent=24 id=null text='null' desc='Create' bounds=(432,2198,648,2330) class=android.widget.Button
         1789127343.995 20544 20544 D YTV2_DUMP: [29] parent=24 id=null text='null' desc='Subscriptions: New content is available' bounds=(648,2198,864,2330) class=android.widget.Button
         1789127343.995 20544 20544 D YTV2_DUMP: [30] parent=24 id=null text='null' desc='You' bounds=(864,2198,1080,2330) class=android.widget.Button
         1789127343.995 20544 20544 D YTV2_DUMP: [31] parent=25 id=com.google.android.youtube:id/appbar_layout text='null' desc='null' bounds=(0,104,1080,236) class=android.widget.LinearLayout
         1789127343.995 20544 20544 D YTV2_DUMP: [32] parent=25 id=com.google.android.youtube:id/pane_fragment_contents text='null' desc='null' bounds=(0,236,1080,2198) class=android.widget.FrameLayout
         1789127343.995 20544 20544 D YTV2_DUMP: [33] parent=26 id=com.google.android.youtube:id/thumbnail_layout text='null' desc='null' bounds=(75,2210,141,2276) class=android.widget.FrameLayout
         1789127343.995 20544 20544 D YTV2_DUMP: [34] parent=26 id=com.google.android.youtube:id/text text='Home' desc='null' bounds=(67,2282,150,2319) class=android.widget.TextView
         1789127343.995 20544 20544 D YTV2_DUMP: [35] parent=27 id=com.google.android.youtube:id/thumbnail_layout text='null' desc='null' bounds=(291,2210,357,2276) class=android.widget.FrameLayout
         1789127343.995 20544 20544 D YTV2_DUMP: [36] parent=27 id=com.google.android.youtube:id/text text='Shorts' desc='null' bounds=(279,2282,369,2319) class=android.widget.TextView
         1789127343.996 20544 20544 D YTV2_DUMP: [37] parent=28 id=com.google.android.youtube:id/image text='null' desc='null' bounds=(491,2216,590,2315) class=android.widget.ImageView
         1789127343.996 20544 20544 D YTV2_DUMP: [38] parent=29 id=com.google.android.youtube:id/thumbnail_layout text='null' desc='null' bounds=(723,2210,789,2276) class=android.widget.FrameLayout
         1789127343.996 20544 20544 D YTV2_DUMP: [39] parent=29 id=com.google.android.youtube:id/new_content_dot text='null' desc='New content available' bounds=(761,2204,794,2237) class=android.view.View
         1789127343.996 20544 20544 D YTV2_DUMP: [40] parent=29 id=com.google.android.youtube:id/text text='Subscriptions' desc='null' bounds=(666,2282,847,2319) class=android.widget.TextView
         1789127343.996 20544 20544 D YTV2_DUMP: [41] parent=30 id=com.google.android.youtube:id/thumbnail_layout text='null' desc='null' bounds=(939,2210,1005,2276) class=android.widget.FrameLayout
         1789127343.996 20544 20544 D YTV2_DUMP: [42] parent=30 id=com.google.android.youtube:id/text text='You' desc='null' bounds=(946,2282,999,2319) class=android.widget.TextView
         1789127343.996 20544 20544 D YTV2_DUMP: [43] parent=31 id=com.google.android.youtube:id/toolbar_container text='null' desc='null' bounds=(0,104,1080,236) class=android.widget.FrameLayout
         1789127343.996 20544 20544 D YTV2_DUMP: [44] parent=32 id=com.google.android.youtube:id/loading_layout text='null' desc='null' bounds=(0,236,1080,2198) class=android.widget.FrameLayout
         1789127343.997 20544 20544 D YTV2_DUMP: [45] parent=33 id=com.google.android.youtube:id/image text='null' desc='null' bounds=(75,2210,141,2276) class=android.widget.ImageView
         1789127343.997 20544 20544 D YTV2_DUMP: [46] parent=35 id=com.google.android.youtube:id/image text='null' desc='null' bounds=(291,2210,357,2276) class=android.widget.ImageView
         1789127343.997 20544 20544 D YTV2_DUMP: [47] parent=38 id=com.google.android.youtube:id/image text='null' desc='null' bounds=(723,2210,789,2276) class=android.widget.ImageView
         1789127343.997 20544 20544 D YTV2_DUMP: [48] parent=41 id=com.google.android.youtube:id/pivot_bar_thumbnail text='null' desc='null' bounds=(939,2210,1005,2276) class=android.widget.ImageView
         1789127343.997 20544 20544 D YTV2_DUMP: [49] parent=43 id=com.google.android.youtube:id/collapsing_header_container text='null' desc='null' bounds=(0,104,1080,104) class=android.widget.FrameLayout
         1789127343.997 20544 20544 D YTV2_DUMP: [50] parent=43 id=com.google.android.youtube:id/toolbar text='null' desc='null' bounds=(0,104,1080,236) class=android.view.ViewGroup
         1789127343.997 20544 20544 D YTV2_DUMP: [51] parent=44 id=com.google.android.youtube:id/results text='null' desc='null' bounds=(0,236,1080,2198) class=android.support.v7.widget.RecyclerView
         1789127343.997 20544 20544 D YTV2_DUMP: [52] parent=44 id=com.google.android.youtube:id/load_progress text='null' desc='null' bounds=(463,1140,617,1294) class=android.widget.ProgressBar
         1789127343.997 20544 20544 D YTV2_DUMP: [53] parent=50 id=null text='null' desc='Navigate up' bounds=(0,104,154,236) class=android.widget.ImageButton
         1789127343.997 20544 20544 D YTV2_DUMP: [54] parent=50 id=null text='null' desc='null' bounds=(154,104,969,236) class=android.widget.RelativeLayout
         1789127343.997 20544 20544 D YTV2_DUMP: [55] parent=50 id=null text='null' desc='null' bounds=(969,104,1080,236) class=android.support.v7.widget.LinearLayoutCompat
         1789127343.997 20544 20544 D YTV2_DUMP: [56] parent=54 id=com.google.android.youtube:id/search_box text='null' desc='null' bounds=(154,104,837,236) class=android.widget.LinearLayout
         1789127343.997 20544 20544 D YTV2_DUMP: [57] parent=54 id=com.google.android.youtube:id/voice_search text='null' desc='Voice search' bounds=(837,104,969,236) class=android.widget.ImageView
         1789127343.997 20544 20544 D YTV2_DUMP: [58] parent=55 id=null text='null' desc='More options' bounds=(969,104,1080,236) class=android.widget.ImageView
         1789127343.998 20544 20544 D YTV2_DUMP: [59] parent=56 id=com.google.android.youtube:id/search_query text='parmar ssc' desc='null' bounds=(154,126,705,214) class=android.widget.TextView
         1789127343.998 20544 20544 D YTV2_DUMP: [60] parent=56 id=com.google.android.youtube:id/search_clear text='null' desc='Clear' bounds=(705,104,837,236) class=android.widget.ImageView
         1789127344.003 20544 20544 D YTV2_DUMP: --> PARSED: kind=NON_PLAYBACK watchConfirmed=false title='null' handle='null' display='null' channelId='null'
         1789127344.359 20544 20544 D YTV2_DUMP: [0] parent=null id=null text='null' desc='null' bounds=(0,0,1080,2460) class=android.widget.FrameLayout
         1789127344.360 20544 20544 D YTV2_DUMP: [1] parent=0 id=null text='null' desc='null' bounds=(0,0,1080,2460) class=android.widget.LinearLayout
         1789127344.360 20544 20544 D YTV2_DUMP: [2] parent=0 id=android:id/navigationBarBackground text='null' desc='null' bounds=(0,2330,1080,2460) class=android.view.View
         1789127344.360 20544 20544 D YTV2_DUMP: [3] parent=1 id=null text='null' desc='null' bounds=(0,0,1080,2460) class=android.widget.FrameLayout
         1789127344.360 20544 20544 D YTV2_DUMP: [4] parent=3 id=com.google.android.youtube:id/action_bar_root text='null' desc='null' bounds=(0,0,1080,2460) class=android.widget.LinearLayout
         1789127344.360 20544 20544 D YTV2_DUMP: [5] parent=4 id=android:id/content text='null' desc='null' bounds=(0,0,1080,2460) class=android.widget.FrameLayout
         1789127344.361 20544 20544 D YTV2_DUMP: [6] parent=5 id=com.google.android.youtube:id/more_drawer_container text='null' desc='null' bounds=(0,0,1080,2460) class=androidx.drawerlayout.widget.DrawerLayout
         1789127344.361 20544 20544 D YTV2_DUMP: [7] parent=5 id=com.google.android.youtube:id/reel_time_bar text='null' desc='null' bounds=(0,0,1080,2460) class=android.view.ViewGroup
         1789127344.361 20544 20544 D YTV2_DUMP: [8] parent=6 id=com.google.android.youtube:id/slim_status_bar_player_container text='null' desc='null' bounds=(0,0,1080,2460) class=android.widget.FrameLayout
         1789127344.361 20544 20544 D YTV2_DUMP: [9] parent=8 id=com.google.android.youtube:id/navigation_bar_divider_frame text='null' desc='null' bounds=(0,0,1080,2330) class=android.view.ViewGroup
         1789127344.361 20544 20544 D YTV2_DUMP: [10] parent=8 id=null text='null' desc='null' bounds=(0,0,1080,104) class=android.widget.FrameLayout
         1789127344.361 20544 20544 D YTV2_DUMP: [11] parent=8 id=null text='null' desc='null' bounds=(0,0,3,3) class=android.view.View
         1789127344.361 20544 20544 D YTV2_DUMP: [12] parent=9 id=com.google.android.youtube:id/global_slim_status_bar_container text='null' desc='null' bounds=(0,0,1080,2330) class=android.widget.FrameLayout
         1789127344.361 20544 20544 D YTV2_DUMP: [13] parent=9 id=com.google.android.youtube:id/accessibility_layer_container text='null' desc='null' bounds=(0,0,1080,2330) class=android.widget.FrameLayout
         1789127344.361 20544 20544 D YTV2_DUMP: [14] parent=10 id=com.google.android.youtube:id/global_status_bar_view text='null' desc='null' bounds=(0,0,1080,104) class=android.view.View
         1789127344.361 20544 20544 D YTV2_DUMP: [15] parent=13 id=com.google.android.youtube:id/fullscreen_mode_container text='null' desc='null' bounds=(0,0,1080,0) class=android.widget.FrameLayout
         1789127344.361 20544 20544 D YTV2_DUMP: [16] parent=13 id=com.google.android.youtube:id/next_gen_watch_container_layout text='null' desc='null' bounds=(0,0,1080,2330) class=android.view.ViewGroup
         1789127344.362 20544 20544 D YTV2_DUMP: [17] parent=13 id=com.google.android.youtube:id/bottom_bar_container text='null' desc='null' bounds=(0,2198,1080,2330) class=android.widget.LinearLayout
         1789127344.362 20544 20544 D YTV2_DUMP: [18] parent=16 id=com.google.android.youtube:id/watch_while_layout_coordinator_layout text='null' desc='null' bounds=(0,0,1080,2330) class=android.view.ViewGroup
         1789127344.362 20544 20544 D YTV2_DUMP: [19] parent=17 id=com.google.android.youtube:id/pivot_bar text='null' desc='null' bounds=(0,2198,1080,2330) class=android.widget.HorizontalScrollView
         1789127344.362 20544 20544 D YTV2_DUMP: [20] parent=18 id=com.google.android.youtube:id/fab_container text='null' desc='null' bounds=(0,0,1080,2330) class=android.widget.FrameLayout
         1789127344.362 20544 20544 D YTV2_DUMP: [21] parent=18 id=com.google.android.youtube:id/pane_fragment_container text='null' desc='null' bounds=(0,0,1080,2330) class=android.widget.FrameLayout
         1789127344.362 20544 20544 D YTV2_DUMP: [22] parent=18 id=com.google.android.youtube:id/root_pill_container text='null' desc='null' bounds=(0,2220,1080,2220) class=android.widget.FrameLayout
         1789127344.362 20544 20544 D YTV2_DUMP: [23] parent=18 id=com.google.android.youtube:id/pane_fragment_footer_container text='null' desc='null' bounds=(0,2330,1080,2330) class=android.widget.FrameLayout
         1789127344.362 20544 20544 D YTV2_DUMP: [24] parent=19 id=null text='null' desc='null' bounds=(0,2198,1080,2330) class=android.widget.LinearLayout
         1789127344.362 20544 20544 D YTV2_DUMP: [25] parent=21 id=com.google.android.youtube:id/browse_fragment_layout_coordinator_layout text='null' desc='null' bounds=(0,104,1080,2198) class=android.widget.ScrollView
         1789127344.362 20544 20544 D YTV2_DUMP: [26] parent=24 id=null text='null' desc='Home' bounds=(0,2198,216,2330) class=android.widget.Button
         1789127344.362 20544 20544 D YTV2_DUMP: [27] parent=24 id=null text='null' desc='Shorts' bounds=(216,2198,432,2330) class=android.widget.Button
         1789127344.362 20544 20544 D YTV2_DUMP: [28] parent=24 id=null text='null' desc='Create' bounds=(432,2198,648,2330) class=android.widget.Button
         1789127344.362 20544 20544 D YTV2_DUMP: [29] parent=24 id=null text='null' desc='Subscriptions: New content is available' bounds=(648,2198,864,2330) class=android.widget.Button
         1789127344.362 20544 20544 D YTV2_DUMP: [30] parent=24 id=null text='null' desc='You' bounds=(864,2198,1080,2330) class=android.widget.Button
         1789127344.363 20544 20544 D YTV2_DUMP: [31] parent=25 id=com.google.android.youtube:id/appbar_layout text='null' desc='null' bounds=(0,104,1080,236) class=android.widget.LinearLayout
         1789127344.363 20544 20544 D YTV2_DUMP: [32] parent=25 id=com.google.android.youtube:id/pane_fragment_contents text='null' desc='null' bounds=(0,236,1080,2198) class=android.widget.FrameLayout
         1789127344.363 20544 20544 D YTV2_DUMP: [33] parent=26 id=com.google.android.youtube:id/thumbnail_layout text='null' desc='null' bounds=(75,2210,141,2276) class=android.widget.FrameLayout
         1789127344.363 20544 20544 D YTV2_DUMP: [34] parent=26 id=com.google.android.youtube:id/text text='Home' desc='null' bounds=(67,2282,150,2319) class=android.widget.TextView
         1789127344.363 20544 20544 D YTV2_DUMP: [35] parent=27 id=com.google.android.youtube:id/thumbnail_layout text='null' desc='null' bounds=(291,2210,357,2276) class=android.widget.FrameLayout
         1789127344.363 20544 20544 D YTV2_DUMP: [36] parent=27 id=com.google.android.youtube:id/text text='Shorts' desc='null' bounds=(279,2282,369,2319) class=android.widget.TextView
         1789127344.363 20544 20544 D YTV2_DUMP: [37] parent=28 id=com.google.android.youtube:id/image text='null' desc='null' bounds=(491,2216,590,2315) class=android.widget.ImageView
         1789127344.363 20544 20544 D YTV2_DUMP: [38] parent=29 id=com.google.android.youtube:id/thumbnail_layout text='null' desc='null' bounds=(723,2210,789,2276) class=android.widget.FrameLayout
         1789127344.363 20544 20544 D YTV2_DUMP: [39] parent=29 id=com.google.android.youtube:id/new_content_dot text='null' desc='New content available' bounds=(761,2204,794,2237) class=android.view.View
         1789127344.363 20544 20544 D YTV2_DUMP: [40] parent=29 id=com.google.android.youtube:id/text text='Subscriptions' desc='null' bounds=(666,2282,847,2319) class=android.widget.TextView
         1789127344.363 20544 20544 D YTV2_DUMP: [41] parent=30 id=com.google.android.youtube:id/thumbnail_layout text='null' desc='null' bounds=(939,2210,1005,2276) class=android.widget.FrameLayout
         1789127344.363 20544 20544 D YTV2_DUMP: [42] parent=30 id=com.google.android.youtube:id/text text='You' desc='null' bounds=(946,2282,999,2319) class=android.widget.TextView
         1789127344.363 20544 20544 D YTV2_DUMP: [43] parent=31 id=com.google.android.youtube:id/toolbar_container text='null' desc='null' bounds=(0,104,1080,236) class=android.widget.FrameLayout
         1789127344.363 20544 20544 D YTV2_DUMP: [44] parent=32 id=com.google.android.youtube:id/loading_layout text='null' desc='null' bounds=(0,236,1080,2198) class=android.widget.FrameLayout
         1789127344.364 20544 20544 D YTV2_DUMP: [45] parent=33 id=com.google.android.youtube:id/image text='null' desc='null' bounds=(75,2210,141,2276) class=android.widget.ImageView
         1789127344.364 20544 20544 D YTV2_DUMP: [46] parent=35 id=com.google.android.youtube:id/image text='null' desc='null' bounds=(291,2210,357,2276) class=android.widget.ImageView
         1789127344.364 20544 20544 D YTV2_DUMP: [47] parent=38 id=com.google.android.youtube:id/image text='null' desc='null' bounds=(723,2210,789,2276) class=android.widget.ImageView
         1789127344.364 20544 20544 D YTV2_DUMP: [48] parent=41 id=com.google.android.youtube:id/pivot_bar_thumbnail text='null' desc='null' bounds=(939,2210,1005,2276) class=android.widget.ImageView
         1789127344.364 20544 20544 D YTV2_DUMP: [49] parent=43 id=com.google.android.youtube:id/collapsing_header_container text='null' desc='null' bounds=(0,104,1080,104) class=android.widget.FrameLayout
         1789127344.364 20544 20544 D YTV2_DUMP: [50] parent=43 id=com.google.android.youtube:id/toolbar text='null' desc='null' bounds=(0,104,1080,236) class=android.view.ViewGroup
         1789127344.364 20544 20544 D YTV2_DUMP: [51] parent=44 id=com.google.android.youtube:id/results text='null' desc='null' bounds=(0,236,1080,2198) class=android.support.v7.widget.RecyclerView
         1789127344.364 20544 20544 D YTV2_DUMP: [52] parent=50 id=null text='null' desc='Navigate up' bounds=(0,104,154,236) class=android.widget.ImageButton
         1789127344.364 20544 20544 D YTV2_DUMP: [53] parent=50 id=null text='null' desc='null' bounds=(154,104,969,236) class=android.widget.RelativeLayout
         1789127344.364 20544 20544 D YTV2_DUMP: [54] parent=50 id=null text='null' desc='null' bounds=(969,104,1080,236) class=android.support.v7.widget.LinearLayoutCompat
         1789127344.364 20544 20544 D YTV2_DUMP: [55] parent=51 id=null text='null' desc='null' bounds=(0,236,1080,258) class=android.view.ViewGroup
         1789127344.364 20544 20544 D YTV2_DUMP: [56] parent=51 id=null text='null' desc='Sponsored – CAT 2026 Prep, Now in English
         1789127344.364 20544 20544 D YTV2_DUMP: Join Rodha’s CAT 2026 Booster with Live Classes, Practice Tests, Strategy & Doubt Support
         1789127344.364 20544 20544 D YTV2_DUMP: Rodha – Visit site - Link opens in new window' bounds=(0,258,1080,1555) class=android.widget.Button
         1789127344.364 20544 20544 D YTV2_DUMP: [57] parent=51 id=null text='null' desc='null' bounds=(0,1555,1080,1555) class=android.widget.LinearLayout
         1789127344.364 20544 20544 D YTV2_DUMP: [58] parent=51 id=null text='null' desc='null' bounds=(0,1555,1080,1995) class=android.widget.Button
         1789127344.364 20544 20544 D YTV2_DUMP: [59] parent=51 id=null text='null' desc='null' bounds=(0,1995,1080,2198) class=android.view.ViewGroup
         1789127344.364 20544 20544 D YTV2_DUMP: [60] parent=53 id=com.google.android.youtube:id/search_box text='null' desc='null' bounds=(154,104,837,236) class=android.widget.LinearLayout
         1789127344.364 20544 20544 D YTV2_DUMP: [61] parent=53 id=com.google.android.youtube:id/voice_search text='null' desc='Voice search' bounds=(837,104,969,236) class=android.widget.ImageView
         1789127344.365 20544 20544 D YTV2_DUMP: [62] parent=54 id=null text='null' desc='More options' bounds=(969,104,1080,236) class=android.widget.ImageView
         1789127344.365 20544 20544 D YTV2_DUMP: [63] parent=56 id=null text='null' desc='null' bounds=(0,258,1080,1555) class=android.view.ViewGroup
         1789127344.365 20544 20544 D YTV2_DUMP: [64] parent=56 id=null text='null' desc='null' bounds=(0,258,1080,1338) class=android.view.ViewGroup
         1789127344.365 20544 20544 D YTV2_DUMP: [65] parent=56 id=null text='null' desc='null' bounds=(0,1338,1080,1522) class=android.view.ViewGroup
         1789127344.365 20544 20544 D YTV2_DUMP: [66] parent=56 id=null text='null' desc='null' bounds=(33,1522,1047,1522) class=android.view.ViewGroup
         1789127344.365 20544 20544 D YTV2_DUMP: [67] parent=57 id=null text='null' desc='null' bounds=(44,1555,1036,1555) class=android.widget.RelativeLayout
         1789127344.365 20544 20544 D YTV2_DUMP: [68] parent=58 id=null text='null' desc='Go to channel' bounds=(33,1610,231,1808) class=android.widget.Button
         1789127344.365 20544 20544 D YTV2_DUMP: [69] parent=58 id=null text='PARMAR SSC' desc='PARMAR SSC' bounds=(264,1617,696,1699) class=android.view.ViewGroup
         1789127344.365 20544 20544 D YTV2_DUMP: [70] parent=58 id=null text='@parmarssc' desc='@parmarssc' bounds=(264,1699,469,1747) class=android.view.ViewGroup
         1789127344.365 20544 20544 D YTV2_DUMP: [71] parent=58 id=null text='25 lakh subscribers • 3K videos' desc='25 lakh subscribers • 3K videos' bounds=(264,1753,805,1801) class=android.view.ViewGroup
         1789127344.365 20544 20544 D YTV2_DUMP: [72] parent=58 id=null text='null' desc='null' bounds=(33,1841,1069,1951) class=android.view.ViewGroup
         1789127344.365 20544 20544 D YTV2_DUMP: [73] parent=59 id=null text='null' desc='null' bounds=(0,1995,1080,2127) class=android.view.ViewGroup
         1789127344.365 20544 20544 D YTV2_DUMP: [74] parent=59 id=null text='null' desc='null' bounds=(0,2127,1080,2198) class=android.view.ViewGroup
         1789127344.366 20544 20544 D YTV2_DUMP: [75] parent=60 id=com.google.android.youtube:id/search_query text='parmar ssc' desc='null' bounds=(154,126,705,214) class=android.widget.TextView
         1789127344.366 20544 20544 D YTV2_DUMP: [76] parent=60 id=com.google.android.youtube:id/search_clear text='null' desc='Clear' bounds=(705,104,837,236) class=android.widget.ImageView
         1789127344.366 20544 20544 D YTV2_DUMP: [77] parent=64 id=null text='null' desc='null' bounds=(0,258,1080,1338) class=android.widget.ImageView
         1789127344.366 20544 20544 D YTV2_DUMP: [78] parent=64 id=null text='null' desc='null' bounds=(981,1239,1058,1316) class=android.widget.ImageView
         1789127344.366 20544 20544 D YTV2_DUMP: [79] parent=65 id=null text='null' desc='null' bounds=(33,1371,132,1470) class=android.widget.ImageView
         1789127344.366 20544 20544 D YTV2_DUMP: [80] parent=65 id=null text='null' desc='null' bounds=(165,1371,970,1429) class=android.view.ViewGroup
         1789127344.366 20544 20544 D YTV2_DUMP: [81] parent=65 id=null text='null' desc='null' bounds=(165,1429,165,1429) class=android.view.ViewGroup
         1789127344.366 20544 20544 D YTV2_DUMP: [82] parent=65 id=null text='null' desc='More options' bounds=(970,1371,1036,1437) class=android.widget.Button
         1789127344.366 20544 20544 D YTV2_DUMP: [83] parent=65 id=null text='null' desc='null' bounds=(165,1440,377,1489) class=android.view.ViewGroup
         1789127344.366 20544 20544 D YTV2_DUMP: [84] parent=65 id=null text='null' desc='null' bounds=(388,1440,495,1489) class=android.view.ViewGroup
         1789127344.366 20544 20544 D YTV2_DUMP: [85] parent=72 id=null text='null' desc='null' bounds=(33,1841,1069,1951) class=android.support.v7.widget.RecyclerView
         1789127344.366 20544 20544 D YTV2_DUMP: [86] parent=73 id=null text='null' desc='Latest videos' bounds=(44,2029,377,2093) class=android.view.ViewGroup
         1789127344.366 20544 20544 D YTV2_DUMP: [87] parent=74 id=null text='null' desc='null' bounds=(0,2127,1080,2198) class=android.support.v7.widget.RecyclerView
         1789127344.366 20544 20544 D YTV2_DUMP: [88] parent=80 id=null text='null' desc='null' bounds=(165,1371,970,1429) class=android.view.ViewGroup
         1789127344.366 20544 20544 D YTV2_DUMP: [89] parent=81 id=null text='null' desc='null' bounds=(165,1429,165,1429) class=android.view.ViewGroup
         1789127344.366 20544 20544 D YTV2_DUMP: [90] parent=83 id=null text='Sponsored' desc='Sponsored' bounds=(165,1440,348,1489) class=android.view.ViewGroup
         1789127344.367 20544 20544 D YTV2_DUMP: [91] parent=84 id=null text='Rodha' desc='Rodha' bounds=(388,1440,495,1489) class=android.view.ViewGroup
         1789127344.367 20544 20544 D YTV2_DUMP: [92] parent=85 id=null text='null' desc='null' bounds=(33,1841,343,1951) class=android.view.ViewGroup
         1789127344.367 20544 20544 D YTV2_DUMP: [93] parent=85 id=null text='null' desc='null' bounds=(343,1841,736,1951) class=android.view.ViewGroup
         1789127344.367 20544 20544 D YTV2_DUMP: [94] parent=85 id=null text='null' desc='null' bounds=(736,1841,1069,1951) class=android.view.ViewGroup
         1789127344.367 20544 20544 D YTV2_DUMP: [95] parent=86 id=null text='Latest videos' desc='Latest videos' bounds=(44,2029,377,2093) class=android.view.ViewGroup
         1789127344.367 20544 20544 D YTV2_DUMP: [96] parent=87 id=null text='null' desc='null' bounds=(22,2127,1015,2198) class=android.view.ViewGroup
         1789127344.367 20544 20544 D YTV2_DUMP: [97] parent=87 id=null text='null' desc='null' bounds=(1015,2127,1080,2198) class=android.view.ViewGroup
         1789127344.367 20544 20544 D YTV2_DUMP: [98] parent=89 id=null text='null' desc='null' bounds=(165,1429,165,1429) class=android.view.ViewGroup
         1789127344.367 20544 20544 D YTV2_DUMP: [99] parent=92 id=null text='null' desc='Subscribe to PARMAR SSC.' bounds=(33,1841,321,1951) class=android.widget.Button
         1789127344.367 20544 20544 D YTV2_DUMP: [100] parent=96 id=null text='null' desc='LAUNCHING UPSSSC PET GK PYQ SERIES 2026 | PARMAR SSC –  –  – PARMAR SSC, verified - Scheduled for 11/09/26, 19:00 - Upcoming – play video' bounds=(22,2127,1015,2198) class=android.widget.Button
         1789127344.367 20544 20544 D YTV2_DUMP: [101] parent=97 id=null text='null' desc='SSC STENO 2026 | Most EXPECTED PAPER Based on 11 SEP ALL SHIFTS Exams –  –  – PARMAR SSC, verified - Scheduled for 11/09/26, 20:30 - Upcoming – play video' bounds=(1015,2127,1080,2198) class=android.widget.Button
         1789127344.367 20544 20544 D YTV2_DUMP: [102] parent=99 id=null text='null' desc='null' bounds=(33,1868,321,1925) class=android.view.ViewGroup
         1789127344.367 20544 20544 D YTV2_DUMP: [103] parent=100 id=null text='null' desc='null' bounds=(44,2141,993,2198) class=android.view.ViewGroup
         1789127344.367 20544 20544 D YTV2_DUMP: [104] parent=100 id=null text='null' desc='null' bounds=(77,2174,960,2174) class=android.view.ViewGroup
         1789127344.368 20544 20544 D YTV2_DUMP: [105] parent=101 id=null text='null' desc='null' bounds=(1037,2141,1080,2198) class=android.view.ViewGroup
         1789127344.368 20544 20544 D YTV2_DUMP: [106] parent=101 id=null text='null' desc='null' bounds=(1070,2174,1080,2174) class=android.view.ViewGroup
         1789127344.368 20544 20544 D YTV2_DUMP: [107] parent=102 id=null text='Subscribe' desc='Subscribe' bounds=(33,1868,321,1925) class=android.view.ViewGroup
         1789127344.368 20544 20544 D YTV2_DUMP: [108] parent=103 id=null text='null' desc='null' bounds=(44,2141,993,2198) class=android.widget.ImageView
         1789127344.368 20544 20544 D YTV2_DUMP: [109] parent=105 id=null text='null' desc='null' bounds=(1037,2141,1080,2198) class=android.widget.ImageView
         1789127344.375 20544 20544 D YTV2_DUMP: --> PARSED: kind=NON_PLAYBACK watchConfirmed=false title='null' handle='null' display='null' channelId='null'
         1789127345.452 20544 20544 D YTV2_DUMP: [0] parent=null id=null text='null' desc='null' bounds=(0,0,1080,2460) class=android.widget.FrameLayout
         1789127345.452 20544 20544 D YTV2_DUMP: [1] parent=0 id=null text='null' desc='null' bounds=(0,0,1080,2460) class=android.widget.LinearLayout
         1789127345.452 20544 20544 D YTV2_DUMP: [2] parent=0 id=android:id/navigationBarBackground text='null' desc='null' bounds=(0,2330,1080,2460) class=android.view.View
         1789127345.452 20544 20544 D YTV2_DUMP: [3] parent=1 id=null text='null' desc='null' bounds=(0,0,1080,2460) class=android.widget.FrameLayout
         1789127345.452 20544 20544 D YTV2_DUMP: [4] parent=3 id=com.google.android.youtube:id/action_bar_root text='null' desc='null' bounds=(0,0,1080,2460) class=android.widget.LinearLayout
         1789127345.452 20544 20544 D YTV2_DUMP: [5] parent=4 id=android:id/content text='null' desc='null' bounds=(0,0,1080,2460) class=android.widget.FrameLayout
         1789127345.453 20544 20544 D YTV2_DUMP: [6] parent=5 id=com.google.android.youtube:id/more_drawer_container text='null' desc='null' bounds=(0,0,1080,2460) class=androidx.drawerlayout.widget.DrawerLayout
         1789127345.453 20544 20544 D YTV2_DUMP: [7] parent=5 id=com.google.android.youtube:id/reel_time_bar text='null' desc='null' bounds=(0,0,1080,2460) class=android.view.ViewGroup
         1789127345.453 20544 20544 D YTV2_DUMP: [8] parent=6 id=com.google.android.youtube:id/slim_status_bar_player_container text='null' desc='null' bounds=(0,0,1080,2460) class=android.widget.FrameLayout
         1789127345.453 20544 20544 D YTV2_DUMP: [9] parent=8 id=com.google.android.youtube:id/navigation_bar_divider_frame text='null' desc='null' bounds=(0,0,1080,2330) class=android.view.ViewGroup
         1789127345.453 20544 20544 D YTV2_DUMP: [10] parent=8 id=null text='null' desc='null' bounds=(0,0,1080,104) class=android.widget.FrameLayout
         1789127345.453 20544 20544 D YTV2_DUMP: [11] parent=8 id=null text='null' desc='null' bounds=(0,0,3,3) class=android.view.View
         1789127345.453 20544 20544 D YTV2_DUMP: [12] parent=9 id=com.google.android.youtube:id/global_slim_status_bar_container text='null' desc='null' bounds=(0,0,1080,2330) class=android.widget.FrameLayout
         1789127345.453 20544 20544 D YTV2_DUMP: [13] parent=9 id=com.google.android.youtube:id/accessibility_layer_container text='null' desc='null' bounds=(0,0,1080,2330) class=android.widget.FrameLayout
         1789127345.453 20544 20544 D YTV2_DUMP: [14] parent=10 id=com.google.android.youtube:id/global_status_bar_view text='null' desc='null' bounds=(0,0,1080,104) class=android.view.View
         1789127345.453 20544 20544 D YTV2_DUMP: [15] parent=13 id=com.google.android.youtube:id/fullscreen_mode_container text='null' desc='null' bounds=(0,0,1080,0) class=android.widget.FrameLayout
         1789127345.453 20544 20544 D YTV2_DUMP: [16] parent=13 id=com.google.android.youtube:id/next_gen_watch_container_layout text='null' desc='null' bounds=(0,0,1080,2330) class=android.view.ViewGroup
         1789127345.453 20544 20544 D YTV2_DUMP: [17] parent=13 id=com.google.android.youtube:id/bottom_bar_container text='null' desc='null' bounds=(0,2198,1080,2330) class=android.widget.LinearLayout
         1789127345.453 20544 20544 D YTV2_DUMP: [18] parent=16 id=com.google.android.youtube:id/watch_while_layout_coordinator_layout text='null' desc='null' bounds=(0,0,1080,2330) class=android.view.ViewGroup
         1789127345.453 20544 20544 D YTV2_DUMP: [19] parent=17 id=com.google.android.youtube:id/pivot_bar text='null' desc='null' bounds=(0,2198,1080,2330) class=android.widget.HorizontalScrollView
         1789127345.453 20544 20544 D YTV2_DUMP: [20] parent=18 id=com.google.android.youtube:id/fab_container text='null' desc='null' bounds=(0,0,1080,2330) class=android.widget.FrameLayout
         1789127345.453 20544 20544 D YTV2_DUMP: [21] parent=18 id=com.google.android.youtube:id/pane_fragment_container text='null' desc='null' bounds=(0,0,1080,2330) class=android.widget.FrameLayout
         1789127345.453 20544 20544 D YTV2_DUMP: [22] parent=18 id=com.google.android.youtube:id/root_pill_container text='null' desc='null' bounds=(0,2220,1080,2220) class=android.widget.FrameLayout
         1789127345.453 20544 20544 D YTV2_DUMP: [23] parent=18 id=com.google.android.youtube:id/pane_fragment_footer_container text='null' desc='null' bounds=(0,2330,1080,2330) class=android.widget.FrameLayout
         1789127345.453 20544 20544 D YTV2_DUMP: [24] parent=19 id=null text='null' desc='null' bounds=(0,2198,1080,2330) class=android.widget.LinearLayout
         1789127345.453 20544 20544 D YTV2_DUMP: [25] parent=21 id=com.google.android.youtube:id/browse_fragment_layout_coordinator_layout text='null' desc='null' bounds=(0,104,1080,2198) class=android.widget.ScrollView
         1789127345.453 20544 20544 D YTV2_DUMP: [26] parent=24 id=null text='null' desc='Home' bounds=(0,2198,216,2330) class=android.widget.Button
         1789127345.453 20544 20544 D YTV2_DUMP: [27] parent=24 id=null text='null' desc='Shorts' bounds=(216,2198,432,2330) class=android.widget.Button
         1789127345.453 20544 20544 D YTV2_DUMP: [28] parent=24 id=null text='null' desc='Create' bounds=(432,2198,648,2330) class=android.widget.Button
         1789127345.453 20544 20544 D YTV2_DUMP: [29] parent=24 id=null text='null' desc='Subscriptions: New content is available' bounds=(648,2198,864,2330) class=android.widget.Button
         1789127345.453 20544 20544 D YTV2_DUMP: [30] parent=24 id=null text='null' desc='You' bounds=(864,2198,1080,2330) class=android.widget.Button
         1789127345.453 20544 20544 D YTV2_DUMP: [31] parent=25 id=com.google.android.youtube:id/appbar_layout text='null' desc='null' bounds=(0,104,1080,236) class=android.widget.LinearLayout
         1789127345.453 20544 20544 D YTV2_DUMP: [32] parent=25 id=com.google.android.youtube:id/pane_fragment_contents text='null' desc='null' bounds=(0,236,1080,2198) class=android.widget.FrameLayout
         1789127345.453 20544 20544 D YTV2_DUMP: [33] parent=26 id=com.google.android.youtube:id/thumbnail_layout text='null' desc='null' bounds=(75,2210,141,2276) class=android.widget.FrameLayout
         1789127345.453 20544 20544 D YTV2_DUMP: [34] parent=26 id=com.google.android.youtube:id/text text='Home' desc='null' bounds=(67,2282,150,2319) class=android.widget.TextView
         1789127345.453 20544 20544 D YTV2_DUMP: [35] parent=27 id=com.google.android.youtube:id/thumbnail_layout text='null' desc='null' bounds=(291,2210,357,2276) class=android.widget.FrameLayout
         1789127345.453 20544 20544 D YTV2_DUMP: [36] parent=27 id=com.google.android.youtube:id/text text='Shorts' desc='null' bounds=(279,2282,369,2319) class=android.widget.TextView
         1789127345.453 20544 20544 D YTV2_DUMP: [37] parent=28 id=com.google.android.youtube:id/image text='null' desc='null' bounds=(491,2216,590,2315) class=android.widget.ImageView
         1789127345.453 20544 20544 D YTV2_DUMP: [38] parent=29 id=com.google.android.youtube:id/thumbnail_layout text='null' desc='null' bounds=(723,2210,789,2276) class=android.widget.FrameLayout
         1789127345.453 20544 20544 D YTV2_DUMP: [39] parent=29 id=com.google.android.youtube:id/new_content_dot text='null' desc='New content available' bounds=(761,2204,794,2237) class=android.view.View
         1789127345.453 20544 20544 D YTV2_DUMP: [40] parent=29 id=com.google.android.youtube:id/text text='Subscriptions' desc='null' bounds=(666,2282,847,2319) class=android.widget.TextView
         1789127345.453 20544 20544 D YTV2_DUMP: [41] parent=30 id=com.google.android.youtube:id/thumbnail_layout text='null' desc='null' bounds=(939,2210,1005,2276) class=android.widget.FrameLayout
         1789127345.453 20544 20544 D YTV2_DUMP: [42] parent=30 id=com.google.android.youtube:id/text text='You' desc='null' bounds=(946,2282,999,2319) class=android.widget.TextView
         1789127345.453 20544 20544 D YTV2_DUMP: [43] parent=31 id=com.google.android.youtube:id/toolbar_container text='null' desc='null' bounds=(0,104,1080,236) class=android.widget.FrameLayout
         1789127345.453 20544 20544 D YTV2_DUMP: [44] parent=32 id=com.google.android.youtube:id/loading_layout text='null' desc='null' bounds=(0,236,1080,2198) class=android.widget.FrameLayout
         1789127345.453 20544 20544 D YTV2_DUMP: [45] parent=33 id=com.google.android.youtube:id/image text='null' desc='null' bounds=(75,2210,141,2276) class=android.widget.ImageView
         1789127345.453 20544 20544 D YTV2_DUMP: [46] parent=35 id=com.google.android.youtube:id/image text='null' desc='null' bounds=(291,2210,357,2276) class=android.widget.ImageView
         1789127345.453 20544 20544 D YTV2_DUMP: [47] parent=38 id=com.google.android.youtube:id/image text='null' desc='null' bounds=(723,2210,789,2276) class=android.widget.ImageView
         1789127345.453 20544 20544 D YTV2_DUMP: [48] parent=41 id=com.google.android.youtube:id/pivot_bar_thumbnail text='null' desc='null' bounds=(939,2210,1005,2276) class=android.widget.ImageView
         1789127345.453 20544 20544 D YTV2_DUMP: [49] parent=43 id=com.google.android.youtube:id/collapsing_header_container text='null' desc='null' bounds=(0,104,1080,104) class=android.widget.FrameLayout
         1789127345.453 20544 20544 D YTV2_DUMP: [50] parent=43 id=com.google.android.youtube:id/toolbar text='null' desc='null' bounds=(0,104,1080,236) class=android.view.ViewGroup
         1789127345.453 20544 20544 D YTV2_DUMP: [51] parent=44 id=com.google.android.youtube:id/results text='null' desc='null' bounds=(0,236,1080,2198) class=android.support.v7.widget.RecyclerView
         1789127345.453 20544 20544 D YTV2_DUMP: [52] parent=50 id=null text='null' desc='Navigate up' bounds=(0,104,154,236) class=android.widget.ImageButton
         1789127345.453 20544 20544 D YTV2_DUMP: [53] parent=50 id=null text='null' desc='null' bounds=(154,104,969,236) class=android.widget.RelativeLayout
         1789127345.453 20544 20544 D YTV2_DUMP: [54] parent=50 id=null text='null' desc='null' bounds=(969,104,1080,236) class=android.support.v7.widget.LinearLayoutCompat
         1789127345.453 20544 20544 D YTV2_DUMP: [55] parent=51 id=null text='null' desc='null' bounds=(0,236,1080,629) class=android.widget.Button
         1789127345.453 20544 20544 D YTV2_DUMP: [56] parent=51 id=null text='null' desc='null' bounds=(0,629,1080,1621) class=android.view.ViewGroup
         1789127345.453 20544 20544 D YTV2_DUMP: [57] parent=51 id=null text='null' desc='null' bounds=(0,1621,1080,1688) class=android.view.ViewGroup
         1789127345.453 20544 20544 D YTV2_DUMP: [58] parent=51 id=null text='null' desc='null' bounds=(0,1688,1080,2198) class=android.view.ViewGroup
         1789127345.453 20544 20544 D YTV2_DUMP: [59] parent=53 id=com.google.android.youtube:id/search_box text='null' desc='null' bounds=(154,104,837,236) class=android.widget.LinearLayout
         1789127345.453 20544 20544 D YTV2_DUMP: [60] parent=53 id=com.google.android.youtube:id/voice_search text='null' desc='Voice search' bounds=(837,104,969,236) class=android.widget.ImageView
         1789127345.453 20544 20544 D YTV2_DUMP: [61] parent=54 id=null text='null' desc='More options' bounds=(969,104,1080,236) class=android.widget.ImageView
         1789127345.453 20544 20544 D YTV2_DUMP: [62] parent=55 id=null text='null' desc='Go to channel' bounds=(33,244,231,442) class=android.widget.Button
         1789127345.453 20544 20544 D YTV2_DUMP: [63] parent=55 id=null text='PARMAR SSC' desc='PARMAR SSC' bounds=(264,251,696,333) class=android.view.ViewGroup
         1789127345.453 20544 20544 D YTV2_DUMP: [64] parent=55 id=null text='@parmarssc' desc='@parmarssc' bounds=(264,333,469,381) class=android.view.ViewGroup
         1789127345.453 20544 20544 D YTV2_DUMP: [65] parent=55 id=null text='25 lakh subscribers • 3K videos' desc='25 lakh subscribers • 3K videos' bounds=(264,387,805,435) class=android.view.ViewGroup
         1789127345.453 20544 20544 D YTV2_DUMP: [66] parent=55 id=null text='null' desc='null' bounds=(33,475,1069,585) class=android.view.ViewGroup
         1789127345.453 20544 20544 D YTV2_DUMP: [67] parent=56 id=null text='null' desc='null' bounds=(0,628,1080,760) class=android.view.ViewGroup
         1789127345.453 20544 20544 D YTV2_DUMP: [68] parent=56 id=null text='null' desc='null' bounds=(0,760,1080,1554) class=android.view.ViewGroup
         1789127345.453 20544 20544 D YTV2_DUMP: [69] parent=58 id=null text='null' desc='Latest from PARMAR SSC' bounds=(0,1686,1080,1818) class=android.widget.Button
         1789127345.453 20544 20544 D YTV2_DUMP: [70] parent=58 id=null text='null' desc='null' bounds=(0,1818,1080,2198) class=android.view.ViewGroup
         1789127345.454 20544 20544 D YTV2_DUMP: [71] parent=59 id=com.google.android.youtube:id/search_query text='parmar ssc' desc='null' bounds=(154,126,705,214) class=android.widget.TextView
         1789127345.454 20544 20544 D YTV2_DUMP: [72] parent=59 id=com.google.android.youtube:id/search_clear text='null' desc='Clear' bounds=(705,104,837,236) class=android.widget.ImageView
         1789127345.454 20544 20544 D YTV2_DUMP: [73] parent=66 id=null text='null' desc='null' bounds=(33,475,1069,585) class=android.support.v7.widget.RecyclerView
         1789127345.454 20544 20544 D YTV2_DUMP: [74] parent=67 id=null text='null' desc='Latest videos' bounds=(44,662,377,726) class=android.view.ViewGroup
         1789127345.454 20544 20544 D YTV2_DUMP: [75] parent=68 id=null text='null' desc='null' bounds=(0,760,1080,1554) class=android.support.v7.widget.RecyclerView
         1789127345.454 20544 20544 D YTV2_DUMP: [76] parent=69 id=null text='null' desc='null' bounds=(44,1719,752,1785) class=android.widget.Button
         1789127345.454 20544 20544 D YTV2_DUMP: [77] parent=70 id=null text='null' desc='null' bounds=(0,1818,1080,2198) class=android.support.v7.widget.RecyclerView
         1789127345.455 20544 20544 D YTV2_DUMP: [78] parent=73 id=null text='null' desc='null' bounds=(33,475,343,585) class=android.view.ViewGroup
         1789127345.455 20544 20544 D YTV2_DUMP: [79] parent=73 id=null text='null' desc='null' bounds=(343,475,736,585) class=android.view.ViewGroup
         1789127345.455 20544 20544 D YTV2_DUMP: [80] parent=73 id=null text='null' desc='null' bounds=(736,475,1069,585) class=android.view.ViewGroup
         1789127345.455 20544 20544 D YTV2_DUMP: [81] parent=74 id=null text='Latest videos' desc='Latest videos' bounds=(44,662,377,726) class=android.view.ViewGroup
         1789127345.455 20544 20544 D YTV2_DUMP: [82] parent=75 id=null text='null' desc='null' bounds=(22,760,1015,1554) class=android.view.ViewGroup
         1789127345.455 20544 20544 D YTV2_DUMP: [83] parent=75 id=null text='null' desc='null' bounds=(1015,760,1080,1554) class=android.view.ViewGroup
         1789127345.455 20544 20544 D YTV2_DUMP: [84] parent=76 id=null text='Latest from PARMAR SSC' desc='Latest from PARMAR SSC' bounds=(44,1720,686,1784) class=android.view.ViewGroup
         1789127345.455 20544 20544 D YTV2_DUMP: [85] parent=76 id=null text='null' desc='null' bounds=(686,1719,752,1785) class=android.widget.ImageView
         1789127345.455 20544 20544 D YTV2_DUMP: [86] parent=77 id=null text='null' desc='null' bounds=(44,1818,534,2198) class=android.view.ViewGroup
         1789127345.455 20544 20544 D YTV2_DUMP: [87] parent=77 id=null text='null' desc='null' bounds=(534,1818,1024,2198) class=android.view.ViewGroup
         1789127345.455 20544 20544 D YTV2_DUMP: [88] parent=77 id=null text='null' desc='null' bounds=(1024,1818,1080,2198) class=android.view.ViewGroup
         1789127345.455 20544 20544 D YTV2_DUMP: [89] parent=78 id=null text='null' desc='Subscribe to PARMAR SSC.' bounds=(33,476,321,586) class=android.widget.Button
         1789127345.455 20544 20544 D YTV2_DUMP: [90] parent=79 id=null text='null' desc='View Channel' bounds=(343,476,714,586) class=android.widget.Button
         1789127345.455 20544 20544 D YTV2_DUMP: [91] parent=80 id=null text='null' desc='Community' bounds=(736,476,1069,586) class=android.widget.Button
         1789127345.455 20544 20544 D YTV2_DUMP: [92] parent=82 id=null text='null' desc='LAUNCHING UPSSSC PET GK PYQ SERIES 2026 | PARMAR SSC –  –  – PARMAR SSC, verified - Scheduled for 11/09/26, 19:00 - Upcoming – play video' bounds=(22,760,1015,1554) class=android.widget.Button
         1789127345.455 20544 20544 D YTV2_DUMP: [93] parent=83 id=null text='null' desc='SSC STENO 2026 | Most EXPECTED PAPER Based on 11 SEP ALL SHIFTS Exams –  –  – PARMAR SSC, verified - Scheduled for 11/09/26, 20:30 - Upcoming – play video' bounds=(1015,760,1080,1554) class=android.widget.Button
         1789127345.456 20544 20544 D YTV2_DUMP: [94] parent=86 id=null text='null' desc='HOW DID 5 ORANGUTANS REACH INDIA ?, 41K views – play Short' bounds=(44,1818,501,2198) class=android.widget.Button
         1789127345.456 20544 20544 D YTV2_DUMP: [95] parent=87 id=null text='null' desc='THE WORLD MAP IS CHANGING !, 3.7 lakh views – play Short' bounds=(534,1818,991,2198) class=android.widget.Button
         1789127345.456 20544 20544 D YTV2_DUMP: [96] parent=88 id=null text='null' desc='INCREDIBLE SSC CHSL 2025 RESULT!, 57K views – play Short' bounds=(1024,1818,1080,2198) class=android.widget.Button
         1789127345.456 20544 20544 D YTV2_DUMP: [97] parent=89 id=null text='null' desc='null' bounds=(33,502,321,559) class=android.view.ViewGroup
         1789127345.456 20544 20544 D YTV2_DUMP: [98] parent=90 id=null text='View Channel' desc='View Channel' bounds=(390,504,667,557) class=android.view.ViewGroup
         1789127345.456 20544 20544 D YTV2_DUMP: [99] parent=91 id=null text='null' desc='null' bounds=(783,498,849,564) class=android.widget.ImageView
         1789127345.456 20544 20544 D YTV2_DUMP: [100] parent=91 id=null text='Community' desc='Community' bounds=(866,504,1069,557) class=android.view.ViewGroup
         1789127345.456 20544 20544 D YTV2_DUMP: [101] parent=92 id=null text='null' desc='null' bounds=(44,774,993,1308) class=android.view.ViewGroup
         1789127345.456 20544 20544 D YTV2_DUMP: [102] parent=92 id=null text='null' desc='null' bounds=(77,807,960,807) class=android.view.ViewGroup
         1789127345.456 20544 20544 D YTV2_DUMP: [103] parent=92 id=null text='null' desc='null' bounds=(44,1330,996,1554) class=android.view.ViewGroup
         1789127345.456 20544 20544 D YTV2_DUMP: [104] parent=93 id=null text='null' desc='null' bounds=(1037,774,1080,1308) class=android.view.ViewGroup
         1789127345.456 20544 20544 D YTV2_DUMP: [105] parent=93 id=null text='null' desc='null' bounds=(1070,807,1080,807) class=android.view.ViewGroup
         1789127345.456 20544 20544 D YTV2_DUMP: [106] parent=93 id=null text='null' desc='null' bounds=(1037,1330,1080,1554) class=android.view.ViewGroup
         1789127345.456 20544 20544 D YTV2_DUMP: [107] parent=94 id=null text='null' desc='null' bounds=(44,1818,501,2198) class=android.view.ViewGroup
         1789127345.456 20544 20544 D YTV2_DUMP: [108] parent=95 id=null text='null' desc='null' bounds=(534,1818,991,2198) class=android.view.ViewGroup
         1789127345.456 20544 20544 D YTV2_DUMP: [109] parent=96 id=null text='null' desc='null' bounds=(1024,1818,1080,2198) class=android.view.ViewGroup
         1789127345.457 20544 20544 D YTV2_DUMP: [110] parent=97 id=null text='Subscribe' desc='Subscribe' bounds=(33,502,321,559) class=android.view.ViewGroup
         1789127345.457 20544 20544 D YTV2_DUMP: [111] parent=101 id=null text='null' desc='null' bounds=(44,774,993,1308) class=android.widget.ImageView
         1789127345.457 20544 20544 D YTV2_DUMP: [112] parent=101 id=null text='null' desc='null' bounds=(704,1247,748,1291) class=android.widget.ImageView
         1789127345.457 20544 20544 D YTV2_DUMP: [113] parent=101 id=null text='Upcoming' desc='Upcoming' bounds=(787,1239,959,1287) class=android.view.ViewGroup
         1789127345.457 20544 20544 D YTV2_DUMP: [114] parent=103 id=null text='null' desc='Go to channel PARMAR SSC' bounds=(44,1330,143,1429) class=android.widget.Button
         1789127345.457 20544 20544 D YTV2_DUMP: [115] parent=103 id=null text='null' desc='null' bounds=(176,1330,935,1554) class=android.view.ViewGroup
         1789127345.457 20544 20544 D YTV2_DUMP: [116] parent=103 id=null text='null' desc='Action menu' bounds=(946,1330,996,1380) class=android.widget.Button
         1789127345.457 20544 20544 D YTV2_DUMP: [117] parent=104 id=null text='null' desc='null' bounds=(1037,774,1080,1308) class=android.widget.ImageView
         1789127345.457 20544 20544 D YTV2_DUMP: [118] parent=104 id=null text='null' desc='null' bounds=(1697,1247,1080,1291) class=android.widget.ImageView
         1789127345.457 20544 20544 D YTV2_DUMP: [119] parent=104 id=null text='Upcoming' desc='Upcoming' bounds=(1780,1239,1080,1287) class=android.view.ViewGroup
         1789127345.457 20544 20544 D YTV2_DUMP: [120] parent=106 id=null text='null' desc='Go to channel PARMAR SSC' bounds=(1037,1330,1080,1429) class=android.widget.Button
         1789127345.457 20544 20544 D YTV2_DUMP: [121] parent=106 id=null text='null' desc='null' bounds=(1169,1330,1080,1554) class=android.view.ViewGroup
         1789127345.457 20544 20544 D YTV2_DUMP: [122] parent=106 id=null text='null' desc='Action menu' bounds=(1939,1330,1080,1380) class=android.widget.Button
         1789127345.458 20544 20544 D YTV2_DUMP: [123] parent=107 id=null text='null' desc='null' bounds=(44,1818,501,2198) class=android.widget.ImageView
         1789127345.458 20544 20544 D YTV2_DUMP: [124] parent=107 id=null text='null' desc='null' bounds=(44,1818,501,2198) class=android.view.ViewGroup
         1789127345.458 20544 20544 D YTV2_DUMP: [125] parent=107 id=null text='null' desc='New' bounds=(66,1840,180,1897) class=android.view.ViewGroup
         1789127345.458 20544 20544 D YTV2_DUMP: [126] parent=107 id=null text='null' desc='null' bounds=(391,1818,501,1928) class=android.view.ViewGroup
         1789127345.458 20544 20544 D YTV2_DUMP: [127] parent=108 id=null text='null' desc='null' bounds=(534,1818,991,2198) class=android.widget.ImageView
         1789127345.458 20544 20544 D YTV2_DUMP: [128] parent=108 id=null text='null' desc='null' bounds=(534,1818,991,2198) class=android.view.ViewGroup
         1789127345.458 20544 20544 D YTV2_DUMP: [129] parent=108 id=null text='null' desc='New' bounds=(556,1840,670,1897) class=android.view.ViewGroup
         1789127345.458 20544 20544 D YTV2_DUMP: [130] parent=108 id=null text='null' desc='null' bounds=(881,1818,991,1928) class=android.view.ViewGroup
         1789127345.458 20544 20544 D YTV2_DUMP: [131] parent=109 id=null text='null' desc='null' bounds=(1024,1818,1080,2198) class=android.widget.ImageView
         1789127345.458 20544 20544 D YTV2_DUMP: [132] parent=109 id=null text='null' desc='null' bounds=(1024,1818,1080,2198) class=android.view.ViewGroup
         1789127345.458 20544 20544 D YTV2_DUMP: [133] parent=109 id=null text='null' desc='null' bounds=(1371,1818,1080,1928) class=android.view.ViewGroup
         1789127345.458 20544 20544 D YTV2_DUMP: [134] parent=115 id=null text='null' desc='null' bounds=(176,1330,935,1554) class=android.view.ViewGroup
         1789127345.458 20544 20544 D YTV2_DUMP: [135] parent=121 id=null text='null' desc='null' bounds=(1169,1330,1080,1554) class=android.view.ViewGroup
         1789127345.458 20544 20544 D YTV2_DUMP: [136] parent=124 id=null text='null' desc='null' bounds=(44,1818,501,2198) class=android.widget.ImageView
         1789127345.458 20544 20544 D YTV2_DUMP: [137] parent=124 id=null text='null' desc='null' bounds=(44,1818,501,2198) class=android.view.ViewGroup
         1789127345.458 20544 20544 D YTV2_DUMP: [138] parent=125 id=null text='New' desc='New' bounds=(77,1843,152,1894) class=android.view.ViewGroup
         1789127345.458 20544 20544 D YTV2_DUMP: [139] parent=126 id=null text='null' desc='More actions' bounds=(440,1840,490,1890) class=android.widget.Button
         1789127345.458 20544 20544 D YTV2_DUMP: [140] parent=128 id=null text='null' desc='null' bounds=(534,1818,991,2198) class=android.widget.ImageView
         1789127345.458 20544 20544 D YTV2_DUMP: [141] parent=128 id=null text='null' desc='null' bounds=(534,1818,991,2198) class=android.view.ViewGroup
         1789127345.458 20544 20544 D YTV2_DUMP: [142] parent=129 id=null text='New' desc='New' bounds=(567,1843,642,1894) class=android.view.ViewGroup
         1789127345.458 20544 20544 D YTV2_DUMP: [143] parent=130 id=null text='null' desc='More actions' bounds=(930,1840,980,1890) class=android.widget.Button
         1789127345.458 20544 20544 D YTV2_DUMP: [144] parent=132 id=null text='null' desc='null' bounds=(1024,1818,1080,2198) class=android.widget.ImageView
         1789127345.458 20544 20544 D YTV2_DUMP: [145] parent=132 id=null text='null' desc='null' bounds=(1024,1818,1080,2198) class=android.view.ViewGroup
         1789127345.458 20544 20544 D YTV2_DUMP: [146] parent=133 id=null text='null' desc='More actions' bounds=(1420,1840,1080,1890) class=android.widget.Button
         1789127345.458 20544 20544 D YTV2_DUMP: [147] parent=134 id=null text='null' desc='null' bounds=(176,1330,935,1447) class=android.view.ViewGroup
         1789127345.458 20544 20544 D YTV2_DUMP: [148] parent=134 id=null text='null' desc='null' bounds=(176,1447,935,1554) class=android.view.ViewGroup
         1789127345.458 20544 20544 D YTV2_DUMP: [149] parent=135 id=null text='null' desc='null' bounds=(1169,1330,1080,1447) class=android.view.ViewGroup
         1789127345.458 20544 20544 D YTV2_DUMP: [150] parent=135 id=null text='null' desc='null' bounds=(1169,1447,1080,1554) class=android.view.ViewGroup
         1789127345.458 20544 20544 D YTV2_DUMP: [151] parent=137 id=null text='null' desc='null' bounds=(44,1818,501,2198) class=android.widget.ImageView
         1789127345.458 20544 20544 D YTV2_DUMP: [152] parent=141 id=null text='null' desc='null' bounds=(534,1818,991,2198) class=android.widget.ImageView
         1789127345.458 20544 20544 D YTV2_DUMP: [153] parent=145 id=null text='null' desc='null' bounds=(1024,1818,1080,2198) class=android.widget.ImageView
         1789127345.458 20544 20544 D YTV2_DUMP: [154] parent=147 id=null text='LAUNCHING UPSSSC PET GK PYQ SERIES 2026 | PARMAR SSC' desc='LAUNCHING UPSSSC PET GK PYQ SERIES 2026 | PARMAR SSC' bounds=(176,1330,902,1447) class=android.view.ViewGroup
         1789127345.458 20544 20544 D YTV2_DUMP: [155] parent=148 id=null text='PARMAR SSC       Scheduled for 11/09/26, 19:00' desc='PARMAR SSC       Scheduled for 11/09/26, 19:00' bounds=(176,1458,935,1554) class=android.view.ViewGroup
         1789127345.458 20544 20544 D YTV2_DUMP: [156] parent=149 id=null text='SSC STENO 2026 | Most EXPECTED PAPER Based on 11 SEP ALL SHIFTS Exams' desc='SSC STENO 2026 | Most EXPECTED PAPER Based on 11 SEP ALL SHIFTS Exams' bounds=(1169,1330,1080,1447) class=android.view.ViewGroup
         1789127345.458 20544 20544 D YTV2_DUMP: [157] parent=150 id=null text='PARMAR SSC       Scheduled for 11/09/26, 20:30' desc='PARMAR SSC       Scheduled for 11/09/26, 20:30' bounds=(1169,1458,1080,1554) class=android.view.ViewGroup
         1789127345.463 20544 20544 D YTV2_DUMP: --> PARSED: kind=NON_PLAYBACK watchConfirmed=false title='null' handle='null' display='null' channelId='null'
         1789127346.737 20544 20544 D YTV2_DUMP: [0] parent=null id=null text='null' desc='null' bounds=(0,0,1080,2460) class=android.widget.FrameLayout
         1789127346.737 20544 20544 D YTV2_DUMP: [1] parent=0 id=null text='null' desc='null' bounds=(0,0,1080,2460) class=android.widget.LinearLayout
         1789127346.737 20544 20544 D YTV2_DUMP: [2] parent=0 id=android:id/navigationBarBackground text='null' desc='null' bounds=(0,2330,1080,2460) class=android.view.View
         1789127346.737 20544 20544 D YTV2_DUMP: [3] parent=1 id=null text='null' desc='null' bounds=(0,0,1080,2460) class=android.widget.FrameLayout
         1789127346.737 20544 20544 D YTV2_DUMP: [4] parent=3 id=com.google.android.youtube:id/action_bar_root text='null' desc='null' bounds=(0,0,1080,2460) class=android.widget.LinearLayout
         1789127346.737 20544 20544 D YTV2_DUMP: [5] parent=4 id=android:id/content text='null' desc='null' bounds=(0,0,1080,2460) class=android.widget.FrameLayout
         1789127346.737 20544 20544 D YTV2_DUMP: [6] parent=5 id=com.google.android.youtube:id/more_drawer_container text='null' desc='null' bounds=(0,0,1080,2460) class=androidx.drawerlayout.widget.DrawerLayout
         1789127346.737 20544 20544 D YTV2_DUMP: [7] parent=5 id=com.google.android.youtube:id/reel_time_bar text='null' desc='null' bounds=(0,0,1080,2460) class=android.view.ViewGroup
         1789127346.737 20544 20544 D YTV2_DUMP: [8] parent=6 id=com.google.android.youtube:id/slim_status_bar_player_container text='null' desc='null' bounds=(0,0,1080,2460) class=android.widget.FrameLayout
         1789127346.737 20544 20544 D YTV2_DUMP: [9] parent=8 id=com.google.android.youtube:id/navigation_bar_divider_frame text='null' desc='null' bounds=(0,0,1080,2330) class=android.view.ViewGroup
         1789127346.737 20544 20544 D YTV2_DUMP: [10] parent=8 id=null text='null' desc='null' bounds=(0,0,1080,104) class=android.widget.FrameLayout
         1789127346.737 20544 20544 D YTV2_DUMP: [11] parent=8 id=null text='null' desc='null' bounds=(0,0,3,3) class=android.view.View
         1789127346.737 20544 20544 D YTV2_DUMP: [12] parent=9 id=com.google.android.youtube:id/global_slim_status_bar_container text='null' desc='null' bounds=(0,0,1080,2330) class=android.widget.FrameLayout
         1789127346.737 20544 20544 D YTV2_DUMP: [13] parent=9 id=com.google.android.youtube:id/accessibility_layer_container text='null' desc='null' bounds=(0,0,1080,2330) class=android.widget.FrameLayout
         1789127346.737 20544 20544 D YTV2_DUMP: [14] parent=10 id=com.google.android.youtube:id/global_status_bar_view text='null' desc='null' bounds=(0,0,1080,104) class=android.view.View
         1789127346.737 20544 20544 D YTV2_DUMP: [15] parent=13 id=com.google.android.youtube:id/fullscreen_mode_container text='null' desc='null' bounds=(0,0,1080,0) class=android.widget.FrameLayout
         1789127346.737 20544 20544 D YTV2_DUMP: [16] parent=13 id=com.google.android.youtube:id/next_gen_watch_container_layout text='null' desc='null' bounds=(0,0,1080,2330) class=android.view.ViewGroup
         1789127346.737 20544 20544 D YTV2_DUMP: [17] parent=13 id=com.google.android.youtube:id/bottom_bar_container text='null' desc='null' bounds=(0,2198,1080,2330) class=android.widget.LinearLayout
         1789127346.737 20544 20544 D YTV2_DUMP: [18] parent=16 id=com.google.android.youtube:id/watch_while_layout_coordinator_layout text='null' desc='null' bounds=(0,0,1080,2330) class=android.view.ViewGroup
         1789127346.737 20544 20544 D YTV2_DUMP: [19] parent=17 id=com.google.android.youtube:id/pivot_bar text='null' desc='null' bounds=(0,2198,1080,2330) class=android.widget.HorizontalScrollView
         1789127346.737 20544 20544 D YTV2_DUMP: [20] parent=18 id=com.google.android.youtube:id/fab_container text='null' desc='null' bounds=(0,0,1080,2330) class=android.widget.FrameLayout
         1789127346.737 20544 20544 D YTV2_DUMP: [21] parent=18 id=com.google.android.youtube:id/pane_fragment_container text='null' desc='null' bounds=(0,0,1080,2330) class=android.widget.FrameLayout
         1789127346.737 20544 20544 D YTV2_DUMP: [22] parent=18 id=com.google.android.youtube:id/root_pill_container text='null' desc='null' bounds=(0,2220,1080,2220) class=android.widget.FrameLayout
         1789127346.737 20544 20544 D YTV2_DUMP: [23] parent=18 id=com.google.android.youtube:id/pane_fragment_footer_container text='null' desc='null' bounds=(0,2330,1080,2330) class=android.widget.FrameLayout
         1789127346.737 20544 20544 D YTV2_DUMP: [24] parent=19 id=null text='null' desc='null' bounds=(0,2198,1080,2330) class=android.widget.LinearLayout
         1789127346.737 20544 20544 D YTV2_DUMP: [25] parent=21 id=com.google.android.youtube:id/browse_fragment_layout_coordinator_layout text='null' desc='null' bounds=(0,104,1080,2198) class=android.widget.ScrollView
         1789127346.737 20544 20544 D YTV2_DUMP: [26] parent=24 id=null text='null' desc='Home' bounds=(0,2198,216,2330) class=android.widget.Button
         1789127346.737 20544 20544 D YTV2_DUMP: [27] parent=24 id=null text='null' desc='Shorts' bounds=(216,2198,432,2330) class=android.widget.Button
         1789127346.737 20544 20544 D YTV2_DUMP: [28] parent=24 id=null text='null' desc='Create' bounds=(432,2198,648,2330) class=android.widget.Button
         1789127346.737 20544 20544 D YTV2_DUMP: [29] parent=24 id=null text='null' desc='Subscriptions: New content is available' bounds=(648,2198,864,2330) class=android.widget.Button
         1789127346.737 20544 20544 D YTV2_DUMP: [30] parent=24 id=null text='null' desc='You' bounds=(864,2198,1080,2330) class=android.widget.Button
         1789127346.737 20544 20544 D YTV2_DUMP: [31] parent=25 id=com.google.android.youtube:id/appbar_layout text='null' desc='null' bounds=(0,104,1080,236) class=android.widget.LinearLayout
         1789127346.737 20544 20544 D YTV2_DUMP: [32] parent=25 id=com.google.android.youtube:id/pane_fragment_contents text='null' desc='null' bounds=(0,236,1080,2198) class=android.widget.FrameLayout
         1789127346.737 20544 20544 D YTV2_DUMP: [33] parent=26 id=com.google.android.youtube:id/thumbnail_layout text='null' desc='null' bounds=(75,2210,141,2276) class=android.widget.FrameLayout
         1789127346.737 20544 20544 D YTV2_DUMP: [34] parent=26 id=com.google.android.youtube:id/text text='Home' desc='null' bounds=(67,2282,150,2319) class=android.widget.TextView
         1789127346.737 20544 20544 D YTV2_DUMP: [35] parent=27 id=com.google.android.youtube:id/thumbnail_layout text='null' desc='null' bounds=(291,2210,357,2276) class=android.widget.FrameLayout
         1789127346.737 20544 20544 D YTV2_DUMP: [36] parent=27 id=com.google.android.youtube:id/text text='Shorts' desc='null' bounds=(279,2282,369,2319) class=android.widget.TextView
         1789127346.737 20544 20544 D YTV2_DUMP: [37] parent=28 id=com.google.android.youtube:id/image text='null' desc='null' bounds=(491,2216,590,2315) class=android.widget.ImageView
         1789127346.737 20544 20544 D YTV2_DUMP: [38] parent=29 id=com.google.android.youtube:id/thumbnail_layout text='null' desc='null' bounds=(723,2210,789,2276) class=android.widget.FrameLayout
         1789127346.737 20544 20544 D YTV2_DUMP: [39] parent=29 id=com.google.android.youtube:id/new_content_dot text='null' desc='New content available' bounds=(761,2204,794,2237) class=android.view.View
         1789127346.737 20544 20544 D YTV2_DUMP: [40] parent=29 id=com.google.android.youtube:id/text text='Subscriptions' desc='null' bounds=(666,2282,847,2319) class=android.widget.TextView
         1789127346.737 20544 20544 D YTV2_DUMP: [41] parent=30 id=com.google.android.youtube:id/thumbnail_layout text='null' desc='null' bounds=(939,2210,1005,2276) class=android.widget.FrameLayout
         1789127346.737 20544 20544 D YTV2_DUMP: [42] parent=30 id=com.google.android.youtube:id/text text='You' desc='null' bounds=(946,2282,999,2319) class=android.widget.TextView
         1789127346.737 20544 20544 D YTV2_DUMP: [43] parent=31 id=com.google.android.youtube:id/toolbar_container text='null' desc='null' bounds=(0,104,1080,236) class=android.widget.FrameLayout
         1789127346.737 20544 20544 D YTV2_DUMP: [44] parent=32 id=com.google.android.youtube:id/loading_layout text='null' desc='null' bounds=(0,236,1080,2198) class=android.widget.FrameLayout
         1789127346.737 20544 20544 D YTV2_DUMP: [45] parent=33 id=com.google.android.youtube:id/image text='null' desc='null' bounds=(75,2210,141,2276) class=android.widget.ImageView
         1789127346.737 20544 20544 D YTV2_DUMP: [46] parent=35 id=com.google.android.youtube:id/image text='null' desc='null' bounds=(291,2210,357,2276) class=android.widget.ImageView
         1789127346.737 20544 20544 D YTV2_DUMP: [47] parent=38 id=com.google.android.youtube:id/image text='null' desc='null' bounds=(723,2210,789,2276) class=android.widget.ImageView
         1789127346.737 20544 20544 D YTV2_DUMP: [48] parent=41 id=com.google.android.youtube:id/pivot_bar_thumbnail text='null' desc='null' bounds=(939,2210,1005,2276) class=android.widget.ImageView
         1789127346.737 20544 20544 D YTV2_DUMP: [49] parent=43 id=com.google.android.youtube:id/collapsing_header_container text='null' desc='null' bounds=(0,104,1080,104) class=android.widget.FrameLayout
         1789127346.737 20544 20544 D YTV2_DUMP: [50] parent=43 id=com.google.android.youtube:id/toolbar text='null' desc='null' bounds=(0,104,1080,236) class=android.view.ViewGroup
         1789127346.737 20544 20544 D YTV2_DUMP: [51] parent=44 id=com.google.android.youtube:id/results text='null' desc='null' bounds=(0,236,1080,2198) class=android.support.v7.widget.RecyclerView
         1789127346.737 20544 20544 D YTV2_DUMP: [52] parent=50 id=null text='null' desc='Navigate up' bounds=(0,104,154,236) class=android.widget.ImageButton
         1789127346.737 20544 20544 D YTV2_DUMP: [53] parent=50 id=null text='null' desc='null' bounds=(154,104,969,236) class=android.widget.RelativeLayout
         1789127346.738 20544 20544 D YTV2_DUMP: [54] parent=50 id=null text='null' desc='null' bounds=(969,104,1080,236) class=android.support.v7.widget.LinearLayoutCompat
         1789127346.738 20544 20544 D YTV2_DUMP: [55] parent=51 id=null text='null' desc='null' bounds=(0,236,1080,624) class=android.widget.Button
         1789127346.738 20544 20544 D YTV2_DUMP: [56] parent=51 id=null text='null' desc='null' bounds=(0,624,1080,1616) class=android.view.ViewGroup
         1789127346.738 20544 20544 D YTV2_DUMP: [57] parent=51 id=null text='null' desc='null' bounds=(0,1616,1080,1683) class=android.view.ViewGroup
         1789127346.738 20544 20544 D YTV2_DUMP: [58] parent=51 id=null text='null' desc='null' bounds=(0,1683,1080,2198) class=android.view.ViewGroup
         1789127346.738 20544 20544 D YTV2_DUMP: [59] parent=53 id=com.google.android.youtube:id/search_box text='null' desc='null' bounds=(154,104,837,236) class=android.widget.LinearLayout
         1789127346.738 20544 20544 D YTV2_DUMP: [60] parent=53 id=com.google.android.youtube:id/voice_search text='null' desc='Voice search' bounds=(837,104,969,236) class=android.widget.ImageView
         1789127346.738 20544 20544 D YTV2_DUMP: [61] parent=54 id=null text='null' desc='More options' bounds=(969,104,1080,236) class=android.widget.ImageView
         1789127346.738 20544 20544 D YTV2_DUMP: [62] parent=55 id=null text='null' desc='Go to channel' bounds=(33,239,231,437) class=android.widget.Button
         1789127346.738 20544 20544 D YTV2_DUMP: [63] parent=55 id=null text='PARMAR SSC' desc='PARMAR SSC' bounds=(264,246,696,328) class=android.view.ViewGroup
         1789127346.738 20544 20544 D YTV2_DUMP: [64] parent=55 id=null text='@parmarssc' desc='@parmarssc' bounds=(264,328,469,376) class=android.view.ViewGroup
         1789127346.738 20544 20544 D YTV2_DUMP: [65] parent=55 id=null text='25 lakh subscribers • 3K videos' desc='25 lakh subscribers • 3K videos' bounds=(264,382,805,430) class=android.view.ViewGroup
         1789127346.738 20544 20544 D YTV2_DUMP: [66] parent=55 id=null text='null' desc='null' bounds=(33,470,1069,580) class=android.view.ViewGroup
         1789127346.738 20544 20544 D YTV2_DUMP: [67] parent=56 id=null text='null' desc='null' bounds=(0,624,1080,756) class=android.view.ViewGroup
         1789127346.738 20544 20544 D YTV2_DUMP: [68] parent=56 id=null text='null' desc='null' bounds=(0,756,1080,1550) class=android.view.ViewGroup
         1789127346.738 20544 20544 D YTV2_DUMP: [69] parent=58 id=null text='null' desc='Latest from PARMAR SSC' bounds=(0,1683,1080,1815) class=android.widget.Button
         1789127346.738 20544 20544 D YTV2_DUMP: [70] parent=58 id=null text='null' desc='null' bounds=(0,1815,1080,2198) class=android.view.ViewGroup
         1789127346.738 20544 20544 D YTV2_DUMP: [71] parent=59 id=com.google.android.youtube:id/search_query text='parmar ssc' desc='null' bounds=(154,126,705,214) class=android.widget.TextView
         1789127346.738 20544 20544 D YTV2_DUMP: [72] parent=59 id=com.google.android.youtube:id/search_clear text='null' desc='Clear' bounds=(705,104,837,236) class=android.widget.ImageView
         1789127346.738 20544 20544 D YTV2_DUMP: [73] parent=66 id=null text='null' desc='null' bounds=(33,470,1069,580) class=android.support.v7.widget.RecyclerView
         1789127346.738 20544 20544 D YTV2_DUMP: [74] parent=67 id=null text='null' desc='Latest videos' bounds=(44,658,377,722) class=android.view.ViewGroup
         1789127346.738 20544 20544 D YTV2_DUMP: [75] parent=68 id=null text='null' desc='null' bounds=(0,756,1080,1550) class=android.support.v7.widget.RecyclerView
         1789127346.738 20544 20544 D YTV2_DUMP: [76] parent=69 id=null text='null' desc='null' bounds=(44,1716,752,1782) class=android.widget.Button
         1789127346.738 20544 20544 D YTV2_DUMP: [77] parent=70 id=null text='null' desc='null' bounds=(0,1815,1080,2198) class=android.support.v7.widget.RecyclerView
         1789127346.738 20544 20544 D YTV2_DUMP: [78] parent=73 id=null text='null' desc='null' bounds=(33,470,343,580) class=android.view.ViewGroup
         1789127346.738 20544 20544 D YTV2_DUMP: [79] parent=73 id=null text='null' desc='null' bounds=(343,470,736,580) class=android.view.ViewGroup
         1789127346.738 20544 20544 D YTV2_DUMP: [80] parent=73 id=null text='null' desc='null' bounds=(736,470,1069,580) class=android.view.ViewGroup
         1789127346.738 20544 20544 D YTV2_DUMP: [81] parent=74 id=null text='Latest videos' desc='Latest videos' bounds=(44,658,377,722) class=android.view.ViewGroup
         1789127346.738 20544 20544 D YTV2_DUMP: [82] parent=75 id=null text='null' desc='null' bounds=(0,756,437,1550) class=android.view.ViewGroup
         1789127346.738 20544 20544 D YTV2_DUMP: [83] parent=75 id=null text='null' desc='null' bounds=(437,756,1080,1502) class=android.view.ViewGroup
         1789127346.738 20544 20544 D YTV2_DUMP: [84] parent=76 id=null text='Latest from PARMAR SSC' desc='Latest from PARMAR SSC' bounds=(44,1717,686,1781) class=android.view.ViewGroup
         1789127346.738 20544 20544 D YTV2_DUMP: [85] parent=76 id=null text='null' desc='null' bounds=(686,1716,752,1782) class=android.widget.ImageView
         1789127346.738 20544 20544 D YTV2_DUMP: [86] parent=77 id=null text='null' desc='null' bounds=(44,1815,534,2198) class=android.view.ViewGroup
         1789127346.738 20544 20544 D YTV2_DUMP: [87] parent=77 id=null text='null' desc='null' bounds=(534,1815,1024,2198) class=android.view.ViewGroup
         1789127346.738 20544 20544 D YTV2_DUMP: [88] parent=77 id=null text='null' desc='null' bounds=(1024,1815,1080,2198) class=android.view.ViewGroup
         1789127346.738 20544 20544 D YTV2_DUMP: [89] parent=78 id=null text='null' desc='Subscribe to PARMAR SSC.' bounds=(33,470,321,580) class=android.widget.Button
         1789127346.738 20544 20544 D YTV2_DUMP: [90] parent=79 id=null text='null' desc='View Channel' bounds=(343,470,714,580) class=android.widget.Button
         1789127346.738 20544 20544 D YTV2_DUMP: [91] parent=80 id=null text='null' desc='Community' bounds=(736,470,1069,580) class=android.widget.Button
         1789127346.738 20544 20544 D YTV2_DUMP: [92] parent=82 id=null text='null' desc='SSC STENO 2026 | Most EXPECTED PAPER Based on 11 SEP ALL SHIFTS Exams –  –  – PARMAR SSC, verified - Scheduled for 11/09/26, 20:30 - Upcoming – play video' bounds=(0,756,382,1550) class=android.widget.Button
         1789127346.738 20544 20544 D YTV2_DUMP: [93] parent=83 id=null text='null' desc='SSC CGL 2027 | PARMAR'S MATHS FOUNDATION BATCH | COMPLETE STRATEGY – 48 minutes, 41 seconds –  – PARMAR SSC, verified - 27K views - 5 hours ago – play video' bounds=(382,756,1080,1502) class=android.widget.Button
         1789127346.738 20544 20544 D YTV2_DUMP: [94] parent=86 id=null text='null' desc='HOW DID 5 ORANGUTANS REACH INDIA ?, 41K views – play Short' bounds=(44,1815,501,2198) class=android.widget.Button
         1789127346.738 20544 20544 D YTV2_DUMP: [95] parent=87 id=null text='null' desc='THE WORLD MAP IS CHANGING !, 3.7 lakh views – play Short' bounds=(534,1815,991,2198) class=android.widget.Button
         1789127346.738 20544 20544 D YTV2_DUMP: [96] parent=88 id=null text='null' desc='INCREDIBLE SSC CHSL 2025 RESULT!, 57K views – play Short' bounds=(1024,1815,1080,2198) class=android.widget.Button
         1789127346.738 20544 20544 D YTV2_DUMP: [97] parent=89 id=null text='null' desc='null' bounds=(33,497,321,554) class=android.view.ViewGroup
         1789127346.738 20544 20544 D YTV2_DUMP: [98] parent=90 id=null text='View Channel' desc='View Channel' bounds=(390,498,667,551) class=android.view.ViewGroup
         1789127346.738 20544 20544 D YTV2_DUMP: [99] parent=91 id=null text='null' desc='null' bounds=(783,492,849,558) class=android.widget.ImageView
         1789127346.738 20544 20544 D YTV2_DUMP: [100] parent=91 id=null text='Community' desc='Community' bounds=(866,498,1069,551) class=android.view.ViewGroup
         1789127346.738 20544 20544 D YTV2_DUMP: [101] parent=92 id=null text='null' desc='null' bounds=(0,770,309,1304) class=android.view.ViewGroup
         1789127346.738 20544 20544 D YTV2_DUMP: [102] parent=92 id=null text='null' desc='null' bounds=(0,803,276,803) class=android.view.ViewGroup
         1789127346.738 20544 20544 D YTV2_DUMP: [103] parent=92 id=null text='null' desc='null' bounds=(0,1326,312,1550) class=android.view.ViewGroup
         1789127346.738 20544 20544 D YTV2_DUMP: [104] parent=93 id=null text='null' desc='null' bounds=(353,770,1080,1304) class=android.view.ViewGroup
         1789127346.738 20544 20544 D YTV2_DUMP: [105] parent=93 id=null text='null' desc='null' bounds=(386,803,1080,803) class=android.view.ViewGroup
         1789127346.738 20544 20544 D YTV2_DUMP: [106] parent=93 id=null text='null' desc='null' bounds=(353,1326,1080,1502) class=android.view.ViewGroup
         1789127346.738 20544 20544 D YTV2_DUMP: [107] parent=94 id=null text='null' desc='null' bounds=(44,1815,501,2198) class=android.view.ViewGroup
         1789127346.738 20544 20544 D YTV2_DUMP: [108] parent=95 id=null text='null' desc='null' bounds=(534,1815,991,2198) class=android.view.ViewGroup
         1789127346.738 20544 20544 D YTV2_DUMP: [109] parent=96 id=null text='null' desc='null' bounds=(1024,1815,1080,2198) class=android.view.ViewGroup
         1789127346.738 20544 20544 D YTV2_DUMP: [110] parent=97 id=null text='Subscribe' desc='Subscribe' bounds=(33,497,321,554) class=android.view.ViewGroup
         1789127346.738 20544 20544 D YTV2_DUMP: [111] parent=101 id=null text='null' desc='null' bounds=(0,770,309,1304) class=android.widget.ImageView
         1789127346.738 20544 20544 D YTV2_DUMP: [112] parent=101 id=null text='null' desc='null' bounds=(20,1243,64,1287) class=android.widget.ImageView
         1789127346.738 20544 20544 D YTV2_DUMP: [113] parent=101 id=null text='Upcoming' desc='Upcoming' bounds=(56,1235,228,1283) class=android.view.ViewGroup
         1789127346.738 20544 20544 D YTV2_DUMP: [114] parent=103 id=null text='null' desc='null' bounds=(0,1326,204,1550) class=android.view.ViewGroup
         1789127346.738 20544 20544 D YTV2_DUMP: [115] parent=103 id=null text='null' desc='Action menu' bounds=(215,1326,265,1376) class=android.widget.Button
         1789127346.738 20544 20544 D YTV2_DUMP: [116] parent=104 id=null text='null' desc='null' bounds=(306,770,1080,1304) class=android.widget.ImageView
         1789127346.738 20544 20544 D YTV2_DUMP: [117] parent=104 id=null text='null' desc='null' bounds=(306,1296,401,1304) class=android.widget.ImageView
         1789127346.738 20544 20544 D YTV2_DUMP: [118] parent=106 id=null text='null' desc='Go to channel PARMAR SSC' bounds=(306,1326,405,1425) class=android.widget.Button
         1789127346.738 20544 20544 D YTV2_DUMP: [119] parent=106 id=null text='null' desc='null' bounds=(438,1326,1080,1502) class=android.view.ViewGroup
         1789127346.739 20544 20544 D YTV2_DUMP: [120] parent=107 id=null text='null' desc='null' bounds=(44,1815,501,2198) class=android.widget.ImageView
         1789127346.739 20544 20544 D YTV2_DUMP: [121] parent=107 id=null text='null' desc='null' bounds=(44,1815,501,2198) class=android.view.ViewGroup
         1789127346.739 20544 20544 D YTV2_DUMP: [122] parent=107 id=null text='null' desc='New' bounds=(66,1837,180,1894) class=android.view.ViewGroup
         1789127346.739 20544 20544 D YTV2_DUMP: [123] parent=107 id=null text='null' desc='null' bounds=(391,1815,501,1925) class=android.view.ViewGroup
         1789127346.739 20544 20544 D YTV2_DUMP: [124] parent=108 id=null text='null' desc='null' bounds=(534,1815,991,2198) class=android.widget.ImageView
         1789127346.739 20544 20544 D YTV2_DUMP: [125] parent=108 id=null text='null' desc='null' bounds=(534,1815,991,2198) class=android.view.ViewGroup
         1789127346.739 20544 20544 D YTV2_DUMP: [126] parent=108 id=null text='null' desc='New' bounds=(556,1837,670,1894) class=android.view.ViewGroup
         1789127346.739 20544 20544 D YTV2_DUMP: [127] parent=108 id=null text='null' desc='null' bounds=(881,1815,991,1925) class=android.view.ViewGroup
         1789127346.739 20544 20544 D YTV2_DUMP: [128] parent=109 id=null text='null' desc='null' bounds=(1024,1815,1080,2198) class=android.widget.ImageView
         1789127346.739 20544 20544 D YTV2_DUMP: [129] parent=109 id=null text='null' desc='null' bounds=(1024,1815,1080,2198) class=android.view.ViewGroup
         1789127346.739 20544 20544 D YTV2_DUMP: [130] parent=109 id=null text='null' desc='null' bounds=(1371,1815,1080,1925) class=android.view.ViewGroup
         1789127346.739 20544 20544 D YTV2_DUMP: [131] parent=114 id=null text='null' desc='null' bounds=(0,1326,163,1550) class=android.view.ViewGroup
         1789127346.739 20544 20544 D YTV2_DUMP: [132] parent=119 id=null text='null' desc='null' bounds=(397,1326,1080,1502) class=android.view.ViewGroup
         1789127346.739 20544 20544 D YTV2_DUMP: [133] parent=121 id=null text='null' desc='null' bounds=(44,1815,501,2198) class=android.widget.ImageView
         1789127346.739 20544 20544 D YTV2_DUMP: [134] parent=121 id=null text='null' desc='null' bounds=(44,1815,501,2198) class=android.view.ViewGroup
         1789127346.739 20544 20544 D YTV2_DUMP: [135] parent=122 id=null text='New' desc='New' bounds=(77,1840,152,1891) class=android.view.ViewGroup
         1789127346.739 20544 20544 D YTV2_DUMP: [136] parent=123 id=null text='null' desc='More actions' bounds=(440,1837,490,1887) class=android.widget.Button
         1789127346.739 20544 20544 D YTV2_DUMP: [137] parent=125 id=null text='null' desc='null' bounds=(534,1815,991,2198) class=android.widget.ImageView
         1789127346.739 20544 20544 D YTV2_DUMP: [138] parent=125 id=null text='null' desc='null' bounds=(534,1815,991,2198) class=android.view.ViewGroup
         1789127346.739 20544 20544 D YTV2_DUMP: [139] parent=126 id=null text='New' desc='New' bounds=(567,1840,642,1891) class=android.view.ViewGroup
         1789127346.739 20544 20544 D YTV2_DUMP: [140] parent=127 id=null text='null' desc='More actions' bounds=(930,1837,980,1887) class=android.widget.Button
         1789127346.739 20544 20544 D YTV2_DUMP: [141] parent=129 id=null text='null' desc='null' bounds=(1024,1815,1080,2198) class=android.widget.ImageView
         1789127346.739 20544 20544 D YTV2_DUMP: [142] parent=129 id=null text='null' desc='null' bounds=(1024,1815,1080,2198) class=android.view.ViewGroup
         1789127346.739 20544 20544 D YTV2_DUMP: [143] parent=130 id=null text='null' desc='More actions' bounds=(1420,1837,1080,1887) class=android.widget.Button
         1789127346.739 20544 20544 D YTV2_DUMP: [144] parent=131 id=null text='null' desc='null' bounds=(0,1326,123,1443) class=android.view.ViewGroup
         1789127346.739 20544 20544 D YTV2_DUMP: [145] parent=131 id=null text='null' desc='null' bounds=(0,1443,123,1550) class=android.view.ViewGroup
         1789127346.739 20544 20544 D YTV2_DUMP: [146] parent=132 id=null text='null' desc='null' bounds=(357,1326,1080,1443) class=android.view.ViewGroup
         1789127346.739 20544 20544 D YTV2_DUMP: [147] parent=132 id=null text='null' desc='null' bounds=(357,1443,922,1502) class=android.view.ViewGroup
         1789127346.739 20544 20544 D YTV2_DUMP: [148] parent=134 id=null text='null' desc='null' bounds=(44,1815,501,2198) class=android.widget.ImageView
         1789127346.739 20544 20544 D YTV2_DUMP: [149] parent=138 id=null text='null' desc='null' bounds=(534,1815,991,2198) class=android.widget.ImageView
         1789127346.739 20544 20544 D YTV2_DUMP: [150] parent=142 id=null text='null' desc='null' bounds=(1024,1815,1080,2198) class=android.widget.ImageView
         1789127346.739 20544 20544 D YTV2_DUMP: [151] parent=144 id=null text='SSC STENO 2026 | Most EXPECTED PAPER Based on 11 SEP ALL SHIFTS Exams' desc='SSC STENO 2026 | Most EXPECTED PAPER Based on 11 SEP ALL SHIFTS Exams' bounds=(0,1326,55,1443) class=android.view.ViewGroup
         1789127346.739 20544 20544 D YTV2_DUMP: [152] parent=145 id=null text='PARMAR SSC       Scheduled for 11/09/26, 20:30' desc='PARMAR SSC       Scheduled for 11/09/26, 20:30' bounds=(0,1454,88,1550) class=android.view.ViewGroup
         1789127346.739 20544 20544 D YTV2_DUMP: [153] parent=146 id=null text='SSC CGL 2027 | PARMAR'S MATHS FOUNDATION BATCH | COMPLETE STRATEGY' desc='SSC CGL 2027 | PARMAR'S MATHS FOUNDATION BATCH | COMPLETE STRATEGY' bounds=(322,1326,1048,1443) class=android.view.ViewGroup
         1789127346.739 20544 20544 D YTV2_DUMP: [154] parent=147 id=null text='PARMAR SSC          27K   5 hr ago' desc='PARMAR SSC          27K   5 hr ago' bounds=(322,1454,887,1502) class=android.view.ViewGroup
         1789127346.743 20544 20544 D YTV2_DUMP: --> PARSED: kind=NON_PLAYBACK watchConfirmed=false title='null' handle='null' display='null' channelId='null'
         1789127346.781 20544 20544 D YTV2_DUMP: [0] parent=null id=null text='null' desc='null' bounds=(0,0,1080,2460) class=android.widget.FrameLayout
         1789127346.781 20544 20544 D YTV2_DUMP: [1] parent=0 id=null text='null' desc='null' bounds=(0,0,1080,2460) class=android.widget.LinearLayout
         1789127346.781 20544 20544 D YTV2_DUMP: [2] parent=0 id=android:id/navigationBarBackground text='null' desc='null' bounds=(0,2330,1080,2460) class=android.view.View
         1789127346.781 20544 20544 D YTV2_DUMP: [3] parent=1 id=null text='null' desc='null' bounds=(0,0,1080,2460) class=android.widget.FrameLayout
         1789127346.781 20544 20544 D YTV2_DUMP: [4] parent=3 id=com.google.android.youtube:id/action_bar_root text='null' desc='null' bounds=(0,0,1080,2460) class=android.widget.LinearLayout
         1789127346.781 20544 20544 D YTV2_DUMP: [5] parent=4 id=android:id/content text='null' desc='null' bounds=(0,0,1080,2460) class=android.widget.FrameLayout
         1789127346.781 20544 20544 D YTV2_DUMP: [6] parent=5 id=com.google.android.youtube:id/more_drawer_container text='null' desc='null' bounds=(0,0,1080,2460) class=androidx.drawerlayout.widget.DrawerLayout
         1789127346.781 20544 20544 D YTV2_DUMP: [7] parent=5 id=com.google.android.youtube:id/reel_time_bar text='null' desc='null' bounds=(0,0,1080,2460) class=android.view.ViewGroup
         1789127346.781 20544 20544 D YTV2_DUMP: [8] parent=6 id=com.google.android.youtube:id/slim_status_bar_player_container text='null' desc='null' bounds=(0,0,1080,2460) class=android.widget.FrameLayout
         1789127346.781 20544 20544 D YTV2_DUMP: [9] parent=8 id=com.google.android.youtube:id/navigation_bar_divider_frame text='null' desc='null' bounds=(0,0,1080,2330) class=android.view.ViewGroup
         1789127346.781 20544 20544 D YTV2_DUMP: [10] parent=8 id=null text='null' desc='null' bounds=(0,0,1080,104) class=android.widget.FrameLayout
         1789127346.781 20544 20544 D YTV2_DUMP: [11] parent=8 id=null text='null' desc='null' bounds=(0,0,3,3) class=android.view.View
         1789127346.781 20544 20544 D YTV2_DUMP: [12] parent=9 id=com.google.android.youtube:id/global_slim_status_bar_container text='null' desc='null' bounds=(0,0,1080,2330) class=android.widget.FrameLayout
         1789127346.781 20544 20544 D YTV2_DUMP: [13] parent=9 id=com.google.android.youtube:id/accessibility_layer_container text='null' desc='null' bounds=(0,0,1080,2330) class=android.widget.FrameLayout
         1789127346.781 20544 20544 D YTV2_DUMP: [14] parent=10 id=com.google.android.youtube:id/global_status_bar_view text='null' desc='null' bounds=(0,0,1080,104) class=android.view.View
         1789127346.781 20544 20544 D YTV2_DUMP: [15] parent=13 id=com.google.android.youtube:id/fullscreen_mode_container text='null' desc='null' bounds=(0,0,1080,0) class=android.widget.FrameLayout
         1789127346.781 20544 20544 D YTV2_DUMP: [16] parent=13 id=com.google.android.youtube:id/next_gen_watch_container_layout text='null' desc='null' bounds=(0,0,1080,2330) class=android.view.ViewGroup
         1789127346.781 20544 20544 D YTV2_DUMP: [17] parent=13 id=com.google.android.youtube:id/bottom_bar_container text='null' desc='null' bounds=(0,2198,1080,2330) class=android.widget.LinearLayout
         1789127346.781 20544 20544 D YTV2_DUMP: [18] parent=16 id=com.google.android.youtube:id/watch_while_layout_coordinator_layout text='null' desc='null' bounds=(0,0,1080,2330) class=android.view.ViewGroup
         1789127346.781 20544 20544 D YTV2_DUMP: [19] parent=17 id=com.google.android.youtube:id/pivot_bar text='null' desc='null' bounds=(0,2198,1080,2330) class=android.widget.HorizontalScrollView
         1789127346.781 20544 20544 D YTV2_DUMP: [20] parent=18 id=com.google.android.youtube:id/fab_container text='null' desc='null' bounds=(0,0,1080,2330) class=android.widget.FrameLayout
         1789127346.781 20544 20544 D YTV2_DUMP: [21] parent=18 id=com.google.android.youtube:id/pane_fragment_container text='null' desc='null' bounds=(0,0,1080,2330) class=android.widget.FrameLayout
         1789127346.781 20544 20544 D YTV2_DUMP: [22] parent=18 id=com.google.android.youtube:id/root_pill_container text='null' desc='null' bounds=(0,2220,1080,2220) class=android.widget.FrameLayout
         1789127346.781 20544 20544 D YTV2_DUMP: [23] parent=18 id=com.google.android.youtube:id/pane_fragment_footer_container text='null' desc='null' bounds=(0,2330,1080,2330) class=android.widget.FrameLayout
         1789127346.781 20544 20544 D YTV2_DUMP: [24] parent=19 id=null text='null' desc='null' bounds=(0,2198,1080,2330) class=android.widget.LinearLayout
         1789127346.781 20544 20544 D YTV2_DUMP: [25] parent=21 id=com.google.android.youtube:id/browse_fragment_layout_coordinator_layout text='null' desc='null' bounds=(0,104,1080,2198) class=android.widget.ScrollView
         1789127346.781 20544 20544 D YTV2_DUMP: [26] parent=24 id=null text='null' desc='Home' bounds=(0,2198,216,2330) class=android.widget.Button
         1789127346.781 20544 20544 D YTV2_DUMP: [27] parent=24 id=null text='null' desc='Shorts' bounds=(216,2198,432,2330) class=android.widget.Button
         1789127346.781 20544 20544 D YTV2_DUMP: [28] parent=24 id=null text='null' desc='Create' bounds=(432,2198,648,2330) class=android.widget.Button
         1789127346.781 20544 20544 D YTV2_DUMP: [29] parent=24 id=null text='null' desc='Subscriptions: New content is available' bounds=(648,2198,864,2330) class=android.widget.Button
         1789127346.781 20544 20544 D YTV2_DUMP: [30] parent=24 id=null text='null' desc='You' bounds=(864,2198,1080,2330) class=android.widget.Button
         1789127346.781 20544 20544 D YTV2_DUMP: [31] parent=25 id=com.google.android.youtube:id/appbar_layout text='null' desc='null' bounds=(0,104,1080,236) class=android.widget.LinearLayout
         1789127346.781 20544 20544 D YTV2_DUMP: [32] parent=25 id=com.google.android.youtube:id/pane_fragment_contents text='null' desc='null' bounds=(0,236,1080,2198) class=android.widget.FrameLayout
         1789127346.781 20544 20544 D YTV2_DUMP: [33] parent=26 id=com.google.android.youtube:id/thumbnail_layout text='null' desc='null' bounds=(75,2210,141,2276) class=android.widget.FrameLayout
         1789127346.781 20544 20544 D YTV2_DUMP: [34] parent=26 id=com.google.android.youtube:id/text text='Home' desc='null' bounds=(67,2282,150,2319) class=android.widget.TextView
         1789127346.781 20544 20544 D YTV2_DUMP: [35] parent=27 id=com.google.android.youtube:id/thumbnail_layout text='null' desc='null' bounds=(291,2210,357,2276) class=android.widget.FrameLayout
         1789127346.781 20544 20544 D YTV2_DUMP: [36] parent=27 id=com.google.android.youtube:id/text text='Shorts' desc='null' bounds=(279,2282,369,2319) class=android.widget.TextView
         1789127346.781 20544 20544 D YTV2_DUMP: [37] parent=28 id=com.google.android.youtube:id/image text='null' desc='null' bounds=(491,2216,590,2315) class=android.widget.ImageView
         1789127346.781 20544 20544 D YTV2_DUMP: [38] parent=29 id=com.google.android.youtube:id/thumbnail_layout text='null' desc='null' bounds=(723,2210,789,2276) class=android.widget.FrameLayout
         1789127346.781 20544 20544 D YTV2_DUMP: [39] parent=29 id=com.google.android.youtube:id/new_content_dot text='null' desc='New content available' bounds=(761,2204,794,2237) class=android.view.View
         1789127346.781 20544 20544 D YTV2_DUMP: [40] parent=29 id=com.google.android.youtube:id/text text='Subscriptions' desc='null' bounds=(666,2282,847,2319) class=android.widget.TextView
         1789127346.781 20544 20544 D YTV2_DUMP: [41] parent=30 id=com.google.android.youtube:id/thumbnail_layout text='null' desc='null' bounds=(939,2210,1005,2276) class=android.widget.FrameLayout
         1789127346.781 20544 20544 D YTV2_DUMP: [42] parent=30 id=com.google.android.youtube:id/text text='You' desc='null' bounds=(946,2282,999,2319) class=android.widget.TextView
         1789127346.781 20544 20544 D YTV2_DUMP: [43] parent=31 id=com.google.android.youtube:id/toolbar_container text='null' desc='null' bounds=(0,104,1080,236) class=android.widget.FrameLayout
         1789127346.781 20544 20544 D YTV2_DUMP: [44] parent=32 id=com.google.android.youtube:id/loading_layout text='null' desc='null' bounds=(0,236,1080,2198) class=android.widget.FrameLayout
         1789127346.781 20544 20544 D YTV2_DUMP: [45] parent=33 id=com.google.android.youtube:id/image text='null' desc='null' bounds=(75,2210,141,2276) class=android.widget.ImageView
         1789127346.781 20544 20544 D YTV2_DUMP: [46] parent=35 id=com.google.android.youtube:id/image text='null' desc='null' bounds=(291,2210,357,2276) class=android.widget.ImageView
         1789127346.781 20544 20544 D YTV2_DUMP: [47] parent=38 id=com.google.android.youtube:id/image text='null' desc='null' bounds=(723,2210,789,2276) class=android.widget.ImageView
         1789127346.782 20544 20544 D YTV2_DUMP: [48] parent=41 id=com.google.android.youtube:id/pivot_bar_thumbnail text='null' desc='null' bounds=(939,2210,1005,2276) class=android.widget.ImageView
         1789127346.782 20544 20544 D YTV2_DUMP: [49] parent=43 id=com.google.android.youtube:id/collapsing_header_container text='null' desc='null' bounds=(0,104,1080,104) class=android.widget.FrameLayout
         1789127346.782 20544 20544 D YTV2_DUMP: [50] parent=43 id=com.google.android.youtube:id/toolbar text='null' desc='null' bounds=(0,104,1080,236) class=android.view.ViewGroup
         1789127346.782 20544 20544 D YTV2_DUMP: [51] parent=44 id=com.google.android.youtube:id/results text='null' desc='null' bounds=(0,236,1080,2198) class=android.support.v7.widget.RecyclerView
         1789127346.782 20544 20544 D YTV2_DUMP: [52] parent=50 id=null text='null' desc='Navigate up' bounds=(0,104,154,236) class=android.widget.ImageButton
         1789127346.782 20544 20544 D YTV2_DUMP: [53] parent=50 id=null text='null' desc='null' bounds=(154,104,969,236) class=android.widget.RelativeLayout
         1789127346.782 20544 20544 D YTV2_DUMP: [54] parent=50 id=null text='null' desc='null' bounds=(969,104,1080,236) class=android.support.v7.widget.LinearLayoutCompat
         1789127346.782 20544 20544 D YTV2_DUMP: [55] parent=51 id=null text='null' desc='null' bounds=(0,236,1080,624) class=android.widget.Button
         1789127346.782 20544 20544 D YTV2_DUMP: [56] parent=51 id=null text='null' desc='null' bounds=(0,624,1080,1616) class=android.view.ViewGroup
         1789127346.782 20544 20544 D YTV2_DUMP: [57] parent=51 id=null text='null' desc='null' bounds=(0,1616,1080,1683) class=android.view.ViewGroup
         1789127346.782 20544 20544 D YTV2_DUMP: [58] parent=51 id=null text='null' desc='null' bounds=(0,1683,1080,2198) class=android.view.ViewGroup
         1789127346.782 20544 20544 D YTV2_DUMP: [59] parent=53 id=com.google.android.youtube:id/search_box text='null' desc='null' bounds=(154,104,837,236) class=android.widget.LinearLayout
         1789127346.782 20544 20544 D YTV2_DUMP: [60] parent=53 id=com.google.android.youtube:id/voice_search text='null' desc='Voice search' bounds=(837,104,969,236) class=android.widget.ImageView
         1789127346.782 20544 20544 D YTV2_DUMP: [61] parent=54 id=null text='null' desc='More options' bounds=(969,104,1080,236) class=android.widget.ImageView
         1789127346.782 20544 20544 D YTV2_DUMP: [62] parent=55 id=null text='null' desc='Go to channel' bounds=(33,239,231,437) class=android.widget.Button
         1789127346.782 20544 20544 D YTV2_DUMP: [63] parent=55 id=null text='PARMAR SSC' desc='PARMAR SSC' bounds=(264,246,696,328) class=android.view.ViewGroup
         1789127346.782 20544 20544 D YTV2_DUMP: [64] parent=55 id=null text='@parmarssc' desc='@parmarssc' bounds=(264,328,469,376) class=android.view.ViewGroup
         1789127346.782 20544 20544 D YTV2_DUMP: [65] parent=55 id=null text='25 lakh subscribers • 3K videos' desc='25 lakh subscribers • 3K videos' bounds=(264,382,805,430) class=android.view.ViewGroup
         1789127346.782 20544 20544 D YTV2_DUMP: [66] parent=55 id=null text='null' desc='null' bounds=(33,470,1069,580) class=android.view.ViewGroup
         1789127346.782 20544 20544 D YTV2_DUMP: [67] parent=56 id=null text='null' desc='null' bounds=(0,624,1080,756) class=android.view.ViewGroup
         1789127346.782 20544 20544 D YTV2_DUMP: [68] parent=56 id=null text='null' desc='null' bounds=(0,756,1080,1550) class=android.view.ViewGroup
         1789127346.782 20544 20544 D YTV2_DUMP: [69] parent=58 id=null text='null' desc='Latest from PARMAR SSC' bounds=(0,1683,1080,1815) class=android.widget.Button
         1789127346.782 20544 20544 D YTV2_DUMP: [70] parent=58 id=null text='null' desc='null' bounds=(0,1815,1080,2198) class=android.view.ViewGroup
         1789127346.782 20544 20544 D YTV2_DUMP: [71] parent=59 id=com.google.android.youtube:id/search_query text='parmar ssc' desc='null' bounds=(154,126,705,214) class=android.widget.TextView
         1789127346.782 20544 20544 D YTV2_DUMP: [72] parent=59 id=com.google.android.youtube:id/search_clear text='null' desc='Clear' bounds=(705,104,837,236) class=android.widget.ImageView
         1789127346.782 20544 20544 D YTV2_DUMP: [73] parent=66 id=null text='null' desc='null' bounds=(33,470,1069,580) class=android.support.v7.widget.RecyclerView
         1789127346.782 20544 20544 D YTV2_DUMP: [74] parent=67 id=null text='null' desc='Latest videos' bounds=(44,658,377,722) class=android.view.ViewGroup
         1789127346.782 20544 20544 D YTV2_DUMP: [75] parent=68 id=null text='null' desc='null' bounds=(0,756,1080,1550) class=android.support.v7.widget.RecyclerView
         1789127346.782 20544 20544 D YTV2_DUMP: [76] parent=69 id=null text='null' desc='null' bounds=(44,1716,752,1782) class=android.widget.Button
         1789127346.782 20544 20544 D YTV2_DUMP: [77] parent=70 id=null text='null' desc='null' bounds=(0,1815,1080,2198) class=android.support.v7.widget.RecyclerView
         1789127346.782 20544 20544 D YTV2_DUMP: [78] parent=73 id=null text='null' desc='null' bounds=(33,470,343,580) class=android.view.ViewGroup
         1789127346.782 20544 20544 D YTV2_DUMP: [79] parent=73 id=null text='null' desc='null' bounds=(343,470,736,580) class=android.view.ViewGroup
         1789127346.782 20544 20544 D YTV2_DUMP: [80] parent=73 id=null text='null' desc='null' bounds=(736,470,1069,580) class=android.view.ViewGroup
         1789127346.782 20544 20544 D YTV2_DUMP: [81] parent=74 id=null text='Latest videos' desc='Latest videos' bounds=(44,658,377,722) class=android.view.ViewGroup
         1789127346.782 20544 20544 D YTV2_DUMP: [82] parent=75 id=null text='null' desc='null' bounds=(0,756,437,1550) class=android.view.ViewGroup
         1789127346.782 20544 20544 D YTV2_DUMP: [83] parent=75 id=null text='null' desc='null' bounds=(437,756,1080,1502) class=android.view.ViewGroup
         1789127346.782 20544 20544 D YTV2_DUMP: [84] parent=76 id=null text='Latest from PARMAR SSC' desc='Latest from PARMAR SSC' bounds=(44,1717,686,1781) class=android.view.ViewGroup
         1789127346.782 20544 20544 D YTV2_DUMP: [85] parent=76 id=null text='null' desc='null' bounds=(686,1716,752,1782) class=android.widget.ImageView
         1789127346.782 20544 20544 D YTV2_DUMP: [86] parent=77 id=null text='null' desc='null' bounds=(44,1815,534,2198) class=android.view.ViewGroup
         1789127346.782 20544 20544 D YTV2_DUMP: [87] parent=77 id=null text='null' desc='null' bounds=(534,1815,1024,2198) class=android.view.ViewGroup
         1789127346.782 20544 20544 D YTV2_DUMP: [88] parent=77 id=null text='null' desc='null' bounds=(1024,1815,1080,2198) class=android.view.ViewGroup
         1789127346.782 20544 20544 D YTV2_DUMP: [89] parent=78 id=null text='null' desc='Subscribe to PARMAR SSC.' bounds=(33,470,321,580) class=android.widget.Button
         1789127346.782 20544 20544 D YTV2_DUMP: [90] parent=79 id=null text='null' desc='View Channel' bounds=(343,470,714,580) class=android.widget.Button
         1789127346.782 20544 20544 D YTV2_DUMP: [91] parent=80 id=null text='null' desc='Community' bounds=(736,470,1069,580) class=android.widget.Button
         1789127346.782 20544 20544 D YTV2_DUMP: [92] parent=82 id=null text='null' desc='SSC STENO 2026 | Most EXPECTED PAPER Based on 11 SEP ALL SHIFTS Exams –  –  – PARMAR SSC, verified - Scheduled for 11/09/26, 20:30 - Upcoming – play video' bounds=(0,756,382,1550) class=android.widget.Button
         1789127346.782 20544 20544 D YTV2_DUMP: [93] parent=83 id=null text='null' desc='SSC CGL 2027 | PARMAR'S MATHS FOUNDATION BATCH | COMPLETE STRATEGY – 48 minutes, 41 seconds –  – PARMAR SSC, verified - 27K views - 5 hours ago – play video' bounds=(382,756,1080,1502) class=android.widget.Button
         1789127346.782 20544 20544 D YTV2_DUMP: [94] parent=86 id=null text='null' desc='HOW DID 5 ORANGUTANS REACH INDIA ?, 41K views – play Short' bounds=(44,1815,501,2198) class=android.widget.Button
         1789127346.783 20544 20544 D YTV2_DUMP: [95] parent=87 id=null text='null' desc='THE WORLD MAP IS CHANGING !, 3.7 lakh views – play Short' bounds=(534,1815,991,2198) class=android.widget.Button
         1789127346.783 20544 20544 D YTV2_DUMP: [96] parent=88 id=null text='null' desc='INCREDIBLE SSC CHSL 2025 RESULT!, 57K views – play Short' bounds=(1024,1815,1080,2198) class=android.widget.Button
         1789127346.783 20544 20544 D YTV2_DUMP: [97] parent=89 id=null text='null' desc='null' bounds=(33,497,321,554) class=android.view.ViewGroup
         1789127346.783 20544 20544 D YTV2_DUMP: [98] parent=90 id=null text='View Channel' desc='View Channel' bounds=(390,498,667,551) class=android.view.ViewGroup
         1789127346.783 20544 20544 D YTV2_DUMP: [99] parent=91 id=null text='null' desc='null' bounds=(783,492,849,558) class=android.widget.ImageView
         1789127346.783 20544 20544 D YTV2_DUMP: [100] parent=91 id=null text='Community' desc='Community' bounds=(866,498,1069,551) class=android.view.ViewGroup
         1789127346.783 20544 20544 D YTV2_DUMP: [101] parent=92 id=null text='null' desc='null' bounds=(0,770,309,1304) class=android.view.ViewGroup
         1789127346.783 20544 20544 D YTV2_DUMP: [102] parent=92 id=null text='null' desc='null' bounds=(0,803,276,803) class=android.view.ViewGroup
         1789127346.783 20544 20544 D YTV2_DUMP: [103] parent=92 id=null text='null' desc='null' bounds=(0,1326,312,1550) class=android.view.ViewGroup
         1789127346.783 20544 20544 D YTV2_DUMP: [104] parent=93 id=null text='null' desc='null' bounds=(353,770,1080,1304) class=android.view.ViewGroup
         1789127346.783 20544 20544 D YTV2_DUMP: [105] parent=93 id=null text='null' desc='null' bounds=(386,803,1080,803) class=android.view.ViewGroup
         1789127346.783 20544 20544 D YTV2_DUMP: [106] parent=93 id=null text='null' desc='null' bounds=(353,1326,1080,1502) class=android.view.ViewGroup
         1789127346.783 20544 20544 D YTV2_DUMP: [107] parent=94 id=null text='null' desc='null' bounds=(44,1815,501,2198) class=android.view.ViewGroup
         1789127346.783 20544 20544 D YTV2_DUMP: [108] parent=95 id=null text='null' desc='null' bounds=(534,1815,991,2198) class=android.view.ViewGroup
         1789127346.783 20544 20544 D YTV2_DUMP: [109] parent=96 id=null text='null' desc='null' bounds=(1024,1815,1080,2198) class=android.view.ViewGroup
         1789127346.783 20544 20544 D YTV2_DUMP: [110] parent=97 id=null text='Subscribe' desc='Subscribe' bounds=(33,497,321,554) class=android.view.ViewGroup
         1789127346.783 20544 20544 D YTV2_DUMP: [111] parent=101 id=null text='null' desc='null' bounds=(0,770,309,1304) class=android.widget.ImageView
         1789127346.783 20544 20544 D YTV2_DUMP: [112] parent=101 id=null text='null' desc='null' bounds=(20,1243,64,1287) class=android.widget.ImageView
         1789127346.783 20544 20544 D YTV2_DUMP: [113] parent=101 id=null text='Upcoming' desc='Upcoming' bounds=(56,1235,228,1283) class=android.view.ViewGroup
         1789127346.783 20544 20544 D YTV2_DUMP: [114] parent=103 id=null text='null' desc='null' bounds=(0,1326,204,1550) class=android.view.ViewGroup
         1789127346.783 20544 20544 D YTV2_DUMP: [115] parent=103 id=null text='null' desc='Action menu' bounds=(215,1326,265,1376) class=android.widget.Button
         1789127346.783 20544 20544 D YTV2_DUMP: [116] parent=104 id=null text='null' desc='null' bounds=(306,770,1080,1304) class=android.widget.ImageView
         1789127346.783 20544 20544 D YTV2_DUMP: [117] parent=104 id=null text='null' desc='null' bounds=(306,1296,401,1304) class=android.widget.ImageView
         1789127346.783 20544 20544 D YTV2_DUMP: [118] parent=106 id=null text='null' desc='Go to channel PARMAR SSC' bounds=(306,1326,405,1425) class=android.widget.Button
         1789127346.783 20544 20544 D YTV2_DUMP: [119] parent=106 id=null text='null' desc='null' bounds=(438,1326,1080,1502) class=android.view.ViewGroup
         1789127346.783 20544 20544 D YTV2_DUMP: [120] parent=107 id=null text='null' desc='null' bounds=(44,1815,501,2198) class=android.widget.ImageView
         1789127346.783 20544 20544 D YTV2_DUMP: [121] parent=107 id=null text='null' desc='null' bounds=(44,1815,501,2198) class=android.view.ViewGroup
         1789127346.783 20544 20544 D YTV2_DUMP: [122] parent=107 id=null text='null' desc='New' bounds=(66,1837,180,1894) class=android.view.ViewGroup
         1789127346.783 20544 20544 D YTV2_DUMP: [123] parent=107 id=null text='null' desc='null' bounds=(391,1815,501,1925) class=android.view.ViewGroup
         1789127346.783 20544 20544 D YTV2_DUMP: [124] parent=108 id=null text='null' desc='null' bounds=(534,1815,991,2198) class=android.widget.ImageView
         1789127346.783 20544 20544 D YTV2_DUMP: [125] parent=108 id=null text='null' desc='null' bounds=(534,1815,991,2198) class=android.view.ViewGroup
         1789127346.783 20544 20544 D YTV2_DUMP: [126] parent=108 id=null text='null' desc='New' bounds=(556,1837,670,1894) class=android.view.ViewGroup
         1789127346.783 20544 20544 D YTV2_DUMP: [127] parent=108 id=null text='null' desc='null' bounds=(881,1815,991,1925) class=android.view.ViewGroup
         1789127346.783 20544 20544 D YTV2_DUMP: [128] parent=109 id=null text='null' desc='null' bounds=(1024,1815,1080,2198) class=android.widget.ImageView
         1789127346.783 20544 20544 D YTV2_DUMP: [129] parent=109 id=null text='null' desc='null' bounds=(1024,1815,1080,2198) class=android.view.ViewGroup
         1789127346.783 20544 20544 D YTV2_DUMP: [130] parent=109 id=null text='null' desc='null' bounds=(1371,1815,1080,1925) class=android.view.ViewGroup
         1789127346.783 20544 20544 D YTV2_DUMP: [131] parent=114 id=null text='null' desc='null' bounds=(0,1326,163,1550) class=android.view.ViewGroup
         1789127346.783 20544 20544 D YTV2_DUMP: [132] parent=119 id=null text='null' desc='null' bounds=(397,1326,1080,1502) class=android.view.ViewGroup
         1789127346.783 20544 20544 D YTV2_DUMP: [133] parent=121 id=null text='null' desc='null' bounds=(44,1815,501,2198) class=android.widget.ImageView
         1789127346.783 20544 20544 D YTV2_DUMP: [134] parent=121 id=null text='null' desc='null' bounds=(44,1815,501,2198) class=android.view.ViewGroup
         1789127346.783 20544 20544 D YTV2_DUMP: [135] parent=122 id=null text='New' desc='New' bounds=(77,1840,152,1891) class=android.view.ViewGroup
         1789127346.783 20544 20544 D YTV2_DUMP: [136] parent=123 id=null text='null' desc='More actions' bounds=(440,1837,490,1887) class=android.widget.Button
         1789127346.783 20544 20544 D YTV2_DUMP: [137] parent=125 id=null text='null' desc='null' bounds=(534,1815,991,2198) class=android.widget.ImageView
         1789127346.783 20544 20544 D YTV2_DUMP: [138] parent=125 id=null text='null' desc='null' bounds=(534,1815,991,2198) class=android.view.ViewGroup
         1789127346.783 20544 20544 D YTV2_DUMP: [139] parent=126 id=null text='New' desc='New' bounds=(567,1840,642,1891) class=android.view.ViewGroup
         1789127346.783 20544 20544 D YTV2_DUMP: [140] parent=127 id=null text='null' desc='More actions' bounds=(930,1837,980,1887) class=android.widget.Button
         1789127346.783 20544 20544 D YTV2_DUMP: [141] parent=129 id=null text='null' desc='null' bounds=(1024,1815,1080,2198) class=android.widget.ImageView
         1789127346.783 20544 20544 D YTV2_DUMP: [142] parent=129 id=null text='null' desc='null' bounds=(1024,1815,1080,2198) class=android.view.ViewGroup
         1789127346.783 20544 20544 D YTV2_DUMP: [143] parent=130 id=null text='null' desc='More actions' bounds=(1420,1837,1080,1887) class=android.widget.Button
         1789127346.783 20544 20544 D YTV2_DUMP: [144] parent=131 id=null text='null' desc='null' bounds=(0,1326,123,1443) class=android.view.ViewGroup
         1789127346.783 20544 20544 D YTV2_DUMP: [145] parent=131 id=null text='null' desc='null' bounds=(0,1443,123,1550) class=android.view.ViewGroup
         1789127346.783 20544 20544 D YTV2_DUMP: [146] parent=132 id=null text='null' desc='null' bounds=(357,1326,1080,1443) class=android.view.ViewGroup
         1789127346.783 20544 20544 D YTV2_DUMP: [147] parent=132 id=null text='null' desc='null' bounds=(357,1443,922,1502) class=android.view.ViewGroup
         1789127346.783 20544 20544 D YTV2_DUMP: [148] parent=134 id=null text='null' desc='null' bounds=(44,1815,501,2198) class=android.widget.ImageView
         1789127346.783 20544 20544 D YTV2_DUMP: [149] parent=138 id=null text='null' desc='null' bounds=(534,1815,991,2198) class=android.widget.ImageView
         1789127346.783 20544 20544 D YTV2_DUMP: [150] parent=142 id=null text='null' desc='null' bounds=(1024,1815,1080,2198) class=android.widget.ImageView
         1789127346.783 20544 20544 D YTV2_DUMP: [151] parent=144 id=null text='SSC STENO 2026 | Most EXPECTED PAPER Based on 11 SEP ALL SHIFTS Exams' desc='SSC STENO 2026 | Most EXPECTED PAPER Based on 11 SEP ALL SHIFTS Exams' bounds=(0,1326,55,1443) class=android.view.ViewGroup
         1789127346.783 20544 20544 D YTV2_DUMP: [152] parent=145 id=null text='PARMAR SSC       Scheduled for 11/09/26, 20:30' desc='PARMAR SSC       Scheduled for 11/09/26, 20:30' bounds=(0,1454,88,1550) class=android.view.ViewGroup
         1789127346.783 20544 20544 D YTV2_DUMP: [153] parent=146 id=null text='SSC CGL 2027 | PARMAR'S MATHS FOUNDATION BATCH | COMPLETE STRATEGY' desc='SSC CGL 2027 | PARMAR'S MATHS FOUNDATION BATCH | COMPLETE STRATEGY' bounds=(322,1326,1048,1443) class=android.view.ViewGroup
         1789127346.783 20544 20544 D YTV2_DUMP: [154] parent=147 id=null text='PARMAR SSC          27K   5 hr ago' desc='PARMAR SSC          27K   5 hr ago' bounds=(322,1454,887,1502) class=android.view.ViewGroup
         1789127346.787 20544 20544 D YTV2_DUMP: --> PARSED: kind=NON_PLAYBACK watchConfirmed=false title='null' handle='null' display='null' channelId='null'
         1789127351.883 20544 20544 D YTV2_DUMP: [0] parent=null id=null text='null' desc='null' bounds=(0,0,2460,1080) class=android.widget.FrameLayout
         1789127351.883 20544 20544 D YTV2_DUMP: [1] parent=0 id=null text='null' desc='null' bounds=(0,0,2460,1080) class=android.widget.LinearLayout
         1789127351.884 20544 20544 D YTV2_DUMP: [2] parent=1 id=null text='null' desc='null' bounds=(0,0,2460,1080) class=android.widget.FrameLayout
         1789127351.884 20544 20544 D YTV2_DUMP: [3] parent=2 id=com.google.android.youtube:id/action_bar_root text='null' desc='null' bounds=(0,0,2460,1080) class=android.widget.LinearLayout
         1789127351.884 20544 20544 D YTV2_DUMP: [4] parent=3 id=android:id/content text='null' desc='null' bounds=(0,0,2460,1080) class=android.widget.FrameLayout
         1789127351.884 20544 20544 D YTV2_DUMP: [5] parent=4 id=com.google.android.youtube:id/more_drawer_container text='null' desc='null' bounds=(0,0,2460,1080) class=androidx.drawerlayout.widget.DrawerLayout
         1789127351.884 20544 20544 D YTV2_DUMP: [6] parent=4 id=com.google.android.youtube:id/reel_time_bar text='null' desc='null' bounds=(0,0,2460,1080) class=android.view.ViewGroup
         1789127351.884 20544 20544 D YTV2_DUMP: [7] parent=5 id=com.google.android.youtube:id/slim_status_bar_player_container text='null' desc='null' bounds=(0,0,2460,1080) class=android.widget.FrameLayout
         1789127351.884 20544 20544 D YTV2_DUMP: [8] parent=7 id=com.google.android.youtube:id/navigation_bar_divider_frame text='null' desc='null' bounds=(0,0,2460,1080) class=android.view.ViewGroup
         1789127351.885 20544 20544 D YTV2_DUMP: [9] parent=7 id=null text='null' desc='null' bounds=(0,0,2460,104) class=android.widget.FrameLayout
         1789127351.885 20544 20544 D YTV2_DUMP: [10] parent=7 id=null text='null' desc='null' bounds=(0,0,3,3) class=android.view.View
         1789127351.885 20544 20544 D YTV2_DUMP: [11] parent=8 id=com.google.android.youtube:id/global_slim_status_bar_container text='null' desc='null' bounds=(0,0,2460,1080) class=android.widget.FrameLayout
         1789127351.885 20544 20544 D YTV2_DUMP: [12] parent=8 id=com.google.android.youtube:id/accessibility_layer_container text='null' desc='null' bounds=(0,0,2460,1080) class=android.widget.FrameLayout
         1789127351.885 20544 20544 D YTV2_DUMP: [13] parent=12 id=com.google.android.youtube:id/fullscreen_mode_container text='null' desc='null' bounds=(0,0,2460,0) class=android.widget.FrameLayout
         1789127351.885 20544 20544 D YTV2_DUMP: [14] parent=12 id=com.google.android.youtube:id/next_gen_watch_container_layout text='null' desc='null' bounds=(0,0,2460,1080) class=android.view.ViewGroup
         1789127351.885 20544 20544 D YTV2_DUMP: [15] parent=12 id=com.google.android.youtube:id/bottom_bar_container text='null' desc='null' bounds=(0,1080,2460,1080) class=android.widget.LinearLayout
         1789127351.885 20544 20544 D YTV2_DUMP: [16] parent=14 id=com.google.android.youtube:id/scrim_view text='null' desc='null' bounds=(0,0,2460,1080) class=android.view.View
         1789127351.885 20544 20544 D YTV2_DUMP: [17] parent=14 id=com.google.android.youtube:id/next_gen_watch_layout_no_player_fragment_container text='null' desc='null' bounds=(0,0,2460,1080) class=android.view.ViewGroup
         1789127351.885 20544 20544 D YTV2_DUMP: [18] parent=17 id=com.google.android.youtube:id/watch_player text='null' desc='Video player' bounds=(0,0,2460,1080) class=android.widget.FrameLayout
         1789127351.885 20544 20544 D YTV2_DUMP: [19] parent=17 id=com.google.android.youtube:id/watch_while_time_bar_view text='null' desc='null' bounds=(0,0,2460,1080) class=android.view.ViewGroup
         1789127351.885 20544 20544 D YTV2_DUMP: [20] parent=17 id=com.google.android.youtube:id/watch_player_background text='null' desc='null' bounds=(0,0,2460,1080) class=android.widget.FrameLayout
         1789127351.885 20544 20544 D YTV2_DUMP: [21] parent=17 id=com.google.android.youtube:id/floaty_bar_controls_view text='null' desc='Minimised player' bounds=(530,1879,1058,1080) class=android.widget.FrameLayout
         1789127351.885 20544 20544 D YTV2_DUMP: [22] parent=18 id=com.google.android.youtube:id/playerless_thumbnail text='null' desc='null' bounds=(0,0,2460,1080) class=android.widget.ImageView
         1789127351.886 20544 20544 D YTV2_DUMP: [23] parent=18 id=com.google.android.youtube:id/player_overlays text='null' desc='null' bounds=(0,0,2460,1080) class=android.view.ViewGroup
         1789127351.886 20544 20544 D YTV2_DUMP: [24] parent=18 id=com.google.android.youtube:id/player_fragment_container text='null' desc='null' bounds=(0,0,2460,1080) class=android.widget.FrameLayout
         1789127351.886 20544 20544 D YTV2_DUMP: [25] parent=18 id=null text='null' desc='null' bounds=(0,0,1,1) class=android.view.View
         1789127351.886 20544 20544 D YTV2_DUMP: [26] parent=20 id=com.google.android.youtube:id/cinematic_image_background text='null' desc='null' bounds=(0,0,2460,1080) class=android.widget.ImageView
         1789127351.886 20544 20544 D YTV2_DUMP: [27] parent=20 id=com.google.android.youtube:id/cinematic_scrim text='null' desc='null' bounds=(0,0,2460,1080) class=android.widget.ImageView
         1789127351.886 20544 20544 D YTV2_DUMP: [28] parent=23 id=null text='null' desc='null' bounds=(0,0,2460,1080) class=android.widget.FrameLayout
         1789127351.886 20544 20544 D YTV2_DUMP: [29] parent=23 id=null text='null' desc='null' bounds=(0,0,2460,1080) class=android.widget.FrameLayout
         1789127351.886 20544 20544 D YTV2_DUMP: [30] parent=23 id=null text='null' desc='null' bounds=(0,0,2460,1080) class=android.widget.FrameLayout
         1789127351.887 20544 20544 D YTV2_DUMP: [31] parent=23 id=null text='null' desc='null' bounds=(0,0,2460,1080) class=android.widget.FrameLayout
         1789127351.887 20544 20544 D YTV2_DUMP: [32] parent=23 id=null text='null' desc='null' bounds=(0,0,2460,1080) class=android.widget.FrameLayout
         1789127351.887 20544 20544 D YTV2_DUMP: [33] parent=23 id=null text='null' desc='null' bounds=(0,0,2460,1080) class=android.widget.FrameLayout
         1789127351.887 20544 20544 D YTV2_DUMP: [34] parent=23 id=null text='null' desc='null' bounds=(0,0,2460,1080) class=android.widget.FrameLayout
         1789127351.887 20544 20544 D YTV2_DUMP: [35] parent=23 id=null text='null' desc='null' bounds=(0,0,2460,1080) class=android.widget.FrameLayout
         1789127351.887 20544 20544 D YTV2_DUMP: [36] parent=23 id=null text='null' desc='null' bounds=(0,0,2460,1080) class=android.widget.FrameLayout
         1789127351.887 20544 20544 D YTV2_DUMP: [37] parent=23 id=com.google.android.youtube:id/player_overlays_custom_views_container text='null' desc='null' bounds=(130,0,2330,1080) class=android.widget.FrameLayout
         1789127351.887 20544 20544 D YTV2_DUMP: [38] parent=23 id=null text='null' desc='null' bounds=(130,0,2330,1080) class=android.widget.FrameLayout
         1789127351.888 20544 20544 D YTV2_DUMP: [39] parent=23 id=null text='null' desc='null' bounds=(130,0,2330,1080) class=android.widget.RelativeLayout
         1789127351.888 20544 20544 D YTV2_DUMP: [40] parent=24 id=com.google.android.youtube:id/player_view text='null' desc='null' bounds=(0,0,2460,1080) class=android.view.ViewGroup
         1789127351.888 20544 20544 D YTV2_DUMP: [41] parent=28 id=null text='null' desc='null' bounds=(0,0,2460,1080) class=android.widget.FrameLayout
         1789127351.888 20544 20544 D YTV2_DUMP: [42] parent=29 id=null text='null' desc='null' bounds=(0,0,2460,1080) class=android.widget.FrameLayout
         1789127351.888 20544 20544 D YTV2_DUMP: [43] parent=30 id=null text='null' desc='null' bounds=(0,0,2460,1080) class=android.widget.FrameLayout
         1789127351.888 20544 20544 D YTV2_DUMP: [44] parent=31 id=null text='null' desc='null' bounds=(0,0,2460,1080) class=android.widget.FrameLayout
         1789127351.888 20544 20544 D YTV2_DUMP: [45] parent=32 id=com.google.android.youtube:id/youtube_controls_overlay text='null' desc='null' bounds=(0,0,2460,1080) class=android.widget.FrameLayout
         1789127351.888 20544 20544 D YTV2_DUMP: [46] parent=35 id=null text='null' desc='null' bounds=(0,0,2460,1080) class=android.widget.FrameLayout
         1789127351.888 20544 20544 D YTV2_DUMP: [47] parent=36 id=com.google.android.youtube:id/fullscreen_engagement_panel_holder text='null' desc='null' bounds=(1450,0,2330,1080) class=android.view.ViewGroup
         1789127351.888 20544 20544 D YTV2_DUMP: [48] parent=40 id=null text='null' desc='null' bounds=(270,0,2190,1080) class=android.view.ViewGroup
         1789127351.889 20544 20544 D YTV2_DUMP: [49] parent=41 id=null text='null' desc='null' bounds=(0,0,2460,1080) class=android.view.ViewGroup
         1789127351.889 20544 20544 D YTV2_DUMP: [50] parent=42 id=null text='null' desc='null' bounds=(0,0,2460,1080) class=android.view.ViewGroup
         1789127351.889 20544 20544 D YTV2_DUMP: [51] parent=43 id=null text='null' desc='null' bounds=(0,0,2460,1080) class=android.view.ViewGroup
         1789127351.889 20544 20544 D YTV2_DUMP: [52] parent=44 id=null text='null' desc='null' bounds=(0,0,2460,1080) class=android.view.ViewGroup
         1789127351.889 20544 20544 D YTV2_DUMP: [53] parent=45 id=com.google.android.youtube:id/inset_controls_overlay_wrapper text='null' desc='null' bounds=(0,0,2460,1080) class=android.widget.FrameLayout
         1789127351.889 20544 20544 D YTV2_DUMP: [54] parent=46 id=null text='null' desc='null' bounds=(0,0,2460,1080) class=android.view.ViewGroup
         1789127351.889 20544 20544 D YTV2_DUMP: [55] parent=48 id=null text='null' desc='null' bounds=(270,0,2190,1080) class=android.view.ViewGroup
         1789127351.889 20544 20544 D YTV2_DUMP: [56] parent=53 id=com.google.android.youtube:id/inset_overlay_view_layout text='null' desc='null' bounds=(0,0,2460,1080) class=android.widget.FrameLayout
         1789127351.890 20544 20544 D YTV2_DUMP: [57] parent=54 id=null text='null' desc='null' bounds=(803,809,1655,953) class=android.view.ViewGroup
         1789127351.890 20544 20544 D YTV2_DUMP: [58] parent=55 id=null text='null' desc='null' bounds=(270,0,2190,1080) class=android.view.View
         1789127351.890 20544 20544 D YTV2_DUMP: [59] parent=55 id=null text='null' desc='null' bounds=(270,0,2190,1080) class=android.view.View
         1789127351.890 20544 20544 D YTV2_DUMP: [60] parent=56 id=com.google.android.youtube:id/watch_while_time_bar_view_overlay text='null' desc='null' bounds=(0,0,2460,1080) class=android.view.ViewGroup
         1789127351.890 20544 20544 D YTV2_DUMP: [61] parent=57 id=com.google.android.youtube:id/subtitle_window_identifier text='क्वेश्चन उनको ये लग रहा है यह भी कर लूं,' desc='क्वेश्चन उनको ये लग रहा है यह भी कर लूं,' bounds=(811,881,1647,945) class=android.view.View
         1789127351.890 20544 20544 D YTV2_DUMP: [62] parent=57 id=com.google.android.youtube:id/subtitle_window_identifier text='मैथ्स के अंदर भी बहुत सारे इररेिलेवेंट' desc='मैथ्स के अंदर भी बहुत सारे इररेिलेवेंट' bounds=(862,817,1400,944) class=android.view.View
         1789127351.890 20544 20544 D YTV2_DUMP: [63] parent=60 id=null text='null' desc='2 minutes 53 seconds of 48 minutes 40 seconds' bounds=(163,974,2297,1073) class=android.widget.SeekBar
         1789127351.916 20544 20544 D YTV2_DUMP: --> PARSED: kind=VIDEO watchConfirmed=true title='null' handle='null' display='null' channelId='null'
         1789127352.094 20544 20544 D YTV2_DUMP: [0] parent=null id=null text='null' desc='null' bounds=(0,0,2460,1080) class=android.widget.FrameLayout
         1789127352.095 20544 20544 D YTV2_DUMP: [1] parent=0 id=null text='null' desc='null' bounds=(0,0,2460,1080) class=android.widget.LinearLayout
         1789127352.095 20544 20544 D YTV2_DUMP: [2] parent=1 id=null text='null' desc='null' bounds=(0,0,2460,1080) class=android.widget.FrameLayout
         1789127352.096 20544 20544 D YTV2_DUMP: [3] parent=2 id=com.google.android.youtube:id/action_bar_root text='null' desc='null' bounds=(0,0,2460,1080) class=android.widget.LinearLayout
         1789127352.096 20544 20544 D YTV2_DUMP: [4] parent=3 id=android:id/content text='null' desc='null' bounds=(0,0,2460,1080) class=android.widget.FrameLayout
         1789127352.096 20544 20544 D YTV2_DUMP: [5] parent=4 id=com.google.android.youtube:id/more_drawer_container text='null' desc='null' bounds=(0,0,2460,1080) class=androidx.drawerlayout.widget.DrawerLayout
         1789127352.096 20544 20544 D YTV2_DUMP: [6] parent=4 id=com.google.android.youtube:id/reel_time_bar text='null' desc='null' bounds=(0,0,2460,1080) class=android.view.ViewGroup
         1789127352.096 20544 20544 D YTV2_DUMP: [7] parent=5 id=com.google.android.youtube:id/slim_status_bar_player_container text='null' desc='null' bounds=(0,0,2460,1080) class=android.widget.FrameLayout
         1789127352.096 20544 20544 D YTV2_DUMP: [8] parent=7 id=com.google.android.youtube:id/navigation_bar_divider_frame text='null' desc='null' bounds=(0,0,2460,1080) class=android.view.ViewGroup
         1789127352.096 20544 20544 D YTV2_DUMP: [9] parent=7 id=null text='null' desc='null' bounds=(0,0,2460,104) class=android.widget.FrameLayout
         1789127352.096 20544 20544 D YTV2_DUMP: [10] parent=7 id=null text='null' desc='null' bounds=(0,0,3,3) class=android.view.View
         1789127352.097 20544 20544 D YTV2_DUMP: [11] parent=8 id=com.google.android.youtube:id/global_slim_status_bar_container text='null' desc='null' bounds=(0,0,2460,1080) class=android.widget.FrameLayout
         1789127352.097 20544 20544 D YTV2_DUMP: [12] parent=8 id=com.google.android.youtube:id/accessibility_layer_container text='null' desc='null' bounds=(0,0,2460,1080) class=android.widget.FrameLayout
         1789127352.097 20544 20544 D YTV2_DUMP: [13] parent=12 id=com.google.android.youtube:id/fullscreen_mode_container text='null' desc='null' bounds=(0,0,2460,0) class=android.widget.FrameLayout
         1789127352.097 20544 20544 D YTV2_DUMP: [14] parent=12 id=com.google.android.youtube:id/next_gen_watch_container_layout text='null' desc='null' bounds=(0,0,2460,1080) class=android.view.ViewGroup
         1789127352.097 20544 20544 D YTV2_DUMP: [15] parent=12 id=com.google.android.youtube:id/bottom_bar_container text='null' desc='null' bounds=(0,1080,2460,1080) class=android.widget.LinearLayout
         1789127352.097 20544 20544 D YTV2_DUMP: [16] parent=14 id=com.google.android.youtube:id/scrim_view text='null' desc='null' bounds=(0,0,2460,1080) class=android.view.View
         1789127352.097 20544 20544 D YTV2_DUMP: [17] parent=14 id=com.google.android.youtube:id/next_gen_watch_layout_no_player_fragment_container text='null' desc='null' bounds=(0,0,2460,1080) class=android.view.ViewGroup
         1789127352.097 20544 20544 D YTV2_DUMP: [18] parent=17 id=com.google.android.youtube:id/watch_player text='null' desc='Video player' bounds=(0,0,2460,1080) class=android.widget.FrameLayout
         1789127352.098 20544 20544 D YTV2_DUMP: [19] parent=17 id=com.google.android.youtube:id/watch_while_time_bar_view text='null' desc='null' bounds=(0,0,2460,1080) class=android.view.ViewGroup
         1789127352.098 20544 20544 D YTV2_DUMP: [20] parent=17 id=com.google.android.youtube:id/watch_player_background text='null' desc='null' bounds=(0,0,2460,1080) class=android.widget.FrameLayout
         1789127352.098 20544 20544 D YTV2_DUMP: [21] parent=17 id=com.google.android.youtube:id/floaty_bar_controls_view text='null' desc='Minimised player' bounds=(530,1879,1058,1080) class=android.widget.FrameLayout
         1789127352.098 20544 20544 D YTV2_DUMP: [22] parent=18 id=com.google.android.youtube:id/playerless_thumbnail text='null' desc='null' bounds=(0,0,2460,1080) class=android.widget.ImageView
         1789127352.098 20544 20544 D YTV2_DUMP: [23] parent=18 id=com.google.android.youtube:id/player_overlays text='null' desc='null' bounds=(0,0,2460,1080) class=android.view.ViewGroup
         1789127352.098 20544 20544 D YTV2_DUMP: [24] parent=18 id=com.google.android.youtube:id/player_fragment_container text='null' desc='null' bounds=(0,0,2460,1080) class=android.widget.FrameLayout
         1789127352.099 20544 20544 D YTV2_DUMP: [25] parent=18 id=null text='null' desc='null' bounds=(0,0,1,1) class=android.view.View
         1789127352.099 20544 20544 D YTV2_DUMP: [26] parent=20 id=com.google.android.youtube:id/cinematic_image_background text='null' desc='null' bounds=(0,0,2460,1080) class=android.widget.ImageView
         1789127352.099 20544 20544 D YTV2_DUMP: [27] parent=20 id=com.google.android.youtube:id/cinematic_scrim text='null' desc='null' bounds=(0,0,2460,1080) class=android.widget.ImageView
         1789127352.099 20544 20544 D YTV2_DUMP: [28] parent=23 id=null text='null' desc='null' bounds=(0,0,2460,1080) class=android.widget.FrameLayout
         1789127352.099 20544 20544 D YTV2_DUMP: [29] parent=23 id=null text='null' desc='null' bounds=(0,0,2460,1080) class=android.widget.FrameLayout
         1789127352.099 20544 20544 D YTV2_DUMP: [30] parent=23 id=null text='null' desc='null' bounds=(0,0,2460,1080) class=android.widget.FrameLayout
         1789127352.099 20544 20544 D YTV2_DUMP: [31] parent=23 id=null text='null' desc='null' bounds=(0,0,2460,1080) class=android.widget.FrameLayout
         1789127352.099 20544 20544 D YTV2_DUMP: [32] parent=23 id=null text='null' desc='null' bounds=(0,0,2460,1080) class=android.widget.FrameLayout
         1789127352.099 20544 20544 D YTV2_DUMP: [33] parent=23 id=null text='null' desc='null' bounds=(0,0,2460,1080) class=android.widget.FrameLayout
         1789127352.100 20544 20544 D YTV2_DUMP: [34] parent=23 id=null text='null' desc='null' bounds=(0,0,2460,1080) class=android.widget.FrameLayout
         1789127352.100 20544 20544 D YTV2_DUMP: [35] parent=23 id=null text='null' desc='null' bounds=(0,0,2460,1080) class=android.widget.FrameLayout
         1789127352.100 20544 20544 D YTV2_DUMP: [36] parent=23 id=null text='null' desc='null' bounds=(0,0,2460,1080) class=android.widget.FrameLayout
         1789127352.100 20544 20544 D YTV2_DUMP: [37] parent=23 id=com.google.android.youtube:id/player_overlays_custom_views_container text='null' desc='null' bounds=(130,0,2330,1080) class=android.widget.FrameLayout
         1789127352.100 20544 20544 D YTV2_DUMP: [38] parent=23 id=null text='null' desc='null' bounds=(130,0,2330,1080) class=android.widget.FrameLayout
         1789127352.100 20544 20544 D YTV2_DUMP: [39] parent=23 id=null text='null' desc='null' bounds=(130,0,2330,1080) class=android.widget.RelativeLayout
         1789127352.100 20544 20544 D YTV2_DUMP: [40] parent=24 id=com.google.android.youtube:id/player_view text='null' desc='null' bounds=(0,0,2460,1080) class=android.view.ViewGroup
         1789127352.100 20544 20544 D YTV2_DUMP: [41] parent=28 id=null text='null' desc='null' bounds=(0,0,2460,1080) class=android.widget.FrameLayout
         1789127352.100 20544 20544 D YTV2_DUMP: [42] parent=29 id=null text='null' desc='null' bounds=(0,0,2460,1080) class=android.widget.FrameLayout
         1789127352.100 20544 20544 D YTV2_DUMP: [43] parent=30 id=null text='null' desc='null' bounds=(0,0,2460,1080) class=android.widget.FrameLayout
         1789127352.101 20544 20544 D YTV2_DUMP: [44] parent=31 id=null text='null' desc='null' bounds=(0,0,2460,1080) class=android.widget.FrameLayout
         1789127352.101 20544 20544 D YTV2_DUMP: [45] parent=32 id=com.google.android.youtube:id/youtube_controls_overlay text='null' desc='null' bounds=(0,0,2460,1080) class=android.widget.FrameLayout
         1789127352.101 20544 20544 D YTV2_DUMP: [46] parent=35 id=null text='null' desc='null' bounds=(0,0,2460,1080) class=android.widget.FrameLayout
         1789127352.101 20544 20544 D YTV2_DUMP: [47] parent=36 id=com.google.android.youtube:id/fullscreen_engagement_panel_holder text='null' desc='null' bounds=(1450,0,2330,1080) class=android.view.ViewGroup
         1789127352.101 20544 20544 D YTV2_DUMP: [48] parent=40 id=null text='null' desc='null' bounds=(270,0,2190,1080) class=android.view.ViewGroup
         1789127352.101 20544 20544 D YTV2_DUMP: [49] parent=41 id=null text='null' desc='null' bounds=(0,0,2460,1080) class=android.view.ViewGroup
         1789127352.101 20544 20544 D YTV2_DUMP: [50] parent=42 id=null text='null' desc='null' bounds=(0,0,2460,1080) class=android.view.ViewGroup
         1789127352.101 20544 20544 D YTV2_DUMP: [51] parent=43 id=null text='null' desc='null' bounds=(0,0,2460,1080) class=android.view.ViewGroup
         1789127352.101 20544 20544 D YTV2_DUMP: [52] parent=44 id=null text='null' desc='null' bounds=(0,0,2460,1080) class=android.view.ViewGroup
         1789127352.101 20544 20544 D YTV2_DUMP: [53] parent=45 id=com.google.android.youtube:id/inset_controls_overlay_wrapper text='null' desc='null' bounds=(0,0,2460,1080) class=android.widget.FrameLayout
         1789127352.102 20544 20544 D YTV2_DUMP: [54] parent=46 id=null text='null' desc='null' bounds=(0,0,2460,1080) class=android.view.ViewGroup
         1789127352.102 20544 20544 D YTV2_DUMP: [55] parent=48 id=null text='null' desc='null' bounds=(270,0,2190,1080) class=android.view.ViewGroup
         1789127352.102 20544 20544 D YTV2_DUMP: [56] parent=53 id=com.google.android.youtube:id/inset_overlay_view_layout text='null' desc='null' bounds=(0,0,2460,1080) class=android.widget.FrameLayout
         1789127352.102 20544 20544 D YTV2_DUMP: [57] parent=54 id=null text='null' desc='null' bounds=(803,809,1655,953) class=android.view.ViewGroup
         1789127352.102 20544 20544 D YTV2_DUMP: [58] parent=55 id=null text='null' desc='null' bounds=(270,0,2190,1080) class=android.view.View
         1789127352.102 20544 20544 D YTV2_DUMP: [59] parent=55 id=null text='null' desc='null' bounds=(270,0,2190,1080) class=android.view.View
         1789127352.102 20544 20544 D YTV2_DUMP: [60] parent=56 id=com.google.android.youtube:id/watch_while_time_bar_view_overlay text='null' desc='null' bounds=(0,0,2460,1080) class=android.view.ViewGroup
         1789127352.102 20544 20544 D YTV2_DUMP: [61] parent=57 id=com.google.android.youtube:id/subtitle_window_identifier text='क्वेश्चन उनको ये लग रहा है यह भी कर लूं,' desc='क्वेश्चन उनको ये लग रहा है यह भी कर लूं,' bounds=(811,881,1647,945) class=android.view.View
         1789127352.102 20544 20544 D YTV2_DUMP: [62] parent=57 id=com.google.android.youtube:id/subtitle_window_identifier text='मैथ्स के अंदर भी बहुत सारे इररेिलेवेंट' desc='मैथ्स के अंदर भी बहुत सारे इररेिलेवेंट' bounds=(862,817,1400,944) class=android.view.View
         1789127352.103 20544 20544 D YTV2_DUMP: [63] parent=60 id=null text='null' desc='2 minutes 54 seconds of 48 minutes 40 seconds' bounds=(163,974,2297,1073) class=android.widget.SeekBar
         1789127352.121 20544 20544 D YTV2_DUMP: --> PARSED: kind=VIDEO watchConfirmed=true title='null' handle='null' display='null' channelId='null'
         1789127354.218 20544 20544 D YTV2_DUMP: [0] parent=null id=null text='null' desc='null' bounds=(0,0,2460,1080) class=android.widget.FrameLayout
         1789127354.218 20544 20544 D YTV2_DUMP: [1] parent=0 id=null text='null' desc='null' bounds=(0,0,2460,1080) class=android.widget.LinearLayout
         1789127354.218 20544 20544 D YTV2_DUMP: [2] parent=1 id=null text='null' desc='null' bounds=(0,0,2460,1080) class=android.widget.FrameLayout
         1789127354.218 20544 20544 D YTV2_DUMP: [3] parent=2 id=com.google.android.youtube:id/action_bar_root text='null' desc='null' bounds=(0,0,2460,1080) class=android.widget.LinearLayout
         1789127354.218 20544 20544 D YTV2_DUMP: [4] parent=3 id=android:id/content text='null' desc='null' bounds=(0,0,2460,1080) class=android.widget.FrameLayout
         1789127354.218 20544 20544 D YTV2_DUMP: [5] parent=4 id=com.google.android.youtube:id/more_drawer_container text='null' desc='null' bounds=(0,0,2460,1080) class=androidx.drawerlayout.widget.DrawerLayout
         1789127354.218 20544 20544 D YTV2_DUMP: [6] parent=4 id=com.google.android.youtube:id/reel_time_bar text='null' desc='null' bounds=(0,0,2460,1080) class=android.view.ViewGroup
         1789127354.218 20544 20544 D YTV2_DUMP: [7] parent=5 id=com.google.android.youtube:id/slim_status_bar_player_container text='null' desc='null' bounds=(0,0,2460,1080) class=android.widget.FrameLayout
         1789127354.218 20544 20544 D YTV2_DUMP: [8] parent=7 id=com.google.android.youtube:id/navigation_bar_divider_frame text='null' desc='null' bounds=(0,0,2460,1080) class=android.view.ViewGroup
         1789127354.219 20544 20544 D YTV2_DUMP: [9] parent=7 id=null text='null' desc='null' bounds=(0,0,2460,104) class=android.widget.FrameLayout
         1789127354.219 20544 20544 D YTV2_DUMP: [10] parent=7 id=null text='null' desc='null' bounds=(0,0,3,3) class=android.view.View
         1789127354.219 20544 20544 D YTV2_DUMP: [11] parent=8 id=com.google.android.youtube:id/global_slim_status_bar_container text='null' desc='null' bounds=(0,0,2460,1080) class=android.widget.FrameLayout
         1789127354.219 20544 20544 D YTV2_DUMP: [12] parent=8 id=com.google.android.youtube:id/accessibility_layer_container text='null' desc='null' bounds=(0,0,2460,1080) class=android.widget.FrameLayout
         1789127354.219 20544 20544 D YTV2_DUMP: [13] parent=12 id=com.google.android.youtube:id/fullscreen_mode_container text='null' desc='null' bounds=(0,0,2460,0) class=android.widget.FrameLayout
         1789127354.219 20544 20544 D YTV2_DUMP: [14] parent=12 id=com.google.android.youtube:id/next_gen_watch_container_layout text='null' desc='null' bounds=(0,0,2460,1080) class=android.view.ViewGroup
         1789127354.219 20544 20544 D YTV2_DUMP: [15] parent=12 id=com.google.android.youtube:id/bottom_bar_container text='null' desc='null' bounds=(0,1080,2460,1080) class=android.widget.LinearLayout
         1789127354.219 20544 20544 D YTV2_DUMP: [16] parent=14 id=com.google.android.youtube:id/scrim_view text='null' desc='null' bounds=(0,0,2460,1080) class=android.view.View
         1789127354.219 20544 20544 D YTV2_DUMP: [17] parent=14 id=com.google.android.youtube:id/next_gen_watch_layout_no_player_fragment_container text='null' desc='null' bounds=(0,0,2460,1080) class=android.view.ViewGroup
         1789127354.219 20544 20544 D YTV2_DUMP: [18] parent=17 id=com.google.android.youtube:id/watch_player text='null' desc='Video player' bounds=(0,0,2460,1080) class=android.widget.FrameLayout
         1789127354.220 20544 20544 D YTV2_DUMP: [19] parent=17 id=com.google.android.youtube:id/watch_while_time_bar_view text='null' desc='null' bounds=(0,0,2460,1080) class=android.view.ViewGroup
         1789127354.220 20544 20544 D YTV2_DUMP: [20] parent=17 id=com.google.android.youtube:id/watch_player_background text='null' desc='null' bounds=(0,0,2460,1080) class=android.widget.FrameLayout
         1789127354.220 20544 20544 D YTV2_DUMP: [21] parent=17 id=com.google.android.youtube:id/floaty_bar_controls_view text='null' desc='Minimised player' bounds=(530,1879,1058,1080) class=android.widget.FrameLayout
         1789127354.220 20544 20544 D YTV2_DUMP: [22] parent=18 id=com.google.android.youtube:id/playerless_thumbnail text='null' desc='null' bounds=(0,0,2460,1080) class=android.widget.ImageView
         1789127354.220 20544 20544 D YTV2_DUMP: [23] parent=18 id=com.google.android.youtube:id/player_overlays text='null' desc='null' bounds=(0,0,2460,1080) class=android.view.ViewGroup
         1789127354.220 20544 20544 D YTV2_DUMP: [24] parent=18 id=com.google.android.youtube:id/player_fragment_container text='null' desc='null' bounds=(0,0,2460,1080) class=android.widget.FrameLayout
         1789127354.220 20544 20544 D YTV2_DUMP: [25] parent=18 id=null text='null' desc='null' bounds=(0,0,1,1) class=android.view.View
         1789127354.220 20544 20544 D YTV2_DUMP: [26] parent=20 id=com.google.android.youtube:id/cinematic_image_background text='null' desc='null' bounds=(0,0,2460,1080) class=android.widget.ImageView
         1789127354.220 20544 20544 D YTV2_DUMP: [27] parent=20 id=com.google.android.youtube:id/cinematic_scrim text='null' desc='null' bounds=(0,0,2460,1080) class=android.widget.ImageView
         1789127354.220 20544 20544 D YTV2_DUMP: [28] parent=23 id=null text='null' desc='null' bounds=(0,0,2460,1080) class=android.widget.FrameLayout
         1789127354.220 20544 20544 D YTV2_DUMP: [29] parent=23 id=null text='null' desc='null' bounds=(0,0,2460,1080) class=android.widget.FrameLayout
         1789127354.220 20544 20544 D YTV2_DUMP: [30] parent=23 id=null text='null' desc='null' bounds=(0,0,2460,1080) class=android.widget.FrameLayout
         1789127354.220 20544 20544 D YTV2_DUMP: [31] parent=23 id=null text='null' desc='null' bounds=(0,0,2460,1080) class=android.widget.FrameLayout
         1789127354.221 20544 20544 D YTV2_DUMP: [32] parent=23 id=null text='null' desc='null' bounds=(0,0,2460,1080) class=android.widget.FrameLayout
         1789127354.221 20544 20544 D YTV2_DUMP: [33] parent=23 id=null text='null' desc='null' bounds=(0,0,2460,1080) class=android.widget.FrameLayout
         1789127354.221 20544 20544 D YTV2_DUMP: [34] parent=23 id=null text='null' desc='null' bounds=(0,0,2460,1080) class=android.widget.FrameLayout
         1789127354.221 20544 20544 D YTV2_DUMP: [35] parent=23 id=null text='null' desc='null' bounds=(0,0,2460,1080) class=android.widget.FrameLayout
         1789127354.221 20544 20544 D YTV2_DUMP: [36] parent=23 id=null text='null' desc='null' bounds=(0,0,2460,1080) class=android.widget.FrameLayout
         1789127354.221 20544 20544 D YTV2_DUMP: [37] parent=23 id=com.google.android.youtube:id/player_overlays_custom_views_container text='null' desc='null' bounds=(130,0,2330,1080) class=android.widget.FrameLayout
         1789127354.221 20544 20544 D YTV2_DUMP: [38] parent=23 id=null text='null' desc='null' bounds=(130,0,2330,1080) class=android.widget.FrameLayout
         1789127354.221 20544 20544 D YTV2_DUMP: [39] parent=23 id=null text='null' desc='null' bounds=(130,0,2330,1080) class=android.widget.RelativeLayout
         1789127354.221 20544 20544 D YTV2_DUMP: [40] parent=24 id=com.google.android.youtube:id/player_view text='null' desc='null' bounds=(0,0,2460,1080) class=android.view.ViewGroup
         1789127354.221 20544 20544 D YTV2_DUMP: [41] parent=28 id=null text='null' desc='null' bounds=(0,0,2460,1080) class=android.widget.FrameLayout
         1789127354.221 20544 20544 D YTV2_DUMP: [42] parent=29 id=null text='null' desc='null' bounds=(0,0,2460,1080) class=android.widget.FrameLayout
         1789127354.221 20544 20544 D YTV2_DUMP: [43] parent=30 id=null text='null' desc='null' bounds=(0,0,2460,1080) class=android.widget.FrameLayout
         1789127354.221 20544 20544 D YTV2_DUMP: [44] parent=31 id=null text='null' desc='null' bounds=(0,0,2460,1080) class=android.widget.FrameLayout
         1789127354.221 20544 20544 D YTV2_DUMP: [45] parent=32 id=com.google.android.youtube:id/youtube_controls_overlay text='null' desc='null' bounds=(0,0,2460,1080) class=android.widget.FrameLayout
         1789127354.221 20544 20544 D YTV2_DUMP: [46] parent=35 id=null text='null' desc='null' bounds=(0,0,2460,1080) class=android.widget.FrameLayout
         1789127354.222 20544 20544 D YTV2_DUMP: [47] parent=36 id=com.google.android.youtube:id/fullscreen_engagement_panel_holder text='null' desc='null' bounds=(1450,0,2330,1080) class=android.view.ViewGroup
         1789127354.222 20544 20544 D YTV2_DUMP: [48] parent=40 id=null text='null' desc='null' bounds=(270,0,2190,1080) class=android.view.ViewGroup
         1789127354.222 20544 20544 D YTV2_DUMP: [49] parent=41 id=null text='null' desc='null' bounds=(0,0,2460,1080) class=android.view.ViewGroup
         1789127354.222 20544 20544 D YTV2_DUMP: [50] parent=42 id=null text='null' desc='null' bounds=(0,0,2460,1080) class=android.view.ViewGroup
         1789127354.222 20544 20544 D YTV2_DUMP: [51] parent=43 id=null text='null' desc='null' bounds=(0,0,2460,1080) class=android.view.ViewGroup
         1789127354.223 20544 20544 D YTV2_DUMP: [52] parent=44 id=null text='null' desc='null' bounds=(0,0,2460,1080) class=android.view.ViewGroup
         1789127354.223 20544 20544 D YTV2_DUMP: [53] parent=45 id=com.google.android.youtube:id/inset_controls_overlay_wrapper text='null' desc='null' bounds=(0,0,2460,1080) class=android.widget.FrameLayout
         1789127354.223 20544 20544 D YTV2_DUMP: [54] parent=46 id=null text='null' desc='null' bounds=(0,0,2460,1080) class=android.view.ViewGroup
         1789127354.223 20544 20544 D YTV2_DUMP: [55] parent=48 id=null text='null' desc='null' bounds=(270,0,2190,1080) class=android.view.ViewGroup
         1789127354.223 20544 20544 D YTV2_DUMP: [56] parent=53 id=com.google.android.youtube:id/inset_overlay_view_layout text='null' desc='null' bounds=(0,0,2460,1080) class=android.widget.FrameLayout
         1789127354.223 20544 20544 D YTV2_DUMP: [57] parent=54 id=null text='null' desc='null' bounds=(803,809,1655,953) class=android.view.ViewGroup
         1789127354.223 20544 20544 D YTV2_DUMP: [58] parent=55 id=null text='null' desc='null' bounds=(270,0,2190,1080) class=android.view.View
         1789127354.223 20544 20544 D YTV2_DUMP: [59] parent=55 id=null text='null' desc='null' bounds=(270,0,2190,1080) class=android.view.View
         1789127354.223 20544 20544 D YTV2_DUMP: [60] parent=56 id=com.google.android.youtube:id/watch_while_time_bar_view_overlay text='null' desc='null' bounds=(0,0,2460,1080) class=android.view.ViewGroup
         1789127354.224 20544 20544 D YTV2_DUMP: [61] parent=57 id=com.google.android.youtube:id/subtitle_window_identifier text='क्वेश्चन उनको ये लग रहा है यह भी कर लूं,' desc='क्वेश्चन उनको ये लग रहा है यह भी कर लूं,' bounds=(811,881,1647,945) class=android.view.View
         1789127354.224 20544 20544 D YTV2_DUMP: [62] parent=57 id=com.google.android.youtube:id/subtitle_window_identifier text='मैथ्स के अंदर भी बहुत सारे इररेिलेवेंट' desc='मैथ्स के अंदर भी बहुत सारे इररेिलेवेंट' bounds=(862,817,1400,944) class=android.view.View
         1789127354.224 20544 20544 D YTV2_DUMP: [63] parent=60 id=null text='null' desc='2 minutes 56 seconds of 48 minutes 40 seconds' bounds=(163,974,2297,1073) class=android.widget.SeekBar
         1789127354.255 20544 20544 D YTV2_DUMP: --> PARSED: kind=VIDEO watchConfirmed=true title='null' handle='null' display='null' channelId='null'
         1789127354.407 20544 20544 D YTV2_DUMP: [0] parent=null id=null text='null' desc='null' bounds=(0,0,2460,1080) class=android.widget.FrameLayout
         1789127354.407 20544 20544 D YTV2_DUMP: [1] parent=0 id=null text='null' desc='null' bounds=(0,0,2460,1080) class=android.widget.LinearLayout
         1789127354.407 20544 20544 D YTV2_DUMP: [2] parent=1 id=null text='null' desc='null' bounds=(0,0,2460,1080) class=android.widget.FrameLayout
         1789127354.407 20544 20544 D YTV2_DUMP: [3] parent=2 id=com.google.android.youtube:id/action_bar_root text='null' desc='null' bounds=(0,0,2460,1080) class=android.widget.LinearLayout
         1789127354.407 20544 20544 D YTV2_DUMP: [4] parent=3 id=android:id/content text='null' desc='null' bounds=(0,0,2460,1080) class=android.widget.FrameLayout
         1789127354.407 20544 20544 D YTV2_DUMP: [5] parent=4 id=com.google.android.youtube:id/more_drawer_container text='null' desc='null' bounds=(0,0,2460,1080) class=androidx.drawerlayout.widget.DrawerLayout
         1789127354.407 20544 20544 D YTV2_DUMP: [6] parent=4 id=com.google.android.youtube:id/reel_time_bar text='null' desc='null' bounds=(0,0,2460,1080) class=android.view.ViewGroup
         1789127354.407 20544 20544 D YTV2_DUMP: [7] parent=5 id=com.google.android.youtube:id/slim_status_bar_player_container text='null' desc='null' bounds=(0,0,2460,1080) class=android.widget.FrameLayout
         1789127354.407 20544 20544 D YTV2_DUMP: [8] parent=7 id=com.google.android.youtube:id/navigation_bar_divider_frame text='null' desc='null' bounds=(0,0,2460,1080) class=android.view.ViewGroup
         1789127354.407 20544 20544 D YTV2_DUMP: [9] parent=7 id=null text='null' desc='null' bounds=(0,0,2460,104) class=android.widget.FrameLayout
         1789127354.407 20544 20544 D YTV2_DUMP: [10] parent=7 id=null text='null' desc='null' bounds=(0,0,3,3) class=android.view.View
         1789127354.408 20544 20544 D YTV2_DUMP: [11] parent=8 id=com.google.android.youtube:id/global_slim_status_bar_container text='null' desc='null' bounds=(0,0,2460,1080) class=android.widget.FrameLayout
         1789127354.408 20544 20544 D YTV2_DUMP: [12] parent=8 id=com.google.android.youtube:id/accessibility_layer_container text='null' desc='null' bounds=(0,0,2460,1080) class=android.widget.FrameLayout
         1789127354.408 20544 20544 D YTV2_DUMP: [13] parent=12 id=com.google.android.youtube:id/fullscreen_mode_container text='null' desc='null' bounds=(0,0,2460,0) class=android.widget.FrameLayout
         1789127354.408 20544 20544 D YTV2_DUMP: [14] parent=12 id=com.google.android.youtube:id/next_gen_watch_container_layout text='null' desc='null' bounds=(0,0,2460,1080) class=android.view.ViewGroup
         1789127354.408 20544 20544 D YTV2_DUMP: [15] parent=12 id=com.google.android.youtube:id/bottom_bar_container text='null' desc='null' bounds=(0,1080,2460,1080) class=android.widget.LinearLayout
         1789127354.408 20544 20544 D YTV2_DUMP: [16] parent=14 id=com.google.android.youtube:id/scrim_view text='null' desc='null' bounds=(0,0,2460,1080) class=android.view.View
         1789127354.408 20544 20544 D YTV2_DUMP: [17] parent=14 id=com.google.android.youtube:id/next_gen_watch_layout_no_player_fragment_container text='null' desc='null' bounds=(0,0,2460,1080) class=android.view.ViewGroup
         1789127354.408 20544 20544 D YTV2_DUMP: [18] parent=17 id=com.google.android.youtube:id/watch_player text='null' desc='Video player' bounds=(0,0,2460,1080) class=android.widget.FrameLayout
         1789127354.408 20544 20544 D YTV2_DUMP: [19] parent=17 id=com.google.android.youtube:id/watch_while_time_bar_view text='null' desc='null' bounds=(0,0,2460,1080) class=android.view.ViewGroup
         1789127354.408 20544 20544 D YTV2_DUMP: [20] parent=17 id=com.google.android.youtube:id/watch_player_background text='null' desc='null' bounds=(0,0,2460,1080) class=android.widget.FrameLayout
         1789127354.408 20544 20544 D YTV2_DUMP: [21] parent=17 id=com.google.android.youtube:id/floaty_bar_controls_view text='null' desc='Minimised player' bounds=(530,1879,1058,1080) class=android.widget.FrameLayout
         1789127354.408 20544 20544 D YTV2_DUMP: [22] parent=18 id=com.google.android.youtube:id/playerless_thumbnail text='null' desc='null' bounds=(0,0,2460,1080) class=android.widget.ImageView
         1789127354.408 20544 20544 D YTV2_DUMP: [23] parent=18 id=com.google.android.youtube:id/player_overlays text='null' desc='null' bounds=(0,0,2460,1080) class=android.view.ViewGroup
         1789127354.408 20544 20544 D YTV2_DUMP: [24] parent=18 id=com.google.android.youtube:id/player_fragment_container text='null' desc='null' bounds=(0,0,2460,1080) class=android.widget.FrameLayout
         1789127354.408 20544 20544 D YTV2_DUMP: [25] parent=18 id=null text='null' desc='null' bounds=(0,0,1,1) class=android.view.View
         1789127354.409 20544 20544 D YTV2_DUMP: [26] parent=20 id=com.google.android.youtube:id/cinematic_image_background text='null' desc='null' bounds=(0,0,2460,1080) class=android.widget.ImageView
         1789127354.409 20544 20544 D YTV2_DUMP: [27] parent=20 id=com.google.android.youtube:id/cinematic_scrim text='null' desc='null' bounds=(0,0,2460,1080) class=android.widget.ImageView
         1789127354.409 20544 20544 D YTV2_DUMP: [28] parent=23 id=null text='null' desc='null' bounds=(0,0,2460,1080) class=android.widget.FrameLayout
         1789127354.409 20544 20544 D YTV2_DUMP: [29] parent=23 id=null text='null' desc='null' bounds=(0,0,2460,1080) class=android.widget.FrameLayout
         1789127354.409 20544 20544 D YTV2_DUMP: [30] parent=23 id=null text='null' desc='null' bounds=(0,0,2460,1080) class=android.widget.FrameLayout
         1789127354.409 20544 20544 D YTV2_DUMP: [31] parent=23 id=null text='null' desc='null' bounds=(0,0,2460,1080) class=android.widget.FrameLayout
         1789127354.409 20544 20544 D YTV2_DUMP: [32] parent=23 id=null text='null' desc='null' bounds=(0,0,2460,1080) class=android.widget.FrameLayout
         1789127354.409 20544 20544 D YTV2_DUMP: [33] parent=23 id=null text='null' desc='null' bounds=(0,0,2460,1080) class=android.widget.FrameLayout
         1789127354.409 20544 20544 D YTV2_DUMP: [34] parent=23 id=null text='null' desc='null' bounds=(0,0,2460,1080) class=android.widget.FrameLayout
         1789127354.409 20544 20544 D YTV2_DUMP: [35] parent=23 id=null text='null' desc='null' bounds=(0,0,2460,1080) class=android.widget.FrameLayout
         1789127354.409 20544 20544 D YTV2_DUMP: [36] parent=23 id=null text='null' desc='null' bounds=(0,0,2460,1080) class=android.widget.FrameLayout
         1789127354.409 20544 20544 D YTV2_DUMP: [37] parent=23 id=com.google.android.youtube:id/player_overlays_custom_views_container text='null' desc='null' bounds=(130,0,2330,1080) class=android.widget.FrameLayout
         1789127354.409 20544 20544 D YTV2_DUMP: [38] parent=23 id=null text='null' desc='null' bounds=(130,0,2330,1080) class=android.widget.FrameLayout
         1789127354.409 20544 20544 D YTV2_DUMP: [39] parent=23 id=null text='null' desc='null' bounds=(130,0,2330,1080) class=android.widget.RelativeLayout
         1789127354.410 20544 20544 D YTV2_DUMP: [40] parent=24 id=com.google.android.youtube:id/player_view text='null' desc='null' bounds=(0,0,2460,1080) class=android.view.ViewGroup
         1789127354.410 20544 20544 D YTV2_DUMP: [41] parent=28 id=null text='null' desc='null' bounds=(0,0,2460,1080) class=android.widget.FrameLayout
         1789127354.410 20544 20544 D YTV2_DUMP: [42] parent=29 id=null text='null' desc='null' bounds=(0,0,2460,1080) class=android.widget.FrameLayout
         1789127354.410 20544 20544 D YTV2_DUMP: [43] parent=30 id=null text='null' desc='null' bounds=(0,0,2460,1080) class=android.widget.FrameLayout
         1789127354.410 20544 20544 D YTV2_DUMP: [44] parent=31 id=null text='null' desc='null' bounds=(0,0,2460,1080) class=android.widget.FrameLayout
         1789127354.410 20544 20544 D YTV2_DUMP: [45] parent=32 id=com.google.android.youtube:id/youtube_controls_overlay text='null' desc='null' bounds=(0,0,2460,1080) class=android.widget.FrameLayout
         1789127354.410 20544 20544 D YTV2_DUMP: [46] parent=35 id=null text='null' desc='null' bounds=(0,0,2460,1080) class=android.widget.FrameLayout
         1789127354.410 20544 20544 D YTV2_DUMP: [47] parent=36 id=com.google.android.youtube:id/fullscreen_engagement_panel_holder text='null' desc='null' bounds=(1450,0,2330,1080) class=android.view.ViewGroup
         1789127354.410 20544 20544 D YTV2_DUMP: [48] parent=40 id=null text='null' desc='null' bounds=(270,0,2190,1080) class=android.view.ViewGroup
         1789127354.410 20544 20544 D YTV2_DUMP: [49] parent=41 id=null text='null' desc='null' bounds=(0,0,2460,1080) class=android.view.ViewGroup
         1789127354.410 20544 20544 D YTV2_DUMP: [50] parent=42 id=null text='null' desc='null' bounds=(0,0,2460,1080) class=android.view.ViewGroup
         1789127354.410 20544 20544 D YTV2_DUMP: [51] parent=43 id=null text='null' desc='null' bounds=(0,0,2460,1080) class=android.view.ViewGroup
         1789127354.410 20544 20544 D YTV2_DUMP: [52] parent=44 id=null text='null' desc='null' bounds=(0,0,2460,1080) class=android.view.ViewGroup
         1789127354.410 20544 20544 D YTV2_DUMP: [53] parent=45 id=com.google.android.youtube:id/inset_controls_overlay_wrapper text='null' desc='null' bounds=(0,0,2460,1080) class=android.widget.FrameLayout
         1789127354.411 20544 20544 D YTV2_DUMP: [54] parent=46 id=null text='null' desc='null' bounds=(0,0,2460,1080) class=android.view.ViewGroup
         1789127354.411 20544 20544 D YTV2_DUMP: [55] parent=48 id=null text='null' desc='null' bounds=(270,0,2190,1080) class=android.view.ViewGroup
         1789127354.411 20544 20544 D YTV2_DUMP: [56] parent=53 id=com.google.android.youtube:id/inset_overlay_view_layout text='null' desc='null' bounds=(0,0,2460,1080) class=android.widget.FrameLayout
         1789127354.411 20544 20544 D YTV2_DUMP: [57] parent=54 id=null text='null' desc='null' bounds=(803,809,1655,953) class=android.view.ViewGroup
         1789127354.411 20544 20544 D YTV2_DUMP: [58] parent=55 id=null text='null' desc='null' bounds=(270,0,2190,1080) class=android.view.View
         1789127354.411 20544 20544 D YTV2_DUMP: [59] parent=55 id=null text='null' desc='null' bounds=(270,0,2190,1080) class=android.view.View
         1789127354.412 20544 20544 D YTV2_DUMP: [60] parent=56 id=com.google.android.youtube:id/watch_while_time_bar_view_overlay text='null' desc='null' bounds=(0,0,2460,1080) class=android.view.ViewGroup
         1789127354.412 20544 20544 D YTV2_DUMP: [61] parent=57 id=com.google.android.youtube:id/subtitle_window_identifier text='क्वेश्चन उनको ये लग रहा है यह भी कर लूं,' desc='क्वेश्चन उनको ये लग रहा है यह भी कर लूं,' bounds=(811,881,1647,945) class=android.view.View
         1789127354.412 20544 20544 D YTV2_DUMP: [62] parent=57 id=com.google.android.youtube:id/subtitle_window_identifier text='मैथ्स के अंदर भी बहुत सारे इररेिलेवेंट' desc='मैथ्स के अंदर भी बहुत सारे इररेिलेवेंट' bounds=(862,817,1400,944) class=android.view.View
         1789127354.412 20544 20544 D YTV2_DUMP: [63] parent=60 id=null text='null' desc='2 minutes 56 seconds of 48 minutes 40 seconds' bounds=(163,974,2297,1073) class=android.widget.SeekBar
         1789127354.437 20544 20544 D YTV2_DUMP: --> PARSED: kind=VIDEO watchConfirmed=true title='null' handle='null' display='null' channelId='null'
         1789127359.466 20544 20544 D YTV2_DUMP: [0] parent=null id=null text='null' desc='null' bounds=(0,0,2460,1080) class=android.widget.FrameLayout
         1789127359.466 20544 20544 D YTV2_DUMP: [1] parent=0 id=null text='null' desc='null' bounds=(0,0,2460,1080) class=android.widget.LinearLayout
         1789127359.466 20544 20544 D YTV2_DUMP: [2] parent=1 id=null text='null' desc='null' bounds=(0,0,2460,1080) class=android.widget.FrameLayout
         1789127359.467 20544 20544 D YTV2_DUMP: [3] parent=2 id=com.google.android.youtube:id/action_bar_root text='null' desc='null' bounds=(0,0,2460,1080) class=android.widget.LinearLayout
         1789127359.467 20544 20544 D YTV2_DUMP: [4] parent=3 id=android:id/content text='null' desc='null' bounds=(0,0,2460,1080) class=android.widget.FrameLayout
         1789127359.467 20544 20544 D YTV2_DUMP: [5] parent=4 id=com.google.android.youtube:id/more_drawer_container text='null' desc='null' bounds=(0,0,2460,1080) class=androidx.drawerlayout.widget.DrawerLayout
         1789127359.467 20544 20544 D YTV2_DUMP: [6] parent=4 id=com.google.android.youtube:id/reel_time_bar text='null' desc='null' bounds=(0,0,2460,1080) class=android.view.ViewGroup
         1789127359.467 20544 20544 D YTV2_DUMP: [7] parent=5 id=com.google.android.youtube:id/slim_status_bar_player_container text='null' desc='null' bounds=(0,0,2460,1080) class=android.widget.FrameLayout
         1789127359.468 20544 20544 D YTV2_DUMP: [8] parent=7 id=com.google.android.youtube:id/navigation_bar_divider_frame text='null' desc='null' bounds=(0,0,2460,1080) class=android.view.ViewGroup
         1789127359.468 20544 20544 D YTV2_DUMP: [9] parent=7 id=null text='null' desc='null' bounds=(0,0,2460,104) class=android.widget.FrameLayout
         1789127359.468 20544 20544 D YTV2_DUMP: [10] parent=7 id=null text='null' desc='null' bounds=(0,0,3,3) class=android.view.View
         1789127359.468 20544 20544 D YTV2_DUMP: [11] parent=8 id=com.google.android.youtube:id/global_slim_status_bar_container text='null' desc='null' bounds=(0,0,2460,1080) class=android.widget.FrameLayout
         1789127359.468 20544 20544 D YTV2_DUMP: [12] parent=8 id=com.google.android.youtube:id/accessibility_layer_container text='null' desc='null' bounds=(0,0,2460,1080) class=android.widget.FrameLayout
         1789127359.468 20544 20544 D YTV2_DUMP: [13] parent=12 id=com.google.android.youtube:id/fullscreen_mode_container text='null' desc='null' bounds=(0,0,2460,0) class=android.widget.FrameLayout
         1789127359.468 20544 20544 D YTV2_DUMP: [14] parent=12 id=com.google.android.youtube:id/next_gen_watch_container_layout text='null' desc='null' bounds=(0,0,2460,1080) class=android.view.ViewGroup
         1789127359.469 20544 20544 D YTV2_DUMP: [15] parent=12 id=com.google.android.youtube:id/bottom_bar_container text='null' desc='null' bounds=(0,1080,2460,1080) class=android.widget.LinearLayout
         1789127359.469 20544 20544 D YTV2_DUMP: [16] parent=14 id=com.google.android.youtube:id/scrim_view text='null' desc='null' bounds=(0,0,2460,1080) class=android.view.View
         1789127359.469 20544 20544 D YTV2_DUMP: [17] parent=14 id=com.google.android.youtube:id/next_gen_watch_layout_no_player_fragment_container text='null' desc='null' bounds=(0,0,2460,1080) class=android.view.ViewGroup
         1789127359.469 20544 20544 D YTV2_DUMP: [18] parent=17 id=com.google.android.youtube:id/watch_player text='null' desc='Video player' bounds=(0,0,2460,1080) class=android.widget.FrameLayout
         1789127359.469 20544 20544 D YTV2_DUMP: [19] parent=17 id=com.google.android.youtube:id/watch_while_time_bar_view text='null' desc='null' bounds=(0,0,2460,1080) class=android.view.ViewGroup
         1789127359.469 20544 20544 D YTV2_DUMP: [20] parent=17 id=com.google.android.youtube:id/watch_player_background text='null' desc='null' bounds=(0,0,2460,1080) class=android.widget.FrameLayout
         1789127359.469 20544 20544 D YTV2_DUMP: [21] parent=17 id=com.google.android.youtube:id/floaty_bar_controls_view text='null' desc='Minimised player' bounds=(530,1879,1058,1080) class=android.widget.FrameLayout
         1789127359.470 20544 20544 D YTV2_DUMP: [22] parent=18 id=com.google.android.youtube:id/playerless_thumbnail text='null' desc='null' bounds=(0,0,2460,1080) class=android.widget.ImageView
         1789127359.470 20544 20544 D YTV2_DUMP: [23] parent=18 id=com.google.android.youtube:id/player_overlays text='null' desc='null' bounds=(0,0,2460,1080) class=android.view.ViewGroup
         1789127359.470 20544 20544 D YTV2_DUMP: [24] parent=18 id=com.google.android.youtube:id/player_fragment_container text='null' desc='null' bounds=(0,0,2460,1080) class=android.widget.FrameLayout
         1789127359.470 20544 20544 D YTV2_DUMP: [25] parent=18 id=null text='null' desc='null' bounds=(0,0,1,1) class=android.view.View
         1789127359.471 20544 20544 D YTV2_DUMP: [26] parent=20 id=com.google.android.youtube:id/cinematic_image_background text='null' desc='null' bounds=(0,0,2460,1080) class=android.widget.ImageView
         1789127359.471 20544 20544 D YTV2_DUMP: [27] parent=20 id=com.google.android.youtube:id/cinematic_scrim text='null' desc='null' bounds=(0,0,2460,1080) class=android.widget.ImageView
         1789127359.471 20544 20544 D YTV2_DUMP: [28] parent=23 id=null text='null' desc='null' bounds=(0,0,2460,1080) class=android.widget.FrameLayout
         1789127359.471 20544 20544 D YTV2_DUMP: [29] parent=23 id=null text='null' desc='null' bounds=(0,0,2460,1080) class=android.widget.FrameLayout
         1789127359.471 20544 20544 D YTV2_DUMP: [30] parent=23 id=null text='null' desc='null' bounds=(0,0,2460,1080) class=android.widget.FrameLayout
         1789127359.471 20544 20544 D YTV2_DUMP: [31] parent=23 id=null text='null' desc='null' bounds=(0,0,2460,1080) class=android.widget.FrameLayout
         1789127359.471 20544 20544 D YTV2_DUMP: [32] parent=23 id=null text='null' desc='null' bounds=(0,0,2460,1080) class=android.widget.FrameLayout
         1789127359.471 20544 20544 D YTV2_DUMP: [33] parent=23 id=null text='null' desc='null' bounds=(0,0,2460,1080) class=android.widget.FrameLayout
         1789127359.472 20544 20544 D YTV2_DUMP: [34] parent=23 id=null text='null' desc='null' bounds=(0,0,2460,1080) class=android.widget.FrameLayout
         1789127359.472 20544 20544 D YTV2_DUMP: [35] parent=23 id=null text='null' desc='null' bounds=(0,0,2460,1080) class=android.widget.FrameLayout
         1789127359.472 20544 20544 D YTV2_DUMP: [36] parent=23 id=com.google.android.youtube:id/player_overlays_custom_views_container text='null' desc='null' bounds=(130,0,2330,1080) class=android.widget.FrameLayout
         1789127359.472 20544 20544 D YTV2_DUMP: [37] parent=23 id=null text='null' desc='null' bounds=(130,0,2330,1080) class=android.widget.FrameLayout
         1789127359.472 20544 20544 D YTV2_DUMP: [38] parent=23 id=null text='null' desc='null' bounds=(130,0,2330,1080) class=android.widget.RelativeLayout
         1789127359.472 20544 20544 D YTV2_DUMP: [39] parent=24 id=com.google.android.youtube:id/player_view text='null' desc='null' bounds=(0,0,2460,1080) class=android.view.ViewGroup
         1789127359.472 20544 20544 D YTV2_DUMP: [40] parent=28 id=null text='null' desc='null' bounds=(0,0,2460,1080) class=android.widget.ImageView
         1789127359.472 20544 20544 D YTV2_DUMP: [41] parent=29 id=null text='null' desc='null' bounds=(0,0,2460,1080) class=android.widget.FrameLayout
         1789127359.472 20544 20544 D YTV2_DUMP: [42] parent=30 id=null text='null' desc='null' bounds=(0,0,2460,1080) class=android.widget.FrameLayout
         1789127359.472 20544 20544 D YTV2_DUMP: [43] parent=31 id=null text='null' desc='null' bounds=(0,0,2460,1080) class=android.widget.FrameLayout
         1789127359.472 20544 20544 D YTV2_DUMP: [44] parent=32 id=com.google.android.youtube:id/youtube_controls_overlay text='null' desc='null' bounds=(0,0,2460,1080) class=android.widget.FrameLayout
         1789127359.473 20544 20544 D YTV2_DUMP: [45] parent=35 id=com.google.android.youtube:id/fullscreen_engagement_panel_holder text='null' desc='null' bounds=(1450,0,2330,1080) class=android.view.ViewGroup
         1789127359.473 20544 20544 D YTV2_DUMP: [46] parent=39 id=null text='null' desc='null' bounds=(270,0,2190,1080) class=android.view.ViewGroup
         1789127359.473 20544 20544 D YTV2_DUMP: [47] parent=42 id=null text='null' desc='null' bounds=(0,0,2460,1080) class=android.view.ViewGroup
         1789127359.473 20544 20544 D YTV2_DUMP: [48] parent=43 id=null text='null' desc='null' bounds=(0,0,2460,1080) class=android.view.ViewGroup
         1789127359.473 20544 20544 D YTV2_DUMP: [49] parent=44 id=com.google.android.youtube:id/inset_controls_overlay_wrapper text='null' desc='null' bounds=(0,0,2460,1080) class=android.widget.FrameLayout
         1789127359.473 20544 20544 D YTV2_DUMP: [50] parent=46 id=null text='null' desc='null' bounds=(270,0,2190,1080) class=android.view.ViewGroup
         1789127359.473 20544 20544 D YTV2_DUMP: [51] parent=49 id=com.google.android.youtube:id/inset_overlay_view_layout text='null' desc='null' bounds=(0,0,2460,1080) class=android.widget.FrameLayout
         1789127359.474 20544 20544 D YTV2_DUMP: [52] parent=50 id=null text='null' desc='null' bounds=(270,0,2190,1080) class=android.view.View
         1789127359.474 20544 20544 D YTV2_DUMP: [53] parent=50 id=null text='null' desc='null' bounds=(270,0,2190,1080) class=android.view.View
         1789127359.474 20544 20544 D YTV2_DUMP: [54] parent=50 id=null text='null' desc='null' bounds=(270,0,2190,1080) class=android.view.View
         1789127359.474 20544 20544 D YTV2_DUMP: [55] parent=51 id=com.google.android.youtube:id/watch_while_time_bar_view_overlay text='null' desc='null' bounds=(0,0,2460,1080) class=android.view.ViewGroup
         1789127359.474 20544 20544 D YTV2_DUMP: [56] parent=51 id=com.google.android.youtube:id/player_loading_view_thin text='null' desc='null' bounds=(1131,441,1329,639) class=android.widget.ProgressBar
         1789127359.474 20544 20544 D YTV2_DUMP: [57] parent=55 id=null text='null' desc='0 minutes 0 seconds of 0 minutes 0 seconds' bounds=(163,831,2297,930) class=android.widget.SeekBar
         1789127359.496 20544 20544 D YTV2_DUMP: --> PARSED: kind=VIDEO watchConfirmed=true title='null' handle='null' display='null' channelId='null'
         1789127363.182 20544 20544 D YTV2_DUMP: [0] parent=null id=null text='null' desc='null' bounds=(0,0,2460,1080) class=android.widget.FrameLayout
         1789127363.182 20544 20544 D YTV2_DUMP: [1] parent=0 id=null text='null' desc='null' bounds=(0,0,2460,1080) class=android.widget.LinearLayout
         1789127363.182 20544 20544 D YTV2_DUMP: [2] parent=1 id=null text='null' desc='null' bounds=(0,0,2460,1080) class=android.widget.FrameLayout
         1789127363.182 20544 20544 D YTV2_DUMP: [3] parent=2 id=com.google.android.youtube:id/action_bar_root text='null' desc='null' bounds=(0,0,2460,1080) class=android.widget.LinearLayout
         1789127363.182 20544 20544 D YTV2_DUMP: [4] parent=3 id=android:id/content text='null' desc='null' bounds=(0,0,2460,1080) class=android.widget.FrameLayout
         1789127363.182 20544 20544 D YTV2_DUMP: [5] parent=4 id=com.google.android.youtube:id/more_drawer_container text='null' desc='null' bounds=(0,0,2460,1080) class=androidx.drawerlayout.widget.DrawerLayout
         1789127363.182 20544 20544 D YTV2_DUMP: [6] parent=4 id=com.google.android.youtube:id/reel_time_bar text='null' desc='null' bounds=(0,0,2460,1080) class=android.view.ViewGroup
         1789127363.182 20544 20544 D YTV2_DUMP: [7] parent=5 id=com.google.android.youtube:id/slim_status_bar_player_container text='null' desc='null' bounds=(0,0,2460,1080) class=android.widget.FrameLayout
         1789127363.182 20544 20544 D YTV2_DUMP: [8] parent=7 id=com.google.android.youtube:id/navigation_bar_divider_frame text='null' desc='null' bounds=(0,0,2460,1080) class=android.view.ViewGroup
         1789127363.182 20544 20544 D YTV2_DUMP: [9] parent=7 id=null text='null' desc='null' bounds=(0,0,2460,104) class=android.widget.FrameLayout
         1789127363.183 20544 20544 D YTV2_DUMP: [10] parent=7 id=null text='null' desc='null' bounds=(0,0,3,3) class=android.view.View
         1789127363.183 20544 20544 D YTV2_DUMP: [11] parent=8 id=com.google.android.youtube:id/global_slim_status_bar_container text='null' desc='null' bounds=(0,0,2460,1080) class=android.widget.FrameLayout
         1789127363.183 20544 20544 D YTV2_DUMP: [12] parent=8 id=com.google.android.youtube:id/accessibility_layer_container text='null' desc='null' bounds=(0,0,2460,1080) class=android.widget.FrameLayout
         1789127363.183 20544 20544 D YTV2_DUMP: [13] parent=12 id=com.google.android.youtube:id/fullscreen_mode_container text='null' desc='null' bounds=(0,0,2460,0) class=android.widget.FrameLayout
         1789127363.183 20544 20544 D YTV2_DUMP: [14] parent=12 id=com.google.android.youtube:id/next_gen_watch_container_layout text='null' desc='null' bounds=(0,0,2460,1080) class=android.view.ViewGroup
         1789127363.183 20544 20544 D YTV2_DUMP: [15] parent=12 id=com.google.android.youtube:id/bottom_bar_container text='null' desc='null' bounds=(0,1080,2460,1080) class=android.widget.LinearLayout
         1789127363.183 20544 20544 D YTV2_DUMP: [16] parent=14 id=com.google.android.youtube:id/scrim_view text='null' desc='null' bounds=(0,0,2460,1080) class=android.view.View
         1789127363.183 20544 20544 D YTV2_DUMP: [17] parent=14 id=com.google.android.youtube:id/next_gen_watch_layout_no_player_fragment_container text='null' desc='null' bounds=(0,0,2460,1080) class=android.view.ViewGroup
         1789127363.183 20544 20544 D YTV2_DUMP: [18] parent=17 id=com.google.android.youtube:id/watch_player text='null' desc='Video player' bounds=(0,0,2460,1080) class=android.widget.FrameLayout
         1789127363.183 20544 20544 D YTV2_DUMP: [19] parent=17 id=com.google.android.youtube:id/watch_while_time_bar_view text='null' desc='null' bounds=(0,0,2460,1080) class=android.view.ViewGroup
         1789127363.183 20544 20544 D YTV2_DUMP: [20] parent=17 id=com.google.android.youtube:id/watch_player_background text='null' desc='null' bounds=(0,0,2460,1080) class=android.widget.FrameLayout
         1789127363.183 20544 20544 D YTV2_DUMP: [21] parent=17 id=com.google.android.youtube:id/floaty_bar_controls_view text='null' desc='Minimised player' bounds=(530,1879,1058,1080) class=android.widget.FrameLayout
         1789127363.183 20544 20544 D YTV2_DUMP: [22] parent=18 id=com.google.android.youtube:id/playerless_thumbnail text='null' desc='null' bounds=(0,0,2460,1080) class=android.widget.ImageView
         1789127363.183 20544 20544 D YTV2_DUMP: [23] parent=18 id=com.google.android.youtube:id/player_overlays text='null' desc='null' bounds=(0,0,2460,1080) class=android.view.ViewGroup
         1789127363.183 20544 20544 D YTV2_DUMP: [24] parent=18 id=com.google.android.youtube:id/player_fragment_container text='null' desc='null' bounds=(0,0,2460,1080) class=android.widget.FrameLayout
         1789127363.183 20544 20544 D YTV2_DUMP: [25] parent=18 id=null text='null' desc='null' bounds=(0,0,1,1) class=android.view.View
         1789127363.183 20544 20544 D YTV2_DUMP: [26] parent=20 id=com.google.android.youtube:id/cinematic_image_background text='null' desc='null' bounds=(0,0,2460,1080) class=android.widget.ImageView
         1789127363.183 20544 20544 D YTV2_DUMP: [27] parent=20 id=com.google.android.youtube:id/cinematic_scrim text='null' desc='null' bounds=(0,0,2460,1080) class=android.widget.ImageView
         1789127363.183 20544 20544 D YTV2_DUMP: [28] parent=23 id=null text='null' desc='null' bounds=(0,0,2460,1080) class=android.widget.FrameLayout
         1789127363.183 20544 20544 D YTV2_DUMP: [29] parent=23 id=null text='null' desc='null' bounds=(0,0,2460,1080) class=android.widget.FrameLayout
         1789127363.184 20544 20544 D YTV2_DUMP: [30] parent=23 id=null text='null' desc='null' bounds=(0,0,2460,1080) class=android.widget.FrameLayout
         1789127363.184 20544 20544 D YTV2_DUMP: [31] parent=23 id=null text='null' desc='null' bounds=(0,0,2460,1080) class=android.widget.FrameLayout
         1789127363.184 20544 20544 D YTV2_DUMP: [32] parent=23 id=null text='null' desc='null' bounds=(0,0,2460,1080) class=android.widget.FrameLayout
         1789127363.184 20544 20544 D YTV2_DUMP: [33] parent=23 id=null text='null' desc='null' bounds=(0,0,2460,1080) class=android.widget.FrameLayout
         1789127363.185 20544 20544 D YTV2_DUMP: [34] parent=23 id=null text='null' desc='null' bounds=(0,0,2460,1080) class=android.widget.FrameLayout
         1789127363.185 20544 20544 D YTV2_DUMP: [35] parent=23 id=com.google.android.youtube:id/player_overlays_custom_views_container text='null' desc='null' bounds=(104,0,2460,1080) class=android.widget.FrameLayout
         1789127363.185 20544 20544 D YTV2_DUMP: [36] parent=23 id=null text='null' desc='null' bounds=(104,0,2460,1080) class=android.widget.FrameLayout
         1789127363.185 20544 20544 D YTV2_DUMP: [37] parent=23 id=null text='null' desc='null' bounds=(104,0,2460,1080) class=android.widget.RelativeLayout
         1789127363.185 20544 20544 D YTV2_DUMP: [38] parent=23 id=null text='null' desc='null' bounds=(104,0,2460,1080) class=android.widget.FrameLayout
         1789127363.186 20544 20544 D YTV2_DUMP: [39] parent=23 id=null text='null' desc='null' bounds=(104,0,2460,1080) class=android.widget.FrameLayout
         1789127363.186 20544 20544 D YTV2_DUMP: [40] parent=23 id=null text='null' desc='null' bounds=(104,0,2460,1080) class=android.widget.RelativeLayout
         1789127363.186 20544 20544 D YTV2_DUMP: [41] parent=24 id=com.google.android.youtube:id/player_view text='null' desc='null' bounds=(0,0,2460,1080) class=android.view.ViewGroup
         1789127363.186 20544 20544 D YTV2_DUMP: [42] parent=28 id=null text='null' desc='null' bounds=(0,0,1580,1080) class=android.widget.FrameLayout
         1789127363.186 20544 20544 D YTV2_DUMP: [43] parent=29 id=null text='null' desc='null' bounds=(0,0,1580,1080) class=android.widget.FrameLayout
         1789127363.187 20544 20544 D YTV2_DUMP: [44] parent=30 id=com.google.android.youtube:id/youtube_controls_overlay text='null' desc='null' bounds=(0,0,1580,1080) class=android.widget.FrameLayout
         1789127363.187 20544 20544 D YTV2_DUMP: [45] parent=31 id=null text='null' desc='null' bounds=(104,0,1580,1080) class=android.widget.FrameLayout
         1789127363.187 20544 20544 D YTV2_DUMP: [46] parent=34 id=com.google.android.youtube:id/fullscreen_engagement_panel_holder text='null' desc='null' bounds=(1580,0,2460,1080) class=android.view.ViewGroup
         1789127363.187 20544 20544 D YTV2_DUMP: [47] parent=38 id=com.google.android.youtube:id/collapsible_ad_cta_overlay_container text='null' desc='null' bounds=(104,0,2460,1080) class=android.widget.FrameLayout
         1789127363.187 20544 20544 D YTV2_DUMP: [48] parent=39 id=null text='null' desc='null' bounds=(104,0,1580,1080) class=android.widget.FrameLayout
         1789127363.187 20544 20544 D YTV2_DUMP: [49] parent=40 id=com.google.android.youtube:id/size_adjustable_outer_wrapper text='null' desc='null' bounds=(104,0,2460,1080) class=android.widget.FrameLayout
         1789127363.187 20544 20544 D YTV2_DUMP: [50] parent=41 id=null text='null' desc='null' bounds=(538,0,1145,1080) class=android.view.ViewGroup
         1789127363.188 20544 20544 D YTV2_DUMP: [51] parent=42 id=null text='null' desc='null' bounds=(0,0,1580,1080) class=android.view.ViewGroup
         1789127363.188 20544 20544 D YTV2_DUMP: [52] parent=43 id=null text='null' desc='null' bounds=(0,0,1580,1080) class=android.view.ViewGroup
         1789127363.188 20544 20544 D YTV2_DUMP: [53] parent=44 id=com.google.android.youtube:id/inset_controls_overlay_wrapper text='null' desc='null' bounds=(0,0,1580,1080) class=android.widget.FrameLayout
         1789127363.188 20544 20544 D YTV2_DUMP: [54] parent=44 id=com.google.android.youtube:id/top_gradient_scrim_overlay text='null' desc='null' bounds=(0,0,1580,495) class=android.widget.ImageView
         1789127363.188 20544 20544 D YTV2_DUMP: [55] parent=44 id=com.google.android.youtube:id/bottom_gradient_scrim_overlay text='null' desc='null' bounds=(0,585,1580,1080) class=android.widget.ImageView
         1789127363.188 20544 20544 D YTV2_DUMP: [56] parent=46 id=com.google.android.youtube:id/engagement_panel text='null' desc='null' bounds=(1580,0,2460,1080) class=android.widget.RelativeLayout
         1789127363.188 20544 20544 D YTV2_DUMP: [57] parent=47 id=com.google.android.youtube:id/layout_container text='null' desc='null' bounds=(115,766,1034,986) class=android.widget.FrameLayout
         1789127363.188 20544 20544 D YTV2_DUMP: [58] parent=48 id=null text='null' desc='null' bounds=(104,88,1580,964) class=android.view.ViewGroup
         1789127363.188 20544 20544 D YTV2_DUMP: [59] parent=49 id=com.google.android.youtube:id/size_adjustable_inner_wrapper text='null' desc='null' bounds=(208,0,1580,1080) class=android.widget.RelativeLayout
         1789127363.189 20544 20544 D YTV2_DUMP: [60] parent=50 id=null text='null' desc='null' bounds=(538,0,1145,1080) class=android.view.ViewGroup
         1789127363.189 20544 20544 D YTV2_DUMP: [61] parent=53 id=com.google.android.youtube:id/inset_overlay_view_layout text='null' desc='null' bounds=(104,0,1580,1080) class=android.widget.FrameLayout
         1789127363.189 20544 20544 D YTV2_DUMP: [62] parent=56 id=com.google.android.youtube:id/header_container text='null' desc='null' bounds=(1580,0,2460,154) class=android.widget.LinearLayout
         1789127363.189 20544 20544 D YTV2_DUMP: [63] parent=56 id=com.google.android.youtube:id/panel_content_touch_wrapper text='null' desc='null' bounds=(1580,154,2460,1080) class=android.widget.LinearLayout
         1789127363.189 20544 20544 D YTV2_DUMP: [64] parent=57 id=com.google.android.youtube:id/expanded_background_container text='null' desc='Sponsored, Easily build no-code agents, Sign up' bounds=(126,777,126,975) class=android.view.View
         1789127363.189 20544 20544 D YTV2_DUMP: [65] parent=57 id=com.google.android.youtube:id/thumbnail_icon text='null' desc='Sponsored, Easily build no-code agents, Sign up' bounds=(159,810,291,942) class=android.widget.ImageView
         1789127363.189 20544 20544 D YTV2_DUMP: [66] parent=57 id=com.google.android.youtube:id/collapsed_cta_button_container text='null' desc='null' bounds=(269,887,335,953) class=android.widget.FrameLayout
         1789127363.190 20544 20544 D YTV2_DUMP: [67] parent=57 id=com.google.android.youtube:id/expanded_metadata_container text='null' desc='null' bounds=(313,777,1023,975) class=android.widget.LinearLayout
         1789127363.190 20544 20544 D YTV2_DUMP: [68] parent=59 id=com.google.android.youtube:id/video_metadata_container text='null' desc='null' bounds=(277,0,617,198) class=android.widget.RelativeLayout
         1789127363.190 20544 20544 D YTV2_DUMP: [69] parent=59 id=com.google.android.youtube:id/ad_details_container_layout text='null' desc='null' bounds=(225,953,712,1074) class=android.widget.LinearLayout
         1789127363.190 20544 20544 D YTV2_DUMP: [70] parent=60 id=null text='null' desc='null' bounds=(538,0,1145,1080) class=android.view.View
         1789127363.190 20544 20544 D YTV2_DUMP: [71] parent=60 id=null text='null' desc='null' bounds=(538,0,1145,1080) class=android.view.View
         1789127363.190 20544 20544 D YTV2_DUMP: [72] parent=61 id=com.google.android.youtube:id/watch_while_time_bar_view_overlay text='null' desc='null' bounds=(104,0,1580,1080) class=android.view.ViewGroup
         1789127363.190 20544 20544 D YTV2_DUMP: [73] parent=61 id=com.google.android.youtube:id/controls_layout text='null' desc='null' bounds=(104,0,1580,1080) class=android.widget.RelativeLayout
         1789127363.190 20544 20544 D YTV2_DUMP: [74] parent=62 id=null text='null' desc='null' bounds=(1580,0,2460,154) class=android.widget.LinearLayout
         1789127363.190 20544 20544 D YTV2_DUMP: [75] parent=63 id=com.google.android.youtube:id/panel_content text='null' desc='null' bounds=(1580,154,2460,1080) class=android.widget.FrameLayout
         1789127363.190 20544 20544 D YTV2_DUMP: [76] parent=67 id=com.google.android.youtube:id/expanded_text_container text='null' desc='null' bounds=(313,799,686,952) class=android.widget.LinearLayout
         1789127363.190 20544 20544 D YTV2_DUMP: [77] parent=67 id=com.google.android.youtube:id/expanded_cta_buttons text='null' desc='null' bounds=(686,777,1023,975) class=android.widget.GridLayout
         1789127363.190 20544 20544 D YTV2_DUMP: [78] parent=68 id=com.google.android.youtube:id/channel_thumbnail_container text='null' desc='null' bounds=(321,44,431,154) class=android.widget.FrameLayout
         1789127363.190 20544 20544 D YTV2_DUMP: [79] parent=68 id=com.google.android.youtube:id/title text='null' desc='null' bounds=(475,44,573,108) class=android.widget.TextView
         1789127363.190 20544 20544 D YTV2_DUMP: [80] parent=68 id=com.google.android.youtube:id/author text='null' desc='null' bounds=(475,130,573,178) class=android.widget.TextView
         1789127363.190 20544 20544 D YTV2_DUMP: [81] parent=69 id=com.google.android.youtube:id/ad_progress_text text='Sponsored · 1 of 2 · 0:13' desc='Sponsored · 1 of 2 · 0:13 My Ad Centre' bounds=(236,964,701,1063) class=android.widget.TextView
         1789127363.190 20544 20544 D YTV2_DUMP: [82] parent=72 id=null text='null' desc='0 minutes 3 seconds of 0 minutes 15 seconds' bounds=(104,1028,1580,1080) class=android.widget.SeekBar
         1789127363.190 20544 20544 D YTV2_DUMP: [83] parent=73 id=com.google.android.youtube:id/title_anchor text='null' desc='null' bounds=(214,0,214,0) class=android.view.View
         1789127363.191 20544 20544 D YTV2_DUMP: [84] parent=73 id=com.google.android.youtube:id/player_collapse_button text='null' desc='Minimise' bounds=(104,0,236,132) class=android.widget.ImageView
         1789127363.191 20544 20544 D YTV2_DUMP: [85] parent=73 id=com.google.android.youtube:id/ads_additional_view_container text='null' desc='null' bounds=(1580,6,1580,6) class=android.widget.LinearLayout
         1789127363.191 20544 20544 D YTV2_DUMP: [86] parent=73 id=com.google.android.youtube:id/player_additional_view_container text='null' desc='null' bounds=(1008,6,1580,138) class=android.widget.LinearLayout
         1789127363.191 20544 20544 D YTV2_DUMP: [87] parent=73 id=com.google.android.youtube:id/controls_button_group_layout text='null' desc='null' bounds=(104,430,1580,650) class=android.widget.RelativeLayout
         1789127363.191 20544 20544 D YTV2_DUMP: [88] parent=73 id=com.google.android.youtube:id/youtube_controls_bottom_ui_container text='null' desc='null' bounds=(104,606,1580,1080) class=android.view.ViewGroup
         1789127363.191 20544 20544 D YTV2_DUMP: [89] parent=74 id=com.google.android.youtube:id/panel_header_wrapper text='null' desc='null' bounds=(1580,0,2460,154) class=android.widget.FrameLayout
         1789127363.191 20544 20544 D YTV2_DUMP: [90] parent=75 id=null text='null' desc='null' bounds=(1580,154,2460,1080) class=android.widget.FrameLayout
         1789127363.191 20544 20544 D YTV2_DUMP: [91] parent=76 id=com.google.android.youtube:id/expanded_title text='Easily build no-code agents' desc='null' bounds=(313,799,686,903) class=android.widget.TextView
         1789127363.191 20544 20544 D YTV2_DUMP: [92] parent=76 id=com.google.android.youtube:id/ad_badge_and_details_text_container text='null' desc='null' bounds=(313,909,478,952) class=android.widget.LinearLayout
         1789127363.191 20544 20544 D YTV2_DUMP: [93] parent=77 id=com.google.android.youtube:id/expanded_cta_button_container text='null' desc='null' bounds=(686,777,891,975) class=android.widget.LinearLayout
         1789127363.191 20544 20544 D YTV2_DUMP: [94] parent=77 id=com.google.android.youtube:id/overflow_button text='null' desc='More options' bounds=(891,777,1023,975) class=android.widget.ImageView
         1789127363.191 20544 20544 D YTV2_DUMP: [95] parent=78 id=com.google.android.youtube:id/channel_thumbnail text='null' desc='null' bounds=(321,44,431,154) class=android.widget.ImageView
         1789127363.191 20544 20544 D YTV2_DUMP: [96] parent=86 id=com.google.android.youtube:id/player_mdx_entry_point_button text='null' desc='Cast' bounds=(1019,6,1151,138) class=android.widget.Button
         1789127363.191 20544 20544 D YTV2_DUMP: [97] parent=86 id=com.google.android.youtube:id/player_subtitle_button text='null' desc='Captions unavailable' bounds=(1162,6,1294,138) class=android.widget.TextView
         1789127363.191 20544 20544 D YTV2_DUMP: [98] parent=86 id=null text='null' desc='More options' bounds=(1305,6,1437,138) class=android.widget.ImageView
         1789127363.191 20544 20544 D YTV2_DUMP: [99] parent=86 id=null text='null' desc='More options' bounds=(1448,6,1580,138) class=android.widget.ImageView
         1789127363.191 20544 20544 D YTV2_DUMP: [100] parent=87 id=com.google.android.youtube:id/player_control_play_pause_replay_button_touch_area text='null' desc='null' bounds=(732,430,952,650) class=android.widget.FrameLayout
         1789127363.191 20544 20544 D YTV2_DUMP: [101] parent=88 id=com.google.android.youtube:id/big_boards_timestamp_viewstub_holder text='null' desc='null' bounds=(104,893,1580,981) class=android.widget.FrameLayout
         1789127363.191 20544 20544 D YTV2_DUMP: [102] parent=88 id=com.google.android.youtube:id/time_bar_chapter_title_container text='null' desc='null' bounds=(340,948,1415,1080) class=android.widget.FrameLayout
         1789127363.191 20544 20544 D YTV2_DUMP: [103] parent=88 id=com.google.android.youtube:id/fullscreen_button text='null' desc='Exit full screen' bounds=(1415,948,1580,1080) class=android.widget.ImageView
         1789127363.191 20544 20544 D YTV2_DUMP: [104] parent=88 id=com.google.android.youtube:id/bottom_end_container text='null' desc='null' bounds=(1415,1072,1415,1080) class=android.widget.LinearLayout
         1789127363.191 20544 20544 D YTV2_DUMP: [105] parent=89 id=null text='null' desc='null' bounds=(1580,0,2460,154) class=android.widget.LinearLayout
         1789127363.191 20544 20544 D YTV2_DUMP: [106] parent=90 id=null text='null' desc='null' bounds=(1580,154,2460,1080) class=android.widget.FrameLayout
         1789127363.191 20544 20544 D YTV2_DUMP: [107] parent=92 id=com.google.android.youtube:id/ad_badge text='Sponsored' desc='null' bounds=(313,909,478,952) class=android.widget.TextView
         1789127363.191 20544 20544 D YTV2_DUMP: [108] parent=93 id=com.google.android.youtube:id/expanded_cta_button text='null' desc='null' bounds=(686,832,891,920) class=android.widget.LinearLayout
         1789127363.191 20544 20544 D YTV2_DUMP: [109] parent=100 id=com.google.android.youtube:id/player_control_play_pause_replay_button text='null' desc='Pause video' bounds=(765,463,919,617) class=android.widget.ImageView
         1789127363.191 20544 20544 D YTV2_DUMP: [110] parent=105 id=null text='null' desc='null' bounds=(1580,0,2460,154) class=android.widget.LinearLayout
         1789127363.191 20544 20544 D YTV2_DUMP: [111] parent=106 id=com.google.android.youtube:id/engagement_panel_content text='null' desc='null' bounds=(1580,154,2460,1080) class=android.view.ViewGroup
         1789127363.191 20544 20544 D YTV2_DUMP: [112] parent=108 id=com.google.android.youtube:id/ad_cta_button_text text='Sign up' desc='null' bounds=(719,850,858,902) class=android.widget.Button
         1789127363.191 20544 20544 D YTV2_DUMP: [113] parent=110 id=com.google.android.youtube:id/panel_header text='null' desc='null' bounds=(1580,0,2460,154) class=android.widget.FrameLayout
         1789127363.191 20544 20544 D YTV2_DUMP: [114] parent=111 id=com.google.android.youtube:id/content text='null' desc='null' bounds=(1580,154,2460,1080) class=android.widget.FrameLayout
         1789127363.191 20544 20544 D YTV2_DUMP: [115] parent=111 id=com.google.android.youtube:id/footer text='null' desc='null' bounds=(1580,1080,2460,1080) class=android.widget.FrameLayout
         1789127363.191 20544 20544 D YTV2_DUMP: [116] parent=113 id=null text='null' desc='null' bounds=(1580,0,2460,154) class=android.widget.FrameLayout
         1789127363.191 20544 20544 D YTV2_DUMP: [117] parent=114 id=null text='null' desc='null' bounds=(1580,154,2460,1080) class=android.widget.FrameLayout
         1789127363.191 20544 20544 D YTV2_DUMP: [118] parent=116 id=null text='null' desc='null' bounds=(1580,0,2460,154) class=android.view.ViewGroup
         1789127363.191 20544 20544 D YTV2_DUMP: [119] parent=117 id=null text='null' desc='null' bounds=(1580,154,2460,1080) class=android.view.ViewGroup
         1789127363.191 20544 20544 D YTV2_DUMP: [120] parent=118 id=null text='null' desc='Visit advertiser' bounds=(2126,22,2427,154) class=android.widget.Button
         1789127363.191 20544 20544 D YTV2_DUMP: [121] parent=119 id=com.google.android.youtube:id/results text='null' desc='null' bounds=(1580,154,2460,1080) class=android.support.v7.widget.RecyclerView
         1789127363.191 20544 20544 D YTV2_DUMP: [122] parent=120 id=null text='null' desc='Visit advertiser' bounds=(2126,22,2427,88) class=android.widget.Button
         1789127363.191 20544 20544 D YTV2_DUMP: [123] parent=121 id=null text='null' desc='null' bounds=(1580,154,2460,1080) class=android.view.ViewGroup
         1789127363.191 20544 20544 D YTV2_DUMP: [124] parent=122 id=null text='Visit advertiser' desc='Visit advertiser' bounds=(2151,31,2402,79) class=android.view.ViewGroup
         1789127363.191 20544 20544 D YTV2_DUMP: [125] parent=123 id=null text='null' desc='null' bounds=(1613,154,2427,1051) class=android.view.ViewGroup
         1789127363.191 20544 20544 D YTV2_DUMP: [126] parent=125 id=null text='null' desc='Sign up' bounds=(1921,267,2119,465) class=android.widget.Button
         1789127363.191 20544 20544 D YTV2_DUMP: [127] parent=125 id=null text='cloud.google.com' desc='cloud.google.com' bounds=(1843,498,2197,556) class=android.view.ViewGroup
         1789127363.191 20544 20544 D YTV2_DUMP: [128] parent=125 id=null text='Easily build no-code agents' desc='Easily build no-code agents' bounds=(1657,600,2383,807) class=android.view.ViewGroup
         1789127363.191 20544 20544 D YTV2_DUMP: [129] parent=125 id=null text='null' desc='null' bounds=(1657,897,2383,1007) class=android.view.ViewGroup
         1789127363.191 20544 20544 D YTV2_DUMP: [130] parent=129 id=null text='null' desc='Sign up' bounds=(1657,897,2383,1007) class=android.widget.Button
         1789127363.191 20544 20544 D YTV2_DUMP: [131] parent=130 id=null text='null' desc='Sign up' bounds=(1657,897,2383,1007) class=android.widget.Button
         1789127363.191 20544 20544 D YTV2_DUMP: [132] parent=131 id=null text='Sign up' desc='Sign up' bounds=(1944,925,2096,978) class=android.view.ViewGroup
         1789127363.207 20544 20544 D YTV2_DUMP: --> PARSED: kind=VIDEO watchConfirmed=true title='null' handle='null' display='Exit full screen' channelId='null'
         1789127365.725 20544 20544 D YTV2_DUMP: [0] parent=null id=null text='null' desc='null' bounds=(0,0,2460,1080) class=android.widget.FrameLayout
         1789127365.726 20544 20544 D YTV2_DUMP: [1] parent=0 id=null text='null' desc='null' bounds=(0,0,2460,1080) class=android.widget.LinearLayout
         1789127365.726 20544 20544 D YTV2_DUMP: [2] parent=0 id=android:id/navigationBarBackground text='null' desc='null' bounds=(2330,0,2460,1080) class=android.view.View
         1789127365.727 20544 20544 D YTV2_DUMP: [3] parent=1 id=null text='null' desc='null' bounds=(0,0,2460,1080) class=android.widget.FrameLayout
         1789127365.727 20544 20544 D YTV2_DUMP: [4] parent=3 id=com.google.android.youtube:id/action_bar_root text='null' desc='null' bounds=(0,0,2460,1080) class=android.widget.LinearLayout
         1789127365.727 20544 20544 D YTV2_DUMP: [5] parent=4 id=android:id/content text='null' desc='null' bounds=(0,0,2460,1080) class=android.widget.FrameLayout
         1789127365.727 20544 20544 D YTV2_DUMP: [6] parent=5 id=com.google.android.youtube:id/reel_time_bar text='null' desc='null' bounds=(0,0,2460,1080) class=android.view.ViewGroup
         1789127365.727 20544 20544 D YTV2_DUMP: [7] parent=5 id=com.google.android.youtube:id/more_drawer_container text='null' desc='null' bounds=(0,0,2460,1080) class=androidx.drawerlayout.widget.DrawerLayout
         1789127365.727 20544 20544 D YTV2_DUMP: [8] parent=7 id=com.google.android.youtube:id/slim_status_bar_player_container text='null' desc='null' bounds=(0,0,2460,1080) class=android.widget.FrameLayout
         1789127365.727 20544 20544 D YTV2_DUMP: [9] parent=8 id=null text='null' desc='null' bounds=(0,0,2460,104) class=android.widget.FrameLayout
         1789127365.727 20544 20544 D YTV2_DUMP: [10] parent=8 id=null text='null' desc='null' bounds=(0,0,3,3) class=android.view.View
         1789127365.727 20544 20544 D YTV2_DUMP: [11] parent=8 id=com.google.android.youtube:id/navigation_bar_divider_frame text='null' desc='null' bounds=(104,0,2330,1080) class=android.view.ViewGroup
         1789127365.728 20544 20544 D YTV2_DUMP: [12] parent=9 id=com.google.android.youtube:id/global_status_bar_view text='null' desc='null' bounds=(0,0,2460,104) class=android.view.View
         1789127365.728 20544 20544 D YTV2_DUMP: [13] parent=11 id=com.google.android.youtube:id/global_slim_status_bar_container text='null' desc='null' bounds=(104,0,2330,1080) class=android.widget.FrameLayout
         1789127365.728 20544 20544 D YTV2_DUMP: [14] parent=11 id=com.google.android.youtube:id/accessibility_layer_container text='null' desc='null' bounds=(104,0,2330,1080) class=android.widget.FrameLayout
         1789127365.728 20544 20544 D YTV2_DUMP: [15] parent=14 id=com.google.android.youtube:id/fullscreen_mode_container text='null' desc='null' bounds=(104,0,2330,0) class=android.widget.FrameLayout
         1789127365.728 20544 20544 D YTV2_DUMP: [16] parent=14 id=com.google.android.youtube:id/next_gen_watch_container_layout text='null' desc='null' bounds=(104,0,2330,1080) class=android.view.ViewGroup
         1789127365.729 20544 20544 D YTV2_DUMP: [17] parent=14 id=com.google.android.youtube:id/bottom_bar_container text='null' desc='null' bounds=(104,948,2330,1080) class=android.widget.LinearLayout
         1789127365.729 20544 20544 D YTV2_DUMP: [18] parent=16 id=com.google.android.youtube:id/watch_while_layout_coordinator_layout text='null' desc='null' bounds=(104,0,2330,1080) class=android.view.ViewGroup
         1789127365.729 20544 20544 D YTV2_DUMP: [19] parent=17 id=com.google.android.youtube:id/pivot_bar text='null' desc='null' bounds=(104,948,2330,1080) class=android.widget.HorizontalScrollView
         1789127365.729 20544 20544 D YTV2_DUMP: [20] parent=18 id=com.google.android.youtube:id/fab_container text='null' desc='null' bounds=(104,0,2330,1080) class=android.widget.FrameLayout
         1789127365.729 20544 20544 D YTV2_DUMP: [21] parent=18 id=com.google.android.youtube:id/pane_fragment_container text='null' desc='null' bounds=(104,0,2330,1080) class=android.widget.FrameLayout
         1789127365.730 20544 20544 D YTV2_DUMP: [22] parent=18 id=com.google.android.youtube:id/root_pill_container text='null' desc='null' bounds=(104,970,2330,970) class=android.widget.FrameLayout
         1789127365.730 20544 20544 D YTV2_DUMP: [23] parent=18 id=com.google.android.youtube:id/pane_fragment_footer_container text='null' desc='null' bounds=(104,1080,2330,1080) class=android.widget.FrameLayout
         1789127365.730 20544 20544 D YTV2_DUMP: [24] parent=19 id=null text='null' desc='null' bounds=(104,948,2330,1080) class=android.widget.LinearLayout
         1789127365.730 20544 20544 D YTV2_DUMP: [25] parent=21 id=com.google.android.youtube:id/browse_fragment_layout_coordinator_layout text='null' desc='null' bounds=(104,104,2330,948) class=android.widget.ScrollView
         1789127365.730 20544 20544 D YTV2_DUMP: [26] parent=24 id=null text='null' desc='Home' bounds=(104,948,549,1080) class=android.widget.Button
         1789127365.730 20544 20544 D YTV2_DUMP: [27] parent=24 id=null text='null' desc='Shorts' bounds=(549,948,994,1080) class=android.widget.Button
         1789127365.730 20544 20544 D YTV2_DUMP: [28] parent=24 id=null text='null' desc='Create' bounds=(994,948,1439,1080) class=android.widget.Button
         1789127365.731 20544 20544 D YTV2_DUMP: [29] parent=24 id=null text='null' desc='Subscriptions: New content is available' bounds=(1439,948,1884,1080) class=android.widget.Button
         1789127365.731 20544 20544 D YTV2_DUMP: [30] parent=24 id=null text='null' desc='You' bounds=(1884,948,2330,1080) class=android.widget.Button
         1789127365.731 20544 20544 D YTV2_DUMP: [31] parent=25 id=com.google.android.youtube:id/appbar_layout text='null' desc='null' bounds=(104,104,2330,236) class=android.widget.LinearLayout
         1789127365.731 20544 20544 D YTV2_DUMP: [32] parent=25 id=com.google.android.youtube:id/pane_fragment_contents text='null' desc='null' bounds=(104,236,2330,948) class=android.widget.FrameLayout
         1789127365.731 20544 20544 D YTV2_DUMP: [33] parent=26 id=com.google.android.youtube:id/thumbnail_layout text='null' desc='null' bounds=(294,960,360,1026) class=android.widget.FrameLayout
         1789127365.731 20544 20544 D YTV2_DUMP: [34] parent=26 id=com.google.android.youtube:id/text text='Home' desc='null' bounds=(285,1032,368,1069) class=android.widget.TextView
         1789127365.731 20544 20544 D YTV2_DUMP: [35] parent=27 id=com.google.android.youtube:id/thumbnail_layout text='null' desc='null' bounds=(739,960,805,1026) class=android.widget.FrameLayout
         1789127365.731 20544 20544 D YTV2_DUMP: [36] parent=27 id=com.google.android.youtube:id/text text='Shorts' desc='null' bounds=(727,1032,817,1069) class=android.widget.TextView
         1789127365.731 20544 20544 D YTV2_DUMP: [37] parent=28 id=com.google.android.youtube:id/image text='null' desc='null' bounds=(1167,966,1266,1065) class=android.widget.ImageView
         1789127365.731 20544 20544 D YTV2_DUMP: [38] parent=29 id=com.google.android.youtube:id/thumbnail_layout text='null' desc='null' bounds=(1629,960,1695,1026) class=android.widget.FrameLayout
         1789127365.731 20544 20544 D YTV2_DUMP: [39] parent=29 id=com.google.android.youtube:id/new_content_dot text='null' desc='New content available' bounds=(1667,954,1700,987) class=android.view.View
         1789127365.731 20544 20544 D YTV2_DUMP: [40] parent=29 id=com.google.android.youtube:id/text text='Subscriptions' desc='null' bounds=(1571,1032,1752,1069) class=android.widget.TextView
         1789127365.731 20544 20544 D YTV2_DUMP: [41] parent=30 id=com.google.android.youtube:id/thumbnail_layout text='null' desc='null' bounds=(2074,960,2140,1026) class=android.widget.FrameLayout
         1789127365.731 20544 20544 D YTV2_DUMP: [42] parent=30 id=com.google.android.youtube:id/text text='You' desc='null' bounds=(2081,1032,2134,1069) class=android.widget.TextView
         1789127365.731 20544 20544 D YTV2_DUMP: [43] parent=31 id=com.google.android.youtube:id/toolbar_container text='null' desc='null' bounds=(104,104,2330,236) class=android.widget.FrameLayout
         1789127365.731 20544 20544 D YTV2_DUMP: [44] parent=32 id=com.google.android.youtube:id/loading_layout text='null' desc='null' bounds=(104,236,2330,948) class=android.widget.FrameLayout
         1789127365.731 20544 20544 D YTV2_DUMP: [45] parent=33 id=com.google.android.youtube:id/image text='null' desc='null' bounds=(294,960,360,1026) class=android.widget.ImageView
         1789127365.731 20544 20544 D YTV2_DUMP: [46] parent=35 id=com.google.android.youtube:id/image text='null' desc='null' bounds=(739,960,805,1026) class=android.widget.ImageView
         1789127365.732 20544 20544 D YTV2_DUMP: [47] parent=38 id=com.google.android.youtube:id/image text='null' desc='null' bounds=(1629,960,1695,1026) class=android.widget.ImageView
         1789127365.732 20544 20544 D YTV2_DUMP: [48] parent=41 id=com.google.android.youtube:id/pivot_bar_thumbnail text='null' desc='null' bounds=(2074,960,2140,1026) class=android.widget.ImageView
         1789127365.732 20544 20544 D YTV2_DUMP: [49] parent=43 id=com.google.android.youtube:id/collapsing_header_container text='null' desc='null' bounds=(104,104,2330,104) class=android.widget.FrameLayout
         1789127365.732 20544 20544 D YTV2_DUMP: [50] parent=43 id=com.google.android.youtube:id/toolbar text='null' desc='null' bounds=(104,104,2330,236) class=android.view.ViewGroup
         1789127365.732 20544 20544 D YTV2_DUMP: [51] parent=44 id=com.google.android.youtube:id/results text='null' desc='null' bounds=(104,236,2330,948) class=android.support.v7.widget.RecyclerView
         1789127365.732 20544 20544 D YTV2_DUMP: [52] parent=50 id=null text='null' desc='Navigate up' bounds=(104,104,258,236) class=android.widget.ImageButton
         1789127365.732 20544 20544 D YTV2_DUMP: [53] parent=50 id=null text='null' desc='null' bounds=(258,104,2219,236) class=android.widget.RelativeLayout
         1789127365.732 20544 20544 D YTV2_DUMP: [54] parent=50 id=null text='null' desc='null' bounds=(2219,104,2330,236) class=android.support.v7.widget.LinearLayoutCompat
         1789127365.732 20544 20544 D YTV2_DUMP: [55] parent=51 id=null text='null' desc='null' bounds=(104,236,2330,610) class=android.widget.Button
         1789127365.732 20544 20544 D YTV2_DUMP: [56] parent=51 id=null text='null' desc='null' bounds=(104,610,2330,948) class=android.view.ViewGroup
         1789127365.732 20544 20544 D YTV2_DUMP: [57] parent=53 id=com.google.android.youtube:id/search_box text='null' desc='null' bounds=(258,104,2087,236) class=android.widget.LinearLayout
         1789127365.732 20544 20544 D YTV2_DUMP: [58] parent=53 id=com.google.android.youtube:id/voice_search text='null' desc='Voice search' bounds=(2087,104,2219,236) class=android.widget.ImageView
         1789127365.732 20544 20544 D YTV2_DUMP: [59] parent=54 id=null text='null' desc='More options' bounds=(2219,104,2330,236) class=android.widget.ImageView
         1789127365.732 20544 20544 D YTV2_DUMP: [60] parent=55 id=null text='null' desc='Go to channel' bounds=(148,251,451,554) class=android.widget.Button
         1789127365.732 20544 20544 D YTV2_DUMP: [61] parent=55 id=null text='PARMAR SSC' desc='PARMAR SSC' bounds=(495,239,927,321) class=android.view.ViewGroup
         1789127365.732 20544 20544 D YTV2_DUMP: [62] parent=55 id=null text='@parmarssc' desc='@parmarssc' bounds=(495,321,700,369) class=android.view.ViewGroup
         1789127365.732 20544 20544 D YTV2_DUMP: [63] parent=55 id=null text='25 lakh subscribers • 3K videos' desc='25 lakh subscribers • 3K videos' bounds=(495,375,1036,423) class=android.view.ViewGroup
         1789127365.732 20544 20544 D YTV2_DUMP: [64] parent=55 id=null text='null' desc='null' bounds=(495,456,2275,566) class=android.view.ViewGroup
         1789127365.733 20544 20544 D YTV2_DUMP: [65] parent=56 id=null text='null' desc='null' bounds=(104,610,2330,742) class=android.view.ViewGroup
         1789127365.733 20544 20544 D YTV2_DUMP: [66] parent=56 id=null text='null' desc='null' bounds=(104,742,2330,948) class=android.view.ViewGroup
         1789127365.733 20544 20544 D YTV2_DUMP: [67] parent=57 id=com.google.android.youtube:id/search_query text='parmar ssc' desc='null' bounds=(258,126,1955,214) class=android.widget.TextView
         1789127365.733 20544 20544 D YTV2_DUMP: [68] parent=57 id=com.google.android.youtube:id/search_clear text='null' desc='Clear' bounds=(1955,104,2087,236) class=android.widget.ImageView
         1789127365.734 20544 20544 D YTV2_DUMP: [69] parent=64 id=null text='null' desc='null' bounds=(495,456,2275,566) class=android.support.v7.widget.RecyclerView
         1789127365.734 20544 20544 D YTV2_DUMP: [70] parent=65 id=null text='null' desc='Latest videos' bounds=(148,644,481,708) class=android.view.ViewGroup
         1789127365.734 20544 20544 D YTV2_DUMP: [71] parent=66 id=null text='null' desc='null' bounds=(104,742,2330,948) class=android.support.v7.widget.RecyclerView
         1789127365.734 20544 20544 D YTV2_DUMP: [72] parent=69 id=null text='null' desc='null' bounds=(495,456,805,566) class=android.view.ViewGroup
         1789127365.734 20544 20544 D YTV2_DUMP: [73] parent=69 id=null text='null' desc='null' bounds=(805,456,1198,566) class=android.view.ViewGroup
         1789127365.734 20544 20544 D YTV2_DUMP: [74] parent=69 id=null text='null' desc='null' bounds=(1198,456,1629,566) class=android.view.ViewGroup
         1789127365.734 20544 20544 D YTV2_DUMP: [75] parent=70 id=null text='Latest videos' desc='Latest videos' bounds=(148,644,481,708) class=android.view.ViewGroup
         1789127365.735 20544 20544 D YTV2_DUMP: [76] parent=71 id=null text='null' desc='null' bounds=(104,742,126,948) class=android.view.ViewGroup
         1789127365.735 20544 20544 D YTV2_DUMP: [77] parent=71 id=null text='null' desc='null' bounds=(126,742,1280,948) class=android.view.ViewGroup
         1789127365.735 20544 20544 D YTV2_DUMP: [78] parent=71 id=null text='null' desc='null' bounds=(1280,742,2330,948) class=android.view.ViewGroup
         1789127365.735 20544 20544 D YTV2_DUMP: [79] parent=72 id=null text='null' desc='Subscribe to PARMAR SSC.' bounds=(495,456,783,566) class=android.widget.Button
         1789127365.735 20544 20544 D YTV2_DUMP: [80] parent=73 id=null text='null' desc='View Channel' bounds=(805,456,1176,566) class=android.widget.Button
         1789127365.735 20544 20544 D YTV2_DUMP: [81] parent=74 id=null text='null' desc='Community' bounds=(1198,456,1607,566) class=android.widget.Button
         1789127365.735 20544 20544 D YTV2_DUMP: [82] parent=76 id=null text='null' desc='SSC STENO 2026 | Most EXPECTED PAPER Based on 11 SEP ALL SHIFTS Exams –  –  – PARMAR SSC, verified - Scheduled for 11/09/26, 20:30 - Upcoming – play video' bounds=(104,742,126,948) class=android.widget.Button
         1789127365.735 20544 20544 D YTV2_DUMP: [83] parent=77 id=null text='null' desc='SSC CGL 2027 | PARMAR'S MATHS FOUNDATION BATCH | COMPLETE STRATEGY – 48 minutes, 41 seconds –  – PARMAR SSC, verified - 27K views - 5 hours ago – play video' bounds=(126,742,1280,948) class=android.widget.Button
         1789127365.735 20544 20544 D YTV2_DUMP: [84] parent=78 id=null text='null' desc='SSC STENO 2026 | Most EXPECTED PAPER Based on 10 SEP ALL SHIFTS Exams – 46 minutes, 21 seconds –  – PARMAR SSC, verified - 1 lakh views - Streamed 21 hours ago – play video' bounds=(1280,742,2330,948) class=android.widget.Button
         1789127365.735 20544 20544 D YTV2_DUMP: [85] parent=79 id=null text='null' desc='null' bounds=(495,483,783,540) class=android.view.ViewGroup
         1789127365.735 20544 20544 D YTV2_DUMP: [86] parent=80 id=null text='View Channel' desc='View Channel' bounds=(852,484,1129,537) class=android.view.ViewGroup
         1789127365.735 20544 20544 D YTV2_DUMP: [87] parent=81 id=null text='null' desc='null' bounds=(1245,478,1311,544) class=android.widget.ImageView
         1789127365.736 20544 20544 D YTV2_DUMP: [88] parent=81 id=null text='Community' desc='Community' bounds=(1328,484,1560,537) class=android.view.ViewGroup
         1789127365.736 20544 20544 D YTV2_DUMP: [89] parent=83 id=null text='null' desc='null' bounds=(148,756,1258,948) class=android.view.ViewGroup
         1789127365.736 20544 20544 D YTV2_DUMP: [90] parent=83 id=null text='null' desc='null' bounds=(181,789,1225,789) class=android.view.ViewGroup
         1789127365.736 20544 20544 D YTV2_DUMP: [91] parent=84 id=null text='null' desc='null' bounds=(1302,756,2330,948) class=android.view.ViewGroup
         1789127365.736 20544 20544 D YTV2_DUMP: [92] parent=84 id=null text='null' desc='null' bounds=(1335,789,2330,789) class=android.view.ViewGroup
         1789127365.736 20544 20544 D YTV2_DUMP: [93] parent=85 id=null text='Subscribe' desc='Subscribe' bounds=(495,483,783,540) class=android.view.ViewGroup
         1789127365.736 20544 20544 D YTV2_DUMP: [94] parent=89 id=null text='null' desc='null' bounds=(148,756,1258,948) class=android.widget.ImageView
         1789127365.736 20544 20544 D YTV2_DUMP: [95] parent=91 id=null text='null' desc='null' bounds=(1302,756,2330,948) class=android.widget.ImageView
         1789127365.748 20544 20544 D YTV2_DUMP: --> PARSED: kind=NON_PLAYBACK watchConfirmed=false title='null' handle='null' display='null' channelId='null'
         1789127372.982 20544 20544 D YTV2_DUMP: [0] parent=null id=null text='null' desc='null' bounds=(0,0,2460,1080) class=android.widget.FrameLayout
         1789127372.982 20544 20544 D YTV2_DUMP: [1] parent=0 id=null text='null' desc='null' bounds=(0,0,2460,1080) class=android.widget.LinearLayout
         1789127372.982 20544 20544 D YTV2_DUMP: [2] parent=1 id=null text='null' desc='null' bounds=(0,0,2460,1080) class=android.widget.FrameLayout
         1789127372.982 20544 20544 D YTV2_DUMP: [3] parent=2 id=com.google.android.youtube:id/action_bar_root text='null' desc='null' bounds=(0,0,2460,1080) class=android.widget.LinearLayout
         1789127372.982 20544 20544 D YTV2_DUMP: [4] parent=3 id=android:id/content text='null' desc='null' bounds=(0,0,2460,1080) class=android.widget.FrameLayout
         1789127372.982 20544 20544 D YTV2_DUMP: [5] parent=4 id=com.google.android.youtube:id/more_drawer_container text='null' desc='null' bounds=(0,0,2460,1080) class=androidx.drawerlayout.widget.DrawerLayout
         1789127372.982 20544 20544 D YTV2_DUMP: [6] parent=4 id=com.google.android.youtube:id/reel_time_bar text='null' desc='null' bounds=(0,0,2460,1080) class=android.view.ViewGroup
         1789127372.982 20544 20544 D YTV2_DUMP: [7] parent=5 id=com.google.android.youtube:id/slim_status_bar_player_container text='null' desc='null' bounds=(0,0,2460,1080) class=android.widget.FrameLayout
         1789127372.982 20544 20544 D YTV2_DUMP: [8] parent=7 id=com.google.android.youtube:id/navigation_bar_divider_frame text='null' desc='null' bounds=(0,0,2460,1080) class=android.view.ViewGroup
         1789127372.983 20544 20544 D YTV2_DUMP: [9] parent=7 id=null text='null' desc='null' bounds=(0,0,2460,104) class=android.widget.FrameLayout
         1789127372.983 20544 20544 D YTV2_DUMP: [10] parent=7 id=null text='null' desc='null' bounds=(0,0,3,3) class=android.view.View
         1789127372.983 20544 20544 D YTV2_DUMP: [11] parent=8 id=com.google.android.youtube:id/global_slim_status_bar_container text='null' desc='null' bounds=(0,0,2460,1080) class=android.widget.FrameLayout
         1789127372.983 20544 20544 D YTV2_DUMP: [12] parent=8 id=com.google.android.youtube:id/accessibility_layer_container text='null' desc='null' bounds=(0,0,2460,1080) class=android.widget.FrameLayout
         1789127372.983 20544 20544 D YTV2_DUMP: [13] parent=12 id=com.google.android.youtube:id/fullscreen_mode_container text='null' desc='null' bounds=(0,0,2460,0) class=android.widget.FrameLayout
         1789127372.983 20544 20544 D YTV2_DUMP: [14] parent=12 id=com.google.android.youtube:id/next_gen_watch_container_layout text='null' desc='null' bounds=(0,0,2460,1080) class=android.view.ViewGroup
         1789127372.983 20544 20544 D YTV2_DUMP: [15] parent=12 id=com.google.android.youtube:id/bottom_bar_container text='null' desc='null' bounds=(0,1080,2460,1080) class=android.widget.LinearLayout
         1789127372.983 20544 20544 D YTV2_DUMP: [16] parent=14 id=com.google.android.youtube:id/scrim_view text='null' desc='null' bounds=(0,0,2460,1080) class=android.view.View
         1789127372.983 20544 20544 D YTV2_DUMP: [17] parent=14 id=com.google.android.youtube:id/next_gen_watch_layout_no_player_fragment_container text='null' desc='null' bounds=(0,0,2460,1080) class=android.view.ViewGroup
         1789127372.983 20544 20544 D YTV2_DUMP: [18] parent=17 id=com.google.android.youtube:id/watch_player text='null' desc='Video player' bounds=(0,0,2460,1080) class=android.widget.FrameLayout
         1789127372.983 20544 20544 D YTV2_DUMP: [19] parent=17 id=com.google.android.youtube:id/watch_while_time_bar_view text='null' desc='null' bounds=(0,0,2460,1080) class=android.view.ViewGroup
         1789127372.983 20544 20544 D YTV2_DUMP: [20] parent=17 id=com.google.android.youtube:id/watch_player_background text='null' desc='null' bounds=(0,0,2460,1080) class=android.widget.FrameLayout
         1789127372.983 20544 20544 D YTV2_DUMP: [21] parent=17 id=com.google.android.youtube:id/floaty_bar_controls_view text='null' desc='Minimised player' bounds=(1852,398,2204,926) class=android.widget.FrameLayout
         1789127372.983 20544 20544 D YTV2_DUMP: [22] parent=18 id=com.google.android.youtube:id/playerless_thumbnail text='null' desc='null' bounds=(0,0,2460,1080) class=android.widget.ImageView
         1789127372.983 20544 20544 D YTV2_DUMP: [23] parent=18 id=com.google.android.youtube:id/player_overlays text='null' desc='null' bounds=(0,0,2460,1080) class=android.view.ViewGroup
         1789127372.983 20544 20544 D YTV2_DUMP: [24] parent=18 id=com.google.android.youtube:id/player_fragment_container text='null' desc='null' bounds=(0,0,2460,1080) class=android.widget.FrameLayout
         1789127372.983 20544 20544 D YTV2_DUMP: [25] parent=18 id=null text='null' desc='null' bounds=(0,0,1,1) class=android.view.View
         1789127372.983 20544 20544 D YTV2_DUMP: [26] parent=20 id=com.google.android.youtube:id/cinematic_image_background text='null' desc='null' bounds=(0,0,2460,1080) class=android.widget.ImageView
         1789127372.983 20544 20544 D YTV2_DUMP: [27] parent=20 id=com.google.android.youtube:id/cinematic_scrim text='null' desc='null' bounds=(0,0,2460,1080) class=android.widget.ImageView
         1789127372.983 20544 20544 D YTV2_DUMP: [28] parent=23 id=null text='null' desc='null' bounds=(0,0,2460,1080) class=android.widget.FrameLayout
         1789127372.983 20544 20544 D YTV2_DUMP: [29] parent=23 id=null text='null' desc='null' bounds=(0,0,2460,1080) class=android.widget.FrameLayout
         1789127372.983 20544 20544 D YTV2_DUMP: [30] parent=23 id=null text='null' desc='null' bounds=(0,0,2460,1080) class=android.widget.FrameLayout
         1789127372.983 20544 20544 D YTV2_DUMP: [31] parent=23 id=null text='null' desc='null' bounds=(0,0,2460,1080) class=android.widget.FrameLayout
         1789127372.983 20544 20544 D YTV2_DUMP: [32] parent=23 id=null text='null' desc='null' bounds=(0,0,2460,1080) class=android.widget.FrameLayout
         1789127372.983 20544 20544 D YTV2_DUMP: [33] parent=23 id=null text='null' desc='null' bounds=(0,0,2460,1080) class=android.widget.FrameLayout
         1789127372.983 20544 20544 D YTV2_DUMP: [34] parent=23 id=null text='null' desc='null' bounds=(0,0,2460,1080) class=android.widget.FrameLayout
         1789127372.983 20544 20544 D YTV2_DUMP: [35] parent=23 id=null text='null' desc='null' bounds=(0,0,2460,1080) class=android.widget.FrameLayout
         1789127372.983 20544 20544 D YTV2_DUMP: [36] parent=23 id=null text='null' desc='null' bounds=(0,0,2460,1080) class=android.widget.FrameLayout
         1789127372.983 20544 20544 D YTV2_DUMP: [37] parent=23 id=com.google.android.youtube:id/player_overlays_custom_views_container text='null' desc='null' bounds=(130,0,2330,1080) class=android.widget.FrameLayout
         1789127372.983 20544 20544 D YTV2_DUMP: [38] parent=23 id=null text='null' desc='null' bounds=(130,0,2330,1080) class=android.widget.FrameLayout
         1789127372.983 20544 20544 D YTV2_DUMP: [39] parent=23 id=null text='null' desc='null' bounds=(130,0,2330,1080) class=android.widget.RelativeLayout
         1789127372.983 20544 20544 D YTV2_DUMP: [40] parent=23 id=null text='null' desc='null' bounds=(130,0,2330,1080) class=android.widget.FrameLayout
         1789127372.983 20544 20544 D YTV2_DUMP: [41] parent=23 id=null text='null' desc='null' bounds=(130,0,2330,1080) class=android.widget.FrameLayout
         1789127372.983 20544 20544 D YTV2_DUMP: [42] parent=23 id=null text='null' desc='null' bounds=(130,0,2330,1080) class=android.widget.FrameLayout
         1789127372.983 20544 20544 D YTV2_DUMP: [43] parent=24 id=com.google.android.youtube:id/player_view text='null' desc='null' bounds=(0,0,2460,1080) class=android.view.ViewGroup
         1789127372.983 20544 20544 D YTV2_DUMP: [44] parent=28 id=null text='null' desc='null' bounds=(0,0,2460,1080) class=android.widget.FrameLayout
         1789127372.983 20544 20544 D YTV2_DUMP: [45] parent=29 id=null text='null' desc='null' bounds=(0,0,2460,1080) class=android.widget.FrameLayout
         1789127372.983 20544 20544 D YTV2_DUMP: [46] parent=30 id=null text='null' desc='null' bounds=(0,0,2460,1080) class=android.widget.FrameLayout
         1789127372.983 20544 20544 D YTV2_DUMP: [47] parent=31 id=null text='null' desc='null' bounds=(0,0,2460,1080) class=android.widget.FrameLayout
         1789127372.983 20544 20544 D YTV2_DUMP: [48] parent=32 id=com.google.android.youtube:id/youtube_controls_overlay text='null' desc='null' bounds=(0,0,2460,1080) class=android.widget.FrameLayout
         1789127372.983 20544 20544 D YTV2_DUMP: [49] parent=35 id=null text='null' desc='null' bounds=(0,0,2460,1080) class=android.widget.FrameLayout
         1789127372.983 20544 20544 D YTV2_DUMP: [50] parent=36 id=com.google.android.youtube:id/fullscreen_engagement_panel_holder text='null' desc='null' bounds=(1450,0,2330,1080) class=android.view.ViewGroup
         1789127372.983 20544 20544 D YTV2_DUMP: [51] parent=41 id=null text='null' desc='null' bounds=(130,0,2330,1080) class=android.widget.FrameLayout
         1789127372.983 20544 20544 D YTV2_DUMP: [52] parent=42 id=null text='null' desc='null' bounds=(130,0,2330,1080) class=android.widget.FrameLayout
         1789127372.983 20544 20544 D YTV2_DUMP: [53] parent=43 id=null text='null' desc='null' bounds=(270,0,2190,1080) class=android.view.ViewGroup
         1789127372.983 20544 20544 D YTV2_DUMP: [54] parent=44 id=null text='null' desc='null' bounds=(0,0,2460,1080) class=android.view.ViewGroup
         1789127372.983 20544 20544 D YTV2_DUMP: [55] parent=45 id=null text='null' desc='null' bounds=(0,0,2460,1080) class=android.view.ViewGroup
         1789127372.983 20544 20544 D YTV2_DUMP: [56] parent=46 id=null text='null' desc='null' bounds=(0,0,2460,1080) class=android.view.ViewGroup
         1789127372.983 20544 20544 D YTV2_DUMP: [57] parent=47 id=null text='null' desc='null' bounds=(0,0,2460,1080) class=android.view.ViewGroup
         1789127372.983 20544 20544 D YTV2_DUMP: [58] parent=48 id=com.google.android.youtube:id/inset_controls_overlay_wrapper text='null' desc='null' bounds=(0,0,2460,1080) class=android.widget.FrameLayout
         1789127372.983 20544 20544 D YTV2_DUMP: [59] parent=48 id=com.google.android.youtube:id/top_gradient_scrim_overlay text='null' desc='null' bounds=(0,0,2460,495) class=android.widget.ImageView
         1789127372.983 20544 20544 D YTV2_DUMP: [60] parent=48 id=com.google.android.youtube:id/bottom_gradient_scrim_overlay text='null' desc='null' bounds=(0,585,2460,1080) class=android.widget.ImageView
         1789127372.983 20544 20544 D YTV2_DUMP: [61] parent=49 id=null text='null' desc='null' bounds=(0,0,2460,1080) class=android.view.ViewGroup
         1789127372.983 20544 20544 D YTV2_DUMP: [62] parent=51 id=null text='null' desc='null' bounds=(130,88,2330,766) class=android.view.ViewGroup
         1789127372.983 20544 20544 D YTV2_DUMP: [63] parent=52 id=null text='null' desc='null' bounds=(130,88,2330,766) class=android.view.ViewGroup
         1789127372.983 20544 20544 D YTV2_DUMP: [64] parent=53 id=null text='null' desc='null' bounds=(270,0,2190,1080) class=android.view.ViewGroup
         1789127372.983 20544 20544 D YTV2_DUMP: [65] parent=58 id=com.google.android.youtube:id/inset_overlay_view_layout text='null' desc='null' bounds=(0,0,2460,1080) class=android.widget.FrameLayout
         1789127372.983 20544 20544 D YTV2_DUMP: [66] parent=61 id=null text='null' desc='null' bounds=(826,608,1632,752) class=android.view.ViewGroup
         1789127372.983 20544 20544 D YTV2_DUMP: [67] parent=63 id=null text='null' desc='null' bounds=(268,645,700,733) class=android.view.ViewGroup
         1789127372.983 20544 20544 D YTV2_DUMP: [68] parent=64 id=null text='null' desc='null' bounds=(270,0,2190,1080) class=android.view.View
         1789127372.983 20544 20544 D YTV2_DUMP: [69] parent=64 id=null text='null' desc='null' bounds=(270,0,2190,1080) class=android.view.View
         1789127372.983 20544 20544 D YTV2_DUMP: [70] parent=65 id=com.google.android.youtube:id/controls_layout text='null' desc='null' bounds=(0,0,2460,1080) class=android.widget.RelativeLayout
         1789127372.983 20544 20544 D YTV2_DUMP: [71] parent=65 id=com.google.android.youtube:id/watch_while_time_bar_view_overlay text='null' desc='null' bounds=(0,0,2460,1080) class=android.view.ViewGroup
         1789127372.983 20544 20544 D YTV2_DUMP: [72] parent=65 id=null text='null' desc='null' bounds=(0,132,2460,1080) class=android.widget.LinearLayout
         1789127372.983 20544 20544 D YTV2_DUMP: [73] parent=66 id=com.google.android.youtube:id/subtitle_window_identifier text='भी सिंपल थे। फ्रेजेस थोड़ी हार्ड थी। वन' desc='भी सिंपल थे। फ्रेजेस थोड़ी हार्ड थी। वन' bounds=(834,616,1521,743) class=android.view.View
         1789127372.983 20544 20544 D YTV2_DUMP: [74] parent=66 id=com.google.android.youtube:id/subtitle_window_identifier text='वर्ड थे और होमोनिम्स नहीं थे आज। और' desc='वर्ड थे और होमोनिम्स नहीं थे आज। और' bounds=(834,680,1624,744) class=android.view.View
         1789127372.983 20544 20544 D YTV2_DUMP: [75] parent=67 id=null text='null' desc='View products' bounds=(268,645,700,733) class=android.widget.Button
         1789127372.983 20544 20544 D YTV2_DUMP: [76] parent=67 id=null text='null' desc='null' bounds=(298,662,353,717) class=android.widget.ImageView
         1789127372.983 20544 20544 D YTV2_DUMP: [77] parent=67 id=null text='null' desc='null' bounds=(298,662,353,717) class=android.view.ViewGroup
         1789127372.983 20544 20544 D YTV2_DUMP: [78] parent=67 id=null text='null' desc='null' bounds=(370,664,612,713) class=android.view.ViewGroup
         1789127372.983 20544 20544 D YTV2_DUMP: [79] parent=67 id=null text='null' desc='Dismiss' bounds=(612,645,700,733) class=android.widget.Button
         1789127372.983 20544 20544 D YTV2_DUMP: [80] parent=67 id=null text='null' desc='null' bounds=(631,664,681,714) class=android.widget.ImageView
         1789127372.983 20544 20544 D YTV2_DUMP: [81] parent=70 id=com.google.android.youtube:id/title_anchor text='null' desc='null' bounds=(240,0,240,0) class=android.view.View
         1789127372.983 20544 20544 D YTV2_DUMP: [82] parent=70 id=com.google.android.youtube:id/player_collapse_button text='null' desc='Minimise' bounds=(130,0,262,132) class=android.widget.ImageView
         1789127372.983 20544 20544 D YTV2_DUMP: [83] parent=70 id=com.google.android.youtube:id/player_video_heading text='null' desc='null' bounds=(284,0,1912,166) class=android.widget.FrameLayout
         1789127372.983 20544 20544 D YTV2_DUMP: [84] parent=70 id=com.google.android.youtube:id/ads_additional_view_container text='null' desc='null' bounds=(2198,6,2198,6) class=android.widget.LinearLayout
         1789127372.983 20544 20544 D YTV2_DUMP: [85] parent=70 id=com.google.android.youtube:id/player_additional_view_container text='null' desc='null' bounds=(1912,6,2198,138) class=android.widget.LinearLayout
         1789127372.983 20544 20544 D YTV2_DUMP: [86] parent=70 id=com.google.android.youtube:id/player_overflow_button text='null' desc='More options' bounds=(2198,6,2330,138) class=android.widget.ImageView
         1789127372.983 20544 20544 D YTV2_DUMP: [87] parent=70 id=com.google.android.youtube:id/controls_button_group_layout text='null' desc='null' bounds=(130,430,2330,650) class=android.widget.RelativeLayout
         1789127372.984 20544 20544 D YTV2_DUMP: [88] parent=70 id=com.google.android.youtube:id/youtube_controls_bottom_ui_container text='null' desc='null' bounds=(130,606,2330,1080) class=android.view.ViewGroup
         1789127372.984 20544 20544 D YTV2_DUMP: [89] parent=71 id=null text='null' desc='18 minutes 12 seconds of 46 minutes 20 seconds' bounds=(163,831,2297,930) class=android.widget.SeekBar
         1789127372.984 20544 20544 D YTV2_DUMP: [90] parent=72 id=com.google.android.youtube:id/related_endscreen_results text='null' desc='Related videos and playlists. Swipe up with two fingers to open' bounds=(0,1058,2460,1080) class=android.support.v7.widget.RecyclerView
         1789127372.984 20544 20544 D YTV2_DUMP: [91] parent=83 id=null text='null' desc='null' bounds=(284,0,1912,166) class=android.view.ViewGroup
         1789127372.984 20544 20544 D YTV2_DUMP: [92] parent=85 id=com.google.android.youtube:id/player_mdx_entry_point_button text='null' desc='Cast' bounds=(1923,6,2055,138) class=android.widget.Button
         1789127372.984 20544 20544 D YTV2_DUMP: [93] parent=85 id=com.google.android.youtube:id/player_subtitle_button text='null' desc='Captions' bounds=(2066,6,2198,138) class=android.widget.ImageView
         1789127372.984 20544 20544 D YTV2_DUMP: [94] parent=87 id=com.google.android.youtube:id/player_control_play_pause_replay_button_touch_area text='null' desc='null' bounds=(1120,430,1340,650) class=android.widget.FrameLayout
         1789127372.984 20544 20544 D YTV2_DUMP: [95] parent=88 id=com.google.android.youtube:id/big_boards_timestamp_viewstub_holder text='null' desc='null' bounds=(130,695,2330,783) class=android.widget.FrameLayout
         1789127372.984 20544 20544 D YTV2_DUMP: [96] parent=88 id=com.google.android.youtube:id/timestamps_container text='null' desc='18 minutes 13 seconds elapsed of 46 minutes 20 seconds' bounds=(163,750,421,882) class=android.widget.LinearLayout
         1789127372.984 20544 20544 D YTV2_DUMP: [97] parent=88 id=com.google.android.youtube:id/time_bar_chapter_title_container text='null' desc='null' bounds=(399,746,2165,882) class=android.widget.FrameLayout
         1789127372.984 20544 20544 D YTV2_DUMP: [98] parent=88 id=com.google.android.youtube:id/fullscreen_button text='null' desc='Enter full screen' bounds=(2165,750,2330,882) class=android.widget.ImageView
         1789127372.984 20544 20544 D YTV2_DUMP: [99] parent=88 id=com.google.android.youtube:id/bottom_end_container text='null' desc='null' bounds=(2165,874,2165,882) class=android.widget.LinearLayout
         1789127372.984 20544 20544 D YTV2_DUMP: [100] parent=88 id=com.google.android.youtube:id/quick_actions_container text='null' desc='null' bounds=(130,882,2330,1080) class=android.widget.FrameLayout
         1789127372.984 20544 20544 D YTV2_DUMP: [101] parent=90 id=null text='null' desc='Vishwanath & Sons | Hindi Trailer | Suriya, Mamitha Baiju | Netflix India – 3 minutes, 2 seconds – Go to channel Netflix India – Netflix India, verified - 69K views - 3 hours ago – play video' bounds=(152,1058,1230,1080) class=android.view.ViewGroup
         1789127372.984 20544 20544 D YTV2_DUMP: [102] parent=90 id=null text='null' desc='SSC Steno Exam 2026 | 11 September 1st Shift Review | Students ने बताया सच – 6 minutes, 25 seconds – Go to channel शिक्षा Spot  – शिक्षा Spot  - 4.2K views - 5 hours ago – play video' bounds=(1230,1058,2308,1080) class=android.view.ViewGroup
         1789127372.984 20544 20544 D YTV2_DUMP: [103] parent=90 id=null text='null' desc='SSC CHSL Previous Year Cut Off | SSC CHSL Cut Off Analysis | SSC CHSL 2026 Expected Cut Off? – 9 minutes, 53 seconds –  – Testbook, verified - 6.2K views - Streamed 2 days ago – play video' bounds=(2308,1058,2460,1080) class=android.view.ViewGroup
         1789127372.984 20544 20544 D YTV2_DUMP: [104] parent=91 id=null text='null' desc='null' bounds=(284,0,1802,166) class=android.widget.Button
         1789127372.984 20544 20544 D YTV2_DUMP: [105] parent=94 id=com.google.android.youtube:id/player_control_play_pause_replay_button text='null' desc='Pause video' bounds=(1153,463,1307,617) class=android.widget.ImageView
         1789127372.984 20544 20544 D YTV2_DUMP: [106] parent=96 id=com.google.android.youtube:id/timestamps_inner_container text='null' desc='null' bounds=(163,770,421,840) class=android.widget.LinearLayout
         1789127372.984 20544 20544 D YTV2_DUMP: [107] parent=97 id=com.google.android.youtube:id/time_bar_entry_point_tap_container text='null' desc='null' bounds=(399,746,733,882) class=android.widget.Button
         1789127372.984 20544 20544 D YTV2_DUMP: [108] parent=100 id=com.google.android.youtube:id/quick_actions_element_container text='null' desc='null' bounds=(130,915,2330,1080) class=android.widget.FrameLayout
         1789127372.984 20544 20544 D YTV2_DUMP: [109] parent=101 id=null text='null' desc='Vishwanath & Sons | Hindi Trailer | Suriya, Mamitha Baiju | Netflix India – 3 minutes, 2 seconds – Go to channel Netflix India – Netflix India, verified - 69K views - 3 hours ago – play video' bounds=(174,1080,1208,1080) class=android.widget.Button
         1789127372.984 20544 20544 D YTV2_DUMP: [110] parent=102 id=null text='null' desc='SSC Steno Exam 2026 | 11 September 1st Shift Review | Students ने बताया सच – 6 minutes, 25 seconds – Go to channel शिक्षा Spot  – शिक्षा Spot  - 4.2K views - 5 hours ago – play video' bounds=(1252,1080,2286,1080) class=android.widget.Button
         1789127372.984 20544 20544 D YTV2_DUMP: [111] parent=103 id=null text='null' desc='SSC CHSL Previous Year Cut Off | SSC CHSL Cut Off Analysis | SSC CHSL 2026 Expected Cut Off? – 9 minutes, 53 seconds –  – Testbook, verified - 6.2K views - Streamed 2 days ago – play video' bounds=(2330,1080,2460,1080) class=android.widget.Button
         1789127372.984 20544 20544 D YTV2_DUMP: [112] parent=104 id=null text='SSC STENO 2026 | Most EXPECTED PAPER Based on 10 SEP ALL SHIFTS Exams' desc='SSC STENO 2026 | Most EXPECTED PAPER Based on 10 SEP ALL SHIFTS Exams' bounds=(284,33,1802,96) class=android.view.ViewGroup
         1789127372.984 20544 20544 D YTV2_DUMP: [113] parent=104 id=null text='@parmarssc' desc='@parmarssc' bounds=(284,107,1802,155) class=android.view.ViewGroup
         1789127372.984 20544 20544 D YTV2_DUMP: [114] parent=106 id=com.google.android.youtube:id/time_bar_current_time text='18:13' desc='null' bounds=(185,781,269,829) class=android.widget.TextView
         1789127372.984 20544 20544 D YTV2_DUMP: [115] parent=106 id=com.google.android.youtube:id/time_bar_total_time text=' / 46:20' desc='null' bounds=(269,781,399,829) class=android.widget.TextView
         1789127372.984 20544 20544 D YTV2_DUMP: [116] parent=107 id=com.google.android.youtube:id/time_bar_timeline_title text='In this video' desc='In this video' bounds=(438,768,733,838) class=android.widget.TextView
         1789127372.984 20544 20544 D YTV2_DUMP: [117] parent=108 id=null text='null' desc='null' bounds=(130,915,2330,1080) class=android.view.ViewGroup
         1789127372.984 20544 20544 D YTV2_DUMP: [118] parent=109 id=null text='null' desc='null' bounds=(174,1080,1208,1080) class=android.view.ViewGroup
         1789127372.984 20544 20544 D YTV2_DUMP: [119] parent=109 id=null text='null' desc='null' bounds=(174,1662,1208,1080) class=android.view.ViewGroup
         1789127372.984 20544 20544 D YTV2_DUMP: [120] parent=110 id=null text='null' desc='null' bounds=(1252,1080,2286,1080) class=android.view.ViewGroup
         1789127372.984 20544 20544 D YTV2_DUMP: [121] parent=110 id=null text='null' desc='null' bounds=(1252,1662,2286,1080) class=android.view.ViewGroup
         1789127372.984 20544 20544 D YTV2_DUMP: [122] parent=111 id=null text='null' desc='null' bounds=(2330,1080,2460,1080) class=android.view.ViewGroup
         1789127372.984 20544 20544 D YTV2_DUMP: [123] parent=111 id=null text='null' desc='null' bounds=(2330,1662,2460,1080) class=android.view.ViewGroup
         1789127372.984 20544 20544 D YTV2_DUMP: [124] parent=117 id=null text='null' desc='like this video along with 1,663 other people' bounds=(163,915,292,1047) class=android.widget.ToggleButton
         1789127372.984 20544 20544 D YTV2_DUMP: [125] parent=117 id=null text='null' desc='Dislike this video' bounds=(292,915,424,1047) class=android.widget.ToggleButton
         1789127372.984 20544 20544 D YTV2_DUMP: [126] parent=117 id=null text='null' desc='Comments' bounds=(424,915,556,1047) class=android.widget.Button
         1789127372.984 20544 20544 D YTV2_DUMP: [127] parent=117 id=null text='null' desc='Live chat' bounds=(556,915,688,1047) class=android.widget.Button
         1789127372.984 20544 20544 D YTV2_DUMP: [128] parent=117 id=null text='null' desc='Save to playlist' bounds=(688,915,820,1047) class=android.widget.Button
         1789127372.984 20544 20544 D YTV2_DUMP: [129] parent=117 id=null text='null' desc='Share' bounds=(820,915,952,1047) class=android.widget.Button
         1789127372.984 20544 20544 D YTV2_DUMP: [130] parent=117 id=null text='null' desc='Ask' bounds=(952,915,1084,1047) class=android.widget.Button
         1789127372.984 20544 20544 D YTV2_DUMP: [131] parent=117 id=null text='null' desc='Shop' bounds=(1084,915,1216,1047) class=android.widget.Button
         1789127372.984 20544 20544 D YTV2_DUMP: [132] parent=117 id=null text='null' desc='More actions' bounds=(1216,915,1348,1047) class=android.widget.Button
         1789127372.984 20544 20544 D YTV2_DUMP: [133] parent=117 id=null text='null' desc='More videos' bounds=(1809,915,2297,1047) class=android.widget.Button
         1789127372.984 20544 20544 D YTV2_DUMP: [134] parent=118 id=null text='null' desc='null' bounds=(174,1080,1208,1080) class=android.widget.ImageView
         1789127372.984 20544 20544 D YTV2_DUMP: [135] parent=118 id=null text='null' desc='3 minutes, 2 seconds' bounds=(1082,1590,1191,1080) class=android.view.ViewGroup
         1789127372.984 20544 20544 D YTV2_DUMP: [136] parent=119 id=null text='null' desc='Go to channel Netflix India' bounds=(174,1695,273,1080) class=android.widget.Button
         1789127372.984 20544 20544 D YTV2_DUMP: [137] parent=119 id=null text='null' desc='null' bounds=(295,1695,1120,1080) class=android.view.ViewGroup
         1789127372.984 20544 20544 D YTV2_DUMP: [138] parent=119 id=null text='null' desc='Action menu' bounds=(1120,1695,1186,1080) class=android.widget.Button
         1789127372.984 20544 20544 D YTV2_DUMP: [139] parent=120 id=null text='null' desc='null' bounds=(1252,1080,2286,1080) class=android.widget.ImageView
         1789127372.984 20544 20544 D YTV2_DUMP: [140] parent=120 id=null text='null' desc='6 minutes, 25 seconds' bounds=(2160,1590,2269,1080) class=android.view.ViewGroup
         1789127372.984 20544 20544 D YTV2_DUMP: [141] parent=121 id=null text='null' desc='Go to channel शिक्षा Spot ' bounds=(1252,1695,1351,1080) class=android.widget.Button
         1789127372.984 20544 20544 D YTV2_DUMP: [142] parent=121 id=null text='null' desc='null' bounds=(1373,1695,2198,1080) class=android.view.ViewGroup
         1789127372.984 20544 20544 D YTV2_DUMP: [143] parent=121 id=null text='null' desc='Action menu' bounds=(2198,1695,2264,1080) class=android.widget.Button
         1789127372.984 20544 20544 D YTV2_DUMP: [144] parent=122 id=null text='null' desc='null' bounds=(2330,1080,2460,1080) class=android.widget.ImageView
         1789127372.984 20544 20544 D YTV2_DUMP: [145] parent=122 id=null text='null' desc='9 minutes, 53 seconds' bounds=(2460,1590,2460,1080) class=android.view.ViewGroup
         1789127372.984 20544 20544 D YTV2_DUMP: [146] parent=123 id=null text='null' desc='Tap to watch live, Testbook channel' bounds=(2330,1695,2451,1080) class=android.widget.Button
         1789127372.984 20544 20544 D YTV2_DUMP: [147] parent=123 id=null text='null' desc='null' bounds=(2460,1695,2460,1080) class=android.view.ViewGroup
         1789127372.984 20544 20544 D YTV2_DUMP: [148] parent=123 id=null text='null' desc='Action menu' bounds=(2460,1695,2460,1080) class=android.widget.Button
         1789127372.984 20544 20544 D YTV2_DUMP: [149] parent=124 id=null text='null' desc='null' bounds=(193,947,262,1016) class=android.view.ViewGroup
         1789127372.984 20544 20544 D YTV2_DUMP: [150] parent=125 id=null text='null' desc='null' bounds=(325,948,391,1014) class=android.widget.ImageView
         1789127372.984 20544 20544 D YTV2_DUMP: [151] parent=126 id=null text='null' desc='null' bounds=(457,948,523,1014) class=android.widget.ImageView
         1789127372.984 20544 20544 D YTV2_DUMP: [152] parent=127 id=null text='null' desc='null' bounds=(589,948,655,1014) class=android.widget.ImageView
         1789127372.984 20544 20544 D YTV2_DUMP: [153] parent=128 id=null text='null' desc='null' bounds=(721,948,787,1014) class=android.widget.ImageView
         1789127372.984 20544 20544 D YTV2_DUMP: [154] parent=129 id=null text='null' desc='null' bounds=(853,948,919,1014) class=android.widget.ImageView
         1789127372.984 20544 20544 D YTV2_DUMP: [155] parent=130 id=null text='null' desc='null' bounds=(985,948,1051,1014) class=android.widget.ImageView
         1789127372.984 20544 20544 D YTV2_DUMP: [156] parent=131 id=null text='null' desc='null' bounds=(1117,948,1183,1014) class=android.widget.ImageView
         1789127372.984 20544 20544 D YTV2_DUMP: [157] parent=132 id=null text='null' desc='null' bounds=(1233,932,1332,1031) class=android.view.ViewGroup
         1789127372.984 20544 20544 D YTV2_DUMP: [158] parent=133 id=null text='null' desc='null' bounds=(1831,955,2099,1008) class=android.view.ViewGroup
         1789127372.984 20544 20544 D YTV2_DUMP: [159] parent=133 id=null text='null' desc='null' bounds=(2099,915,2275,1047) class=android.view.ViewGroup
         1789127372.985 20544 20544 D YTV2_DUMP: [160] parent=135 id=null text='3:02' desc='3:02' bounds=(1099,1593,1174,1080) class=android.view.ViewGroup
         1789127372.985 20544 20544 D YTV2_DUMP: [161] parent=137 id=null text='null' desc='null' bounds=(295,1695,1120,1080) class=android.view.ViewGroup
         1789127372.985 20544 20544 D YTV2_DUMP: [162] parent=140 id=null text='6:25' desc='6:25' bounds=(2177,1593,2252,1080) class=android.view.ViewGroup
         1789127372.985 20544 20544 D YTV2_DUMP: [163] parent=142 id=null text='null' desc='null' bounds=(1373,1695,2198,1080) class=android.view.ViewGroup
         1789127372.985 20544 20544 D YTV2_DUMP: [164] parent=145 id=null text='9:53' desc='9:53' bounds=(2460,1593,2460,1080) class=android.view.ViewGroup
         1789127372.985 20544 20544 D YTV2_DUMP: [165] parent=146 id=null text='null' desc='null' bounds=(2330,1695,2451,1080) class=android.widget.ImageView
         1789127372.985 20544 20544 D YTV2_DUMP: [166] parent=146 id=null text='null' desc='null' bounds=(2341,1706,2440,1080) class=android.widget.ImageView
         1789127372.985 20544 20544 D YTV2_DUMP: [167] parent=146 id=null text='LIVE' desc='LIVE' bounds=(2361,1781,2420,1080) class=android.view.ViewGroup
         1789127372.985 20544 20544 D YTV2_DUMP: [168] parent=147 id=null text='null' desc='null' bounds=(2460,1695,2460,1080) class=android.view.ViewGroup
         1789127372.985 20544 20544 D YTV2_DUMP: [169] parent=149 id=null text='null' desc='null' bounds=(193,947,262,1016) class=android.view.ViewGroup
         1789127372.985 20544 20544 D YTV2_DUMP: [170] parent=157 id=null text='null' desc='null' bounds=(1249,948,1315,1014) class=android.widget.ImageView
         1789127372.985 20544 20544 D YTV2_DUMP: [171] parent=158 id=null text='More videos' desc='More videos' bounds=(1831,955,2077,1008) class=android.view.ViewGroup
         1789127372.985 20544 20544 D YTV2_DUMP: [172] parent=159 id=null text='null' desc='null' bounds=(2099,937,2264,1025) class=android.widget.ImageView
         1789127372.985 20544 20544 D YTV2_DUMP: [173] parent=161 id=null text='null' desc='null' bounds=(295,1695,1120,1080) class=android.view.ViewGroup
         1789127372.985 20544 20544 D YTV2_DUMP: [174] parent=161 id=null text='null' desc='null' bounds=(295,1752,781,1080) class=android.view.ViewGroup
         1789127372.985 20544 20544 D YTV2_DUMP: [175] parent=163 id=null text='null' desc='null' bounds=(1373,1695,2198,1080) class=android.view.ViewGroup
         1789127372.985 20544 20544 D YTV2_DUMP: [176] parent=163 id=null text='null' desc='null' bounds=(1373,1752,1809,1080) class=android.view.ViewGroup
         1789127372.985 20544 20544 D YTV2_DUMP: [177] parent=168 id=null text='null' desc='null' bounds=(2460,1695,2460,1080) class=android.view.ViewGroup
         1789127372.985 20544 20544 D YTV2_DUMP: [178] parent=168 id=null text='null' desc='null' bounds=(2460,1752,2460,1080) class=android.view.ViewGroup
         1789127372.985 20544 20544 D YTV2_DUMP: [179] parent=169 id=null text='null' desc='null' bounds=(193,947,262,1016) class=android.widget.ImageView
         1789127372.985 20544 20544 D YTV2_DUMP: [180] parent=173 id=null text='Vishwanath & Sons | Hindi Trailer | Suriya, Mamitha Baiju | Netflix India' desc='Vishwanath & Sons | Hindi Trailer | Suriya, Mamitha Baiju | Netflix India' bounds=(295,1695,1120,1080) class=android.view.ViewGroup
         1789127372.985 20544 20544 D YTV2_DUMP: [181] parent=174 id=null text='Netflix India          69K   3 hr ago' desc='Netflix India          69K   3 hr ago' bounds=(295,1752,781,1080) class=android.view.ViewGroup
         1789127372.985 20544 20544 D YTV2_DUMP: [182] parent=175 id=null text='SSC Steno Exam 2026 | 11 September 1st Shift Review | Students ने बताया सच' desc='SSC Steno Exam 2026 | 11 September 1st Shift Review | Students ने बताया सच' bounds=(1373,1695,2198,1080) class=android.view.ViewGroup
         1789127372.985 20544 20544 D YTV2_DUMP: [183] parent=176 id=null text='शिक्षा Spot       4.2K   5 hr ago' desc='शिक्षा Spot       4.2K   5 hr ago' bounds=(1373,1752,1809,1080) class=android.view.ViewGroup
         1789127372.985 20544 20544 D YTV2_DUMP: [184] parent=177 id=null text='SSC CHSL Previous Year Cut Off | SSC CHSL Cut Off Analysis | SSC CHSL 2026 Expected Cut Off?' desc='SSC CHSL Previous Year Cut Off | SSC CHSL Cut Off Analysis | SSC CHSL 2026 Expected Cut Off?' bounds=(2460,1695,2460,1080) class=android.view.ViewGroup
         1789127372.985 20544 20544 D YTV2_DUMP: [185] parent=178 id=null text='Testbook          6.2K   Streamed 2 days ago' desc='Testbook          6.2K   Streamed 2 days ago' bounds=(2460,1752,2460,1080) class=android.view.ViewGroup
         1789127373.006 20544 20544 D YTV2_DUMP: --> PARSED: kind=VIDEO watchConfirmed=true title='null' handle='null' display='null' channelId='null'
         1789127373.118 20544 20544 D YTV2_DUMP: [0] parent=null id=null text='null' desc='null' bounds=(0,0,2460,1080) class=android.widget.FrameLayout
         1789127373.118 20544 20544 D YTV2_DUMP: [1] parent=0 id=null text='null' desc='null' bounds=(0,0,2460,1080) class=android.widget.LinearLayout
         1789127373.118 20544 20544 D YTV2_DUMP: [2] parent=1 id=null text='null' desc='null' bounds=(0,0,2460,1080) class=android.widget.FrameLayout
         1789127373.118 20544 20544 D YTV2_DUMP: [3] parent=2 id=com.google.android.youtube:id/action_bar_root text='null' desc='null' bounds=(0,0,2460,1080) class=android.widget.LinearLayout
         1789127373.118 20544 20544 D YTV2_DUMP: [4] parent=3 id=android:id/content text='null' desc='null' bounds=(0,0,2460,1080) class=android.widget.FrameLayout
         1789127373.118 20544 20544 D YTV2_DUMP: [5] parent=4 id=com.google.android.youtube:id/more_drawer_container text='null' desc='null' bounds=(0,0,2460,1080) class=androidx.drawerlayout.widget.DrawerLayout
         1789127373.118 20544 20544 D YTV2_DUMP: [6] parent=4 id=com.google.android.youtube:id/reel_time_bar text='null' desc='null' bounds=(0,0,2460,1080) class=android.view.ViewGroup
         1789127373.118 20544 20544 D YTV2_DUMP: [7] parent=5 id=com.google.android.youtube:id/slim_status_bar_player_container text='null' desc='null' bounds=(0,0,2460,1080) class=android.widget.FrameLayout
         1789127373.118 20544 20544 D YTV2_DUMP: [8] parent=7 id=com.google.android.youtube:id/navigation_bar_divider_frame text='null' desc='null' bounds=(0,0,2460,1080) class=android.view.ViewGroup
         1789127373.118 20544 20544 D YTV2_DUMP: [9] parent=7 id=null text='null' desc='null' bounds=(0,0,2460,104) class=android.widget.FrameLayout
         1789127373.118 20544 20544 D YTV2_DUMP: [10] parent=7 id=null text='null' desc='null' bounds=(0,0,3,3) class=android.view.View
         1789127373.118 20544 20544 D YTV2_DUMP: [11] parent=8 id=com.google.android.youtube:id/global_slim_status_bar_container text='null' desc='null' bounds=(0,0,2460,1080) class=android.widget.FrameLayout
         1789127373.118 20544 20544 D YTV2_DUMP: [12] parent=8 id=com.google.android.youtube:id/accessibility_layer_container text='null' desc='null' bounds=(0,0,2460,1080) class=android.widget.FrameLayout
         1789127373.118 20544 20544 D YTV2_DUMP: [13] parent=12 id=com.google.android.youtube:id/fullscreen_mode_container text='null' desc='null' bounds=(0,0,2460,0) class=android.widget.FrameLayout
         1789127373.118 20544 20544 D YTV2_DUMP: [14] parent=12 id=com.google.android.youtube:id/next_gen_watch_container_layout text='null' desc='null' bounds=(0,0,2460,1080) class=android.view.ViewGroup
         1789127373.118 20544 20544 D YTV2_DUMP: [15] parent=12 id=com.google.android.youtube:id/bottom_bar_container text='null' desc='null' bounds=(0,1080,2460,1080) class=android.widget.LinearLayout
         1789127373.118 20544 20544 D YTV2_DUMP: [16] parent=14 id=com.google.android.youtube:id/scrim_view text='null' desc='null' bounds=(0,0,2460,1080) class=android.view.View
         1789127373.119 20544 20544 D YTV2_DUMP: [17] parent=14 id=com.google.android.youtube:id/next_gen_watch_layout_no_player_fragment_container text='null' desc='null' bounds=(0,0,2460,1080) class=android.view.ViewGroup
         1789127373.119 20544 20544 D YTV2_DUMP: [18] parent=17 id=com.google.android.youtube:id/watch_player text='null' desc='Video player' bounds=(0,0,2460,1080) class=android.widget.FrameLayout
         1789127373.119 20544 20544 D YTV2_DUMP: [19] parent=17 id=com.google.android.youtube:id/watch_while_time_bar_view text='null' desc='null' bounds=(0,0,2460,1080) class=android.view.ViewGroup
         1789127373.119 20544 20544 D YTV2_DUMP: [20] parent=17 id=com.google.android.youtube:id/watch_player_background text='null' desc='null' bounds=(0,0,2460,1080) class=android.widget.FrameLayout
         1789127373.119 20544 20544 D YTV2_DUMP: [21] parent=17 id=com.google.android.youtube:id/floaty_bar_controls_view text='null' desc='Minimised player' bounds=(1852,398,2204,926) class=android.widget.FrameLayout
         1789127373.119 20544 20544 D YTV2_DUMP: [22] parent=18 id=com.google.android.youtube:id/playerless_thumbnail text='null' desc='null' bounds=(0,0,2460,1080) class=android.widget.ImageView
         1789127373.119 20544 20544 D YTV2_DUMP: [23] parent=18 id=com.google.android.youtube:id/player_overlays text='null' desc='null' bounds=(0,0,2460,1080) class=android.view.ViewGroup
         1789127373.119 20544 20544 D YTV2_DUMP: [24] parent=18 id=com.google.android.youtube:id/player_fragment_container text='null' desc='null' bounds=(0,0,2460,1080) class=android.widget.FrameLayout
         1789127373.119 20544 20544 D YTV2_DUMP: [25] parent=18 id=null text='null' desc='null' bounds=(0,0,1,1) class=android.view.View
         1789127373.119 20544 20544 D YTV2_DUMP: [26] parent=20 id=com.google.android.youtube:id/cinematic_image_background text='null' desc='null' bounds=(0,0,2460,1080) class=android.widget.ImageView
         1789127373.119 20544 20544 D YTV2_DUMP: [27] parent=20 id=com.google.android.youtube:id/cinematic_scrim text='null' desc='null' bounds=(0,0,2460,1080) class=android.widget.ImageView
         1789127373.119 20544 20544 D YTV2_DUMP: [28] parent=23 id=null text='null' desc='null' bounds=(0,0,2460,1080) class=android.widget.FrameLayout
         1789127373.119 20544 20544 D YTV2_DUMP: [29] parent=23 id=null text='null' desc='null' bounds=(0,0,2460,1080) class=android.widget.FrameLayout
         1789127373.119 20544 20544 D YTV2_DUMP: [30] parent=23 id=null text='null' desc='null' bounds=(0,0,2460,1080) class=android.widget.FrameLayout
         1789127373.119 20544 20544 D YTV2_DUMP: [31] parent=23 id=null text='null' desc='null' bounds=(0,0,2460,1080) class=android.widget.FrameLayout
         1789127373.119 20544 20544 D YTV2_DUMP: [32] parent=23 id=null text='null' desc='null' bounds=(0,0,2460,1080) class=android.widget.FrameLayout
         1789127373.119 20544 20544 D YTV2_DUMP: [33] parent=23 id=null text='null' desc='null' bounds=(0,0,2460,1080) class=android.widget.FrameLayout
         1789127373.119 20544 20544 D YTV2_DUMP: [34] parent=23 id=null text='null' desc='null' bounds=(0,0,2460,1080) class=android.widget.FrameLayout
         1789127373.119 20544 20544 D YTV2_DUMP: [35] parent=23 id=null text='null' desc='null' bounds=(0,0,2460,1080) class=android.widget.FrameLayout
         1789127373.119 20544 20544 D YTV2_DUMP: [36] parent=23 id=null text='null' desc='null' bounds=(0,0,2460,1080) class=android.widget.FrameLayout
         1789127373.119 20544 20544 D YTV2_DUMP: [37] parent=23 id=com.google.android.youtube:id/player_overlays_custom_views_container text='null' desc='null' bounds=(130,0,2330,1080) class=android.widget.FrameLayout
         1789127373.119 20544 20544 D YTV2_DUMP: [38] parent=23 id=null text='null' desc='null' bounds=(130,0,2330,1080) class=android.widget.FrameLayout
         1789127373.119 20544 20544 D YTV2_DUMP: [39] parent=23 id=null text='null' desc='null' bounds=(130,0,2330,1080) class=android.widget.RelativeLayout
         1789127373.119 20544 20544 D YTV2_DUMP: [40] parent=23 id=null text='null' desc='null' bounds=(130,0,2330,1080) class=android.widget.FrameLayout
         1789127373.119 20544 20544 D YTV2_DUMP: [41] parent=23 id=null text='null' desc='null' bounds=(130,0,2330,1080) class=android.widget.FrameLayout
         1789127373.119 20544 20544 D YTV2_DUMP: [42] parent=23 id=null text='null' desc='null' bounds=(130,0,2330,1080) class=android.widget.FrameLayout
         1789127373.119 20544 20544 D YTV2_DUMP: [43] parent=24 id=com.google.android.youtube:id/player_view text='null' desc='null' bounds=(0,0,2460,1080) class=android.view.ViewGroup
         1789127373.119 20544 20544 D YTV2_DUMP: [44] parent=28 id=null text='null' desc='null' bounds=(0,0,2460,1080) class=android.widget.FrameLayout
         1789127373.119 20544 20544 D YTV2_DUMP: [45] parent=29 id=null text='null' desc='null' bounds=(0,0,2460,1080) class=android.widget.FrameLayout
         1789127373.119 20544 20544 D YTV2_DUMP: [46] parent=30 id=null text='null' desc='null' bounds=(0,0,2460,1080) class=android.widget.FrameLayout
         1789127373.119 20544 20544 D YTV2_DUMP: [47] parent=31 id=null text='null' desc='null' bounds=(0,0,2460,1080) class=android.widget.FrameLayout
         1789127373.119 20544 20544 D YTV2_DUMP: [48] parent=32 id=com.google.android.youtube:id/youtube_controls_overlay text='null' desc='null' bounds=(0,0,2460,1080) class=android.widget.FrameLayout
         1789127373.119 20544 20544 D YTV2_DUMP: [49] parent=35 id=null text='null' desc='null' bounds=(0,0,2460,1080) class=android.widget.FrameLayout
         1789127373.119 20544 20544 D YTV2_DUMP: [50] parent=36 id=com.google.android.youtube:id/fullscreen_engagement_panel_holder text='null' desc='null' bounds=(1450,0,2330,1080) class=android.view.ViewGroup
         1789127373.119 20544 20544 D YTV2_DUMP: [51] parent=41 id=null text='null' desc='null' bounds=(130,0,2330,1080) class=android.widget.FrameLayout
         1789127373.119 20544 20544 D YTV2_DUMP: [52] parent=42 id=null text='null' desc='null' bounds=(130,0,2330,1080) class=android.widget.FrameLayout
         1789127373.119 20544 20544 D YTV2_DUMP: [53] parent=43 id=null text='null' desc='null' bounds=(270,0,2190,1080) class=android.view.ViewGroup
         1789127373.119 20544 20544 D YTV2_DUMP: [54] parent=44 id=null text='null' desc='null' bounds=(0,0,2460,1080) class=android.view.ViewGroup
         1789127373.119 20544 20544 D YTV2_DUMP: [55] parent=45 id=null text='null' desc='null' bounds=(0,0,2460,1080) class=android.view.ViewGroup
         1789127373.119 20544 20544 D YTV2_DUMP: [56] parent=46 id=null text='null' desc='null' bounds=(0,0,2460,1080) class=android.view.ViewGroup
         1789127373.119 20544 20544 D YTV2_DUMP: [57] parent=47 id=null text='null' desc='null' bounds=(0,0,2460,1080) class=android.view.ViewGroup
         1789127373.119 20544 20544 D YTV2_DUMP: [58] parent=48 id=com.google.android.youtube:id/inset_controls_overlay_wrapper text='null' desc='null' bounds=(0,0,2460,1080) class=android.widget.FrameLayout
         1789127373.119 20544 20544 D YTV2_DUMP: [59] parent=48 id=com.google.android.youtube:id/top_gradient_scrim_overlay text='null' desc='null' bounds=(0,0,2460,495) class=android.widget.ImageView
         1789127373.119 20544 20544 D YTV2_DUMP: [60] parent=48 id=com.google.android.youtube:id/bottom_gradient_scrim_overlay text='null' desc='null' bounds=(0,585,2460,1080) class=android.widget.ImageView
         1789127373.119 20544 20544 D YTV2_DUMP: [61] parent=49 id=null text='null' desc='null' bounds=(0,0,2460,1080) class=android.view.ViewGroup
         1789127373.119 20544 20544 D YTV2_DUMP: [62] parent=51 id=null text='null' desc='null' bounds=(130,88,2330,766) class=android.view.ViewGroup
         1789127373.119 20544 20544 D YTV2_DUMP: [63] parent=52 id=null text='null' desc='null' bounds=(130,88,2330,766) class=android.view.ViewGroup
         1789127373.119 20544 20544 D YTV2_DUMP: [64] parent=53 id=null text='null' desc='null' bounds=(270,0,2190,1080) class=android.view.ViewGroup
         1789127373.119 20544 20544 D YTV2_DUMP: [65] parent=58 id=com.google.android.youtube:id/inset_overlay_view_layout text='null' desc='null' bounds=(0,0,2460,1080) class=android.widget.FrameLayout
         1789127373.119 20544 20544 D YTV2_DUMP: [66] parent=61 id=null text='null' desc='null' bounds=(826,608,1632,752) class=android.view.ViewGroup
         1789127373.119 20544 20544 D YTV2_DUMP: [67] parent=63 id=null text='null' desc='null' bounds=(268,645,700,733) class=android.view.ViewGroup
         1789127373.119 20544 20544 D YTV2_DUMP: [68] parent=64 id=null text='null' desc='null' bounds=(270,0,2190,1080) class=android.view.View
         1789127373.119 20544 20544 D YTV2_DUMP: [69] parent=64 id=null text='null' desc='null' bounds=(270,0,2190,1080) class=android.view.View
         1789127373.119 20544 20544 D YTV2_DUMP: [70] parent=65 id=com.google.android.youtube:id/controls_layout text='null' desc='null' bounds=(0,0,2460,1080) class=android.widget.RelativeLayout
         1789127373.119 20544 20544 D YTV2_DUMP: [71] parent=65 id=com.google.android.youtube:id/watch_while_time_bar_view_overlay text='null' desc='null' bounds=(0,0,2460,1080) class=android.view.ViewGroup
         1789127373.119 20544 20544 D YTV2_DUMP: [72] parent=65 id=null text='null' desc='null' bounds=(0,132,2460,1080) class=android.widget.LinearLayout
         1789127373.119 20544 20544 D YTV2_DUMP: [73] parent=66 id=com.google.android.youtube:id/subtitle_window_identifier text='भी सिंपल थे। फ्रेजेस थोड़ी हार्ड थी। वन' desc='भी सिंपल थे। फ्रेजेस थोड़ी हार्ड थी। वन' bounds=(834,616,1521,743) class=android.view.View
         1789127373.119 20544 20544 D YTV2_DUMP: [74] parent=66 id=com.google.android.youtube:id/subtitle_window_identifier text='वर्ड थे और होमोनिम्स नहीं थे आज। और' desc='वर्ड थे और होमोनिम्स नहीं थे आज। और' bounds=(834,680,1624,744) class=android.view.View
         1789127373.119 20544 20544 D YTV2_DUMP: [75] parent=67 id=null text='null' desc='View products' bounds=(268,645,700,733) class=android.widget.Button
         1789127373.119 20544 20544 D YTV2_DUMP: [76] parent=67 id=null text='null' desc='null' bounds=(298,662,353,717) class=android.widget.ImageView
         1789127373.119 20544 20544 D YTV2_DUMP: [77] parent=67 id=null text='null' desc='null' bounds=(298,662,353,717) class=android.view.ViewGroup
         1789127373.119 20544 20544 D YTV2_DUMP: [78] parent=67 id=null text='null' desc='null' bounds=(370,664,612,713) class=android.view.ViewGroup
         1789127373.119 20544 20544 D YTV2_DUMP: [79] parent=67 id=null text='null' desc='Dismiss' bounds=(612,645,700,733) class=android.widget.Button
         1789127373.119 20544 20544 D YTV2_DUMP: [80] parent=67 id=null text='null' desc='null' bounds=(631,664,681,714) class=android.widget.ImageView
         1789127373.119 20544 20544 D YTV2_DUMP: [81] parent=70 id=com.google.android.youtube:id/title_anchor text='null' desc='null' bounds=(240,0,240,0) class=android.view.View
         1789127373.119 20544 20544 D YTV2_DUMP: [82] parent=70 id=com.google.android.youtube:id/player_collapse_button text='null' desc='Minimise' bounds=(130,0,262,132) class=android.widget.ImageView
         1789127373.119 20544 20544 D YTV2_DUMP: [83] parent=70 id=com.google.android.youtube:id/player_video_heading text='null' desc='null' bounds=(284,0,1912,166) class=android.widget.FrameLayout
         1789127373.119 20544 20544 D YTV2_DUMP: [84] parent=70 id=com.google.android.youtube:id/ads_additional_view_container text='null' desc='null' bounds=(2198,6,2198,6) class=android.widget.LinearLayout
         1789127373.119 20544 20544 D YTV2_DUMP: [85] parent=70 id=com.google.android.youtube:id/player_additional_view_container text='null' desc='null' bounds=(1912,6,2198,138) class=android.widget.LinearLayout
         1789127373.119 20544 20544 D YTV2_DUMP: [86] parent=70 id=com.google.android.youtube:id/player_overflow_button text='null' desc='More options' bounds=(2198,6,2330,138) class=android.widget.ImageView
         1789127373.119 20544 20544 D YTV2_DUMP: [87] parent=70 id=com.google.android.youtube:id/controls_button_group_layout text='null' desc='null' bounds=(130,430,2330,650) class=android.widget.RelativeLayout
         1789127373.119 20544 20544 D YTV2_DUMP: [88] parent=70 id=com.google.android.youtube:id/youtube_controls_bottom_ui_container text='null' desc='null' bounds=(130,606,2330,1080) class=android.view.ViewGroup
         1789127373.119 20544 20544 D YTV2_DUMP: [89] parent=71 id=null text='null' desc='18 minutes 13 seconds of 46 minutes 20 seconds' bounds=(163,831,2297,930) class=android.widget.SeekBar
         1789127373.119 20544 20544 D YTV2_DUMP: [90] parent=72 id=com.google.android.youtube:id/related_endscreen_results text='null' desc='Related videos and playlists. Swipe up with two fingers to open' bounds=(0,1058,2460,1080) class=android.support.v7.widget.RecyclerView
         1789127373.119 20544 20544 D YTV2_DUMP: [91] parent=83 id=null text='null' desc='null' bounds=(284,0,1912,166) class=android.view.ViewGroup
         1789127373.119 20544 20544 D YTV2_DUMP: [92] parent=85 id=com.google.android.youtube:id/player_mdx_entry_point_button text='null' desc='Cast' bounds=(1923,6,2055,138) class=android.widget.Button
         1789127373.119 20544 20544 D YTV2_DUMP: [93] parent=85 id=com.google.android.youtube:id/player_subtitle_button text='null' desc='Captions' bounds=(2066,6,2198,138) class=android.widget.ImageView
         1789127373.119 20544 20544 D YTV2_DUMP: [94] parent=87 id=com.google.android.youtube:id/player_control_play_pause_replay_button_touch_area text='null' desc='null' bounds=(1120,430,1340,650) class=android.widget.FrameLayout
         1789127373.119 20544 20544 D YTV2_DUMP: [95] parent=88 id=com.google.android.youtube:id/big_boards_timestamp_viewstub_holder text='null' desc='null' bounds=(130,695,2330,783) class=android.widget.FrameLayout
         1789127373.120 20544 20544 D YTV2_DUMP: [96] parent=88 id=com.google.android.youtube:id/timestamps_container text='null' desc='18 minutes 14 seconds elapsed of 46 minutes 20 seconds' bounds=(163,750,421,882) class=android.widget.LinearLayout
         1789127373.120 20544 20544 D YTV2_DUMP: [97] parent=88 id=com.google.android.youtube:id/time_bar_chapter_title_container text='null' desc='null' bounds=(399,746,2165,882) class=android.widget.FrameLayout
         1789127373.120 20544 20544 D YTV2_DUMP: [98] parent=88 id=com.google.android.youtube:id/fullscreen_button text='null' desc='Enter full screen' bounds=(2165,750,2330,882) class=android.widget.ImageView
         1789127373.120 20544 20544 D YTV2_DUMP: [99] parent=88 id=com.google.android.youtube:id/bottom_end_container text='null' desc='null' bounds=(2165,874,2165,882) class=android.widget.LinearLayout
         1789127373.120 20544 20544 D YTV2_DUMP: [100] parent=88 id=com.google.android.youtube:id/quick_actions_container text='null' desc='null' bounds=(130,882,2330,1080) class=android.widget.FrameLayout
         1789127373.120 20544 20544 D YTV2_DUMP: [101] parent=90 id=null text='null' desc='Vishwanath & Sons | Hindi Trailer | Suriya, Mamitha Baiju | Netflix India – 3 minutes, 2 seconds – Go to channel Netflix India – Netflix India, verified - 69K views - 3 hours ago – play video' bounds=(152,1058,1230,1080) class=android.view.ViewGroup
         1789127373.120 20544 20544 D YTV2_DUMP: [102] parent=90 id=null text='null' desc='SSC Steno Exam 2026 | 11 September 1st Shift Review | Students ने बताया सच – 6 minutes, 25 seconds – Go to channel शिक्षा Spot  – शिक्षा Spot  - 4.2K views - 5 hours ago – play video' bounds=(1230,1058,2308,1080) class=android.view.ViewGroup
         1789127373.120 20544 20544 D YTV2_DUMP: [103] parent=90 id=null text='null' desc='SSC CHSL Previous Year Cut Off | SSC CHSL Cut Off Analysis | SSC CHSL 2026 Expected Cut Off? – 9 minutes, 53 seconds –  – Testbook, verified - 6.2K views - Streamed 2 days ago – play video' bounds=(2308,1058,2460,1080) class=android.view.ViewGroup
         1789127373.120 20544 20544 D YTV2_DUMP: [104] parent=91 id=null text='null' desc='null' bounds=(284,0,1802,166) class=android.widget.Button
         1789127373.120 20544 20544 D YTV2_DUMP: [105] parent=94 id=com.google.android.youtube:id/player_control_play_pause_replay_button text='null' desc='Pause video' bounds=(1153,463,1307,617) class=android.widget.ImageView
         1789127373.120 20544 20544 D YTV2_DUMP: [106] parent=96 id=com.google.android.youtube:id/timestamps_inner_container text='null' desc='null' bounds=(163,770,421,840) class=android.widget.LinearLayout
         1789127373.120 20544 20544 D YTV2_DUMP: [107] parent=97 id=com.google.android.youtube:id/time_bar_entry_point_tap_container text='null' desc='null' bounds=(399,746,733,882) class=android.widget.Button
         1789127373.120 20544 20544 D YTV2_DUMP: [108] parent=100 id=com.google.android.youtube:id/quick_actions_element_container text='null' desc='null' bounds=(130,915,2330,1080) class=android.widget.FrameLayout
         1789127373.120 20544 20544 D YTV2_DUMP: [109] parent=101 id=null text='null' desc='Vishwanath & Sons | Hindi Trailer | Suriya, Mamitha Baiju | Netflix India – 3 minutes, 2 seconds – Go to channel Netflix India – Netflix India, verified - 69K views - 3 hours ago – play video' bounds=(174,1080,1208,1080) class=android.widget.Button
         1789127373.120 20544 20544 D YTV2_DUMP: [110] parent=102 id=null text='null' desc='SSC Steno Exam 2026 | 11 September 1st Shift Review | Students ने बताया सच – 6 minutes, 25 seconds – Go to channel शिक्षा Spot  – शिक्षा Spot  - 4.2K views - 5 hours ago – play video' bounds=(1252,1080,2286,1080) class=android.widget.Button
         1789127373.120 20544 20544 D YTV2_DUMP: [111] parent=103 id=null text='null' desc='SSC CHSL Previous Year Cut Off | SSC CHSL Cut Off Analysis | SSC CHSL 2026 Expected Cut Off? – 9 minutes, 53 seconds –  – Testbook, verified - 6.2K views - Streamed 2 days ago – play video' bounds=(2330,1080,2460,1080) class=android.widget.Button
         1789127373.120 20544 20544 D YTV2_DUMP: [112] parent=104 id=null text='SSC STENO 2026 | Most EXPECTED PAPER Based on 10 SEP ALL SHIFTS Exams' desc='SSC STENO 2026 | Most EXPECTED PAPER Based on 10 SEP ALL SHIFTS Exams' bounds=(284,33,1802,96) class=android.view.ViewGroup
         1789127373.120 20544 20544 D YTV2_DUMP: [113] parent=104 id=null text='@parmarssc' desc='@parmarssc' bounds=(284,107,1802,155) class=android.view.ViewGroup
         1789127373.120 20544 20544 D YTV2_DUMP: [114] parent=106 id=com.google.android.youtube:id/time_bar_current_time text='18:14' desc='null' bounds=(185,781,269,829) class=android.widget.TextView
         1789127373.120 20544 20544 D YTV2_DUMP: [115] parent=106 id=com.google.android.youtube:id/time_bar_total_time text=' / 46:20' desc='null' bounds=(269,781,399,829) class=android.widget.TextView
         1789127373.120 20544 20544 D YTV2_DUMP: [116] parent=107 id=com.google.android.youtube:id/time_bar_timeline_title text='In this video' desc='In this video' bounds=(438,768,733,838) class=android.widget.TextView
         1789127373.120 20544 20544 D YTV2_DUMP: [117] parent=108 id=null text='null' desc='null' bounds=(130,915,2330,1080) class=android.view.ViewGroup
         1789127373.120 20544 20544 D YTV2_DUMP: [118] parent=109 id=null text='null' desc='null' bounds=(174,1080,1208,1080) class=android.view.ViewGroup
         1789127373.120 20544 20544 D YTV2_DUMP: [119] parent=109 id=null text='null' desc='null' bounds=(174,1662,1208,1080) class=android.view.ViewGroup
         1789127373.120 20544 20544 D YTV2_DUMP: [120] parent=110 id=null text='null' desc='null' bounds=(1252,1080,2286,1080) class=android.view.ViewGroup
         1789127373.120 20544 20544 D YTV2_DUMP: [121] parent=110 id=null text='null' desc='null' bounds=(1252,1662,2286,1080) class=android.view.ViewGroup
         1789127373.120 20544 20544 D YTV2_DUMP: [122] parent=111 id=null text='null' desc='null' bounds=(2330,1080,2460,1080) class=android.view.ViewGroup
         1789127373.120 20544 20544 D YTV2_DUMP: [123] parent=111 id=null text='null' desc='null' bounds=(2330,1662,2460,1080) class=android.view.ViewGroup
         1789127373.120 20544 20544 D YTV2_DUMP: [124] parent=117 id=null text='null' desc='like this video along with 1,663 other people' bounds=(163,915,292,1047) class=android.widget.ToggleButton
         1789127373.120 20544 20544 D YTV2_DUMP: [125] parent=117 id=null text='null' desc='Dislike this video' bounds=(292,915,424,1047) class=android.widget.ToggleButton
         1789127373.120 20544 20544 D YTV2_DUMP: [126] parent=117 id=null text='null' desc='Comments' bounds=(424,915,556,1047) class=android.widget.Button
         1789127373.120 20544 20544 D YTV2_DUMP: [127] parent=117 id=null text='null' desc='Live chat' bounds=(556,915,688,1047) class=android.widget.Button
         1789127373.120 20544 20544 D YTV2_DUMP: [128] parent=117 id=null text='null' desc='Save to playlist' bounds=(688,915,820,1047) class=android.widget.Button
         1789127373.120 20544 20544 D YTV2_DUMP: [129] parent=117 id=null text='null' desc='Share' bounds=(820,915,952,1047) class=android.widget.Button
         1789127373.120 20544 20544 D YTV2_DUMP: [130] parent=117 id=null text='null' desc='Ask' bounds=(952,915,1084,1047) class=android.widget.Button
         1789127373.120 20544 20544 D YTV2_DUMP: [131] parent=117 id=null text='null' desc='Shop' bounds=(1084,915,1216,1047) class=android.widget.Button
         1789127373.120 20544 20544 D YTV2_DUMP: [132] parent=117 id=null text='null' desc='More actions' bounds=(1216,915,1348,1047) class=android.widget.Button
         1789127373.120 20544 20544 D YTV2_DUMP: [133] parent=117 id=null text='null' desc='More videos' bounds=(1809,915,2297,1047) class=android.widget.Button
         1789127373.120 20544 20544 D YTV2_DUMP: [134] parent=118 id=null text='null' desc='null' bounds=(174,1080,1208,1080) class=android.widget.ImageView
         1789127373.120 20544 20544 D YTV2_DUMP: [135] parent=118 id=null text='null' desc='3 minutes, 2 seconds' bounds=(1082,1590,1191,1080) class=android.view.ViewGroup
         1789127373.120 20544 20544 D YTV2_DUMP: [136] parent=119 id=null text='null' desc='Go to channel Netflix India' bounds=(174,1695,273,1080) class=android.widget.Button
         1789127373.120 20544 20544 D YTV2_DUMP: [137] parent=119 id=null text='null' desc='null' bounds=(295,1695,1120,1080) class=android.view.ViewGroup
         1789127373.120 20544 20544 D YTV2_DUMP: [138] parent=119 id=null text='null' desc='Action menu' bounds=(1120,1695,1186,1080) class=android.widget.Button
         1789127373.120 20544 20544 D YTV2_DUMP: [139] parent=120 id=null text='null' desc='null' bounds=(1252,1080,2286,1080) class=android.widget.ImageView
         1789127373.120 20544 20544 D YTV2_DUMP: [140] parent=120 id=null text='null' desc='6 minutes, 25 seconds' bounds=(2160,1590,2269,1080) class=android.view.ViewGroup
         1789127373.120 20544 20544 D YTV2_DUMP: [141] parent=121 id=null text='null' desc='Go to channel शिक्षा Spot ' bounds=(1252,1695,1351,1080) class=android.widget.Button
         1789127373.120 20544 20544 D YTV2_DUMP: [142] parent=121 id=null text='null' desc='null' bounds=(1373,1695,2198,1080) class=android.view.ViewGroup
         1789127373.120 20544 20544 D YTV2_DUMP: [143] parent=121 id=null text='null' desc='Action menu' bounds=(2198,1695,2264,1080) class=android.widget.Button
         1789127373.120 20544 20544 D YTV2_DUMP: [144] parent=122 id=null text='null' desc='null' bounds=(2330,1080,2460,1080) class=android.widget.ImageView
         1789127373.120 20544 20544 D YTV2_DUMP: [145] parent=122 id=null text='null' desc='9 minutes, 53 seconds' bounds=(2460,1590,2460,1080) class=android.view.ViewGroup
         1789127373.120 20544 20544 D YTV2_DUMP: [146] parent=123 id=null text='null' desc='Tap to watch live, Testbook channel' bounds=(2330,1695,2451,1080) class=android.widget.Button
         1789127373.120 20544 20544 D YTV2_DUMP: [147] parent=123 id=null text='null' desc='null' bounds=(2460,1695,2460,1080) class=android.view.ViewGroup
         1789127373.120 20544 20544 D YTV2_DUMP: [148] parent=123 id=null text='null' desc='Action menu' bounds=(2460,1695,2460,1080) class=android.widget.Button
         1789127373.120 20544 20544 D YTV2_DUMP: [149] parent=124 id=null text='null' desc='null' bounds=(193,947,262,1016) class=android.view.ViewGroup
         1789127373.120 20544 20544 D YTV2_DUMP: [150] parent=125 id=null text='null' desc='null' bounds=(325,948,391,1014) class=android.widget.ImageView
         1789127373.120 20544 20544 D YTV2_DUMP: [151] parent=126 id=null text='null' desc='null' bounds=(457,948,523,1014) class=android.widget.ImageView
         1789127373.120 20544 20544 D YTV2_DUMP: [152] parent=127 id=null text='null' desc='null' bounds=(589,948,655,1014) class=android.widget.ImageView
         1789127373.120 20544 20544 D YTV2_DUMP: [153] parent=128 id=null text='null' desc='null' bounds=(721,948,787,1014) class=android.widget.ImageView
         1789127373.120 20544 20544 D YTV2_DUMP: [154] parent=129 id=null text='null' desc='null' bounds=(853,948,919,1014) class=android.widget.ImageView
         1789127373.120 20544 20544 D YTV2_DUMP: [155] parent=130 id=null text='null' desc='null' bounds=(985,948,1051,1014) class=android.widget.ImageView
         1789127373.120 20544 20544 D YTV2_DUMP: [156] parent=131 id=null text='null' desc='null' bounds=(1117,948,1183,1014) class=android.widget.ImageView
         1789127373.120 20544 20544 D YTV2_DUMP: [157] parent=132 id=null text='null' desc='null' bounds=(1233,932,1332,1031) class=android.view.ViewGroup
         1789127373.120 20544 20544 D YTV2_DUMP: [158] parent=133 id=null text='null' desc='null' bounds=(1831,955,2099,1008) class=android.view.ViewGroup
         1789127373.120 20544 20544 D YTV2_DUMP: [159] parent=133 id=null text='null' desc='null' bounds=(2099,915,2275,1047) class=android.view.ViewGroup
         1789127373.120 20544 20544 D YTV2_DUMP: [160] parent=135 id=null text='3:02' desc='3:02' bounds=(1099,1593,1174,1080) class=android.view.ViewGroup
         1789127373.120 20544 20544 D YTV2_DUMP: [161] parent=137 id=null text='null' desc='null' bounds=(295,1695,1120,1080) class=android.view.ViewGroup
         1789127373.120 20544 20544 D YTV2_DUMP: [162] parent=140 id=null text='6:25' desc='6:25' bounds=(2177,1593,2252,1080) class=android.view.ViewGroup
         1789127373.120 20544 20544 D YTV2_DUMP: [163] parent=142 id=null text='null' desc='null' bounds=(1373,1695,2198,1080) class=android.view.ViewGroup
         1789127373.120 20544 20544 D YTV2_DUMP: [164] parent=145 id=null text='9:53' desc='9:53' bounds=(2460,1593,2460,1080) class=android.view.ViewGroup
         1789127373.120 20544 20544 D YTV2_DUMP: [165] parent=146 id=null text='null' desc='null' bounds=(2330,1695,2451,1080) class=android.widget.ImageView
         1789127373.120 20544 20544 D YTV2_DUMP: [166] parent=146 id=null text='null' desc='null' bounds=(2341,1706,2440,1080) class=android.widget.ImageView
         1789127373.120 20544 20544 D YTV2_DUMP: [167] parent=146 id=null text='LIVE' desc='LIVE' bounds=(2361,1781,2420,1080) class=android.view.ViewGroup
         1789127373.120 20544 20544 D YTV2_DUMP: [168] parent=147 id=null text='null' desc='null' bounds=(2460,1695,2460,1080) class=android.view.ViewGroup
         1789127373.120 20544 20544 D YTV2_DUMP: [169] parent=149 id=null text='null' desc='null' bounds=(193,947,262,1016) class=android.view.ViewGroup
         1789127373.120 20544 20544 D YTV2_DUMP: [170] parent=157 id=null text='null' desc='null' bounds=(1249,948,1315,1014) class=android.widget.ImageView
         1789127373.121 20544 20544 D YTV2_DUMP: [171] parent=158 id=null text='More videos' desc='More videos' bounds=(1831,955,2077,1008) class=android.view.ViewGroup
         1789127373.121 20544 20544 D YTV2_DUMP: [172] parent=159 id=null text='null' desc='null' bounds=(2099,937,2264,1025) class=android.widget.ImageView
         1789127373.121 20544 20544 D YTV2_DUMP: [173] parent=161 id=null text='null' desc='null' bounds=(295,1695,1120,1080) class=android.view.ViewGroup
         1789127373.121 20544 20544 D YTV2_DUMP: [174] parent=161 id=null text='null' desc='null' bounds=(295,1752,781,1080) class=android.view.ViewGroup
         1789127373.121 20544 20544 D YTV2_DUMP: [175] parent=163 id=null text='null' desc='null' bounds=(1373,1695,2198,1080) class=android.view.ViewGroup
         1789127373.121 20544 20544 D YTV2_DUMP: [176] parent=163 id=null text='null' desc='null' bounds=(1373,1752,1809,1080) class=android.view.ViewGroup
         1789127373.121 20544 20544 D YTV2_DUMP: [177] parent=168 id=null text='null' desc='null' bounds=(2460,1695,2460,1080) class=android.view.ViewGroup
         1789127373.121 20544 20544 D YTV2_DUMP: [178] parent=168 id=null text='null' desc='null' bounds=(2460,1752,2460,1080) class=android.view.ViewGroup
         1789127373.121 20544 20544 D YTV2_DUMP: [179] parent=169 id=null text='null' desc='null' bounds=(193,947,262,1016) class=android.widget.ImageView
         1789127373.121 20544 20544 D YTV2_DUMP: [180] parent=173 id=null text='Vishwanath & Sons | Hindi Trailer | Suriya, Mamitha Baiju | Netflix India' desc='Vishwanath & Sons | Hindi Trailer | Suriya, Mamitha Baiju | Netflix India' bounds=(295,1695,1120,1080) class=android.view.ViewGroup
         1789127373.121 20544 20544 D YTV2_DUMP: [181] parent=174 id=null text='Netflix India          69K   3 hr ago' desc='Netflix India          69K   3 hr ago' bounds=(295,1752,781,1080) class=android.view.ViewGroup
         1789127373.121 20544 20544 D YTV2_DUMP: [182] parent=175 id=null text='SSC Steno Exam 2026 | 11 September 1st Shift Review | Students ने बताया सच' desc='SSC Steno Exam 2026 | 11 September 1st Shift Review | Students ने बताया सच' bounds=(1373,1695,2198,1080) class=android.view.ViewGroup
         1789127373.121 20544 20544 D YTV2_DUMP: [183] parent=176 id=null text='शिक्षा Spot       4.2K   5 hr ago' desc='शिक्षा Spot       4.2K   5 hr ago' bounds=(1373,1752,1809,1080) class=android.view.ViewGroup
         1789127373.121 20544 20544 D YTV2_DUMP: [184] parent=177 id=null text='SSC CHSL Previous Year Cut Off | SSC CHSL Cut Off Analysis | SSC CHSL 2026 Expected Cut Off?' desc='SSC CHSL Previous Year Cut Off | SSC CHSL Cut Off Analysis | SSC CHSL 2026 Expected Cut Off?' bounds=(2460,1695,2460,1080) class=android.view.ViewGroup
         1789127373.121 20544 20544 D YTV2_DUMP: [185] parent=178 id=null text='Testbook          6.2K   Streamed 2 days ago' desc='Testbook          6.2K   Streamed 2 days ago' bounds=(2460,1752,2460,1080) class=android.view.ViewGroup
         1789127373.144 20544 20544 D YTV2_DUMP: --> PARSED: kind=VIDEO watchConfirmed=true title='null' handle='null' display='null' channelId='null'
         1789127380.692 20544 20544 D YTV2_DUMP: [0] parent=null id=null text='null' desc='null' bounds=(0,0,2460,1080) class=android.widget.FrameLayout
         1789127380.692 20544 20544 D YTV2_DUMP: [1] parent=0 id=null text='null' desc='null' bounds=(0,0,2460,1080) class=android.widget.LinearLayout
         1789127380.692 20544 20544 D YTV2_DUMP: [2] parent=1 id=null text='null' desc='null' bounds=(0,0,2460,1080) class=android.widget.FrameLayout
         1789127380.692 20544 20544 D YTV2_DUMP: [3] parent=2 id=com.google.android.youtube:id/action_bar_root text='null' desc='null' bounds=(0,0,2460,1080) class=android.widget.LinearLayout
         1789127380.692 20544 20544 D YTV2_DUMP: [4] parent=3 id=android:id/content text='null' desc='null' bounds=(0,0,2460,1080) class=android.widget.FrameLayout
         1789127380.692 20544 20544 D YTV2_DUMP: [5] parent=4 id=com.google.android.youtube:id/more_drawer_container text='null' desc='null' bounds=(0,0,2460,1080) class=androidx.drawerlayout.widget.DrawerLayout
         1789127380.692 20544 20544 D YTV2_DUMP: [6] parent=4 id=com.google.android.youtube:id/reel_time_bar text='null' desc='null' bounds=(0,0,2460,1080) class=android.view.ViewGroup
         1789127380.692 20544 20544 D YTV2_DUMP: [7] parent=5 id=com.google.android.youtube:id/slim_status_bar_player_container text='null' desc='null' bounds=(0,0,2460,1080) class=android.widget.FrameLayout
         1789127380.693 20544 20544 D YTV2_DUMP: [8] parent=7 id=com.google.android.youtube:id/navigation_bar_divider_frame text='null' desc='null' bounds=(0,0,2460,1080) class=android.view.ViewGroup
         1789127380.693 20544 20544 D YTV2_DUMP: [9] parent=7 id=null text='null' desc='null' bounds=(0,0,2460,104) class=android.widget.FrameLayout
         1789127380.693 20544 20544 D YTV2_DUMP: [10] parent=7 id=null text='null' desc='null' bounds=(0,0,3,3) class=android.view.View
         1789127380.693 20544 20544 D YTV2_DUMP: [11] parent=8 id=com.google.android.youtube:id/global_slim_status_bar_container text='null' desc='null' bounds=(0,0,2460,1080) class=android.widget.FrameLayout
         1789127380.693 20544 20544 D YTV2_DUMP: [12] parent=8 id=com.google.android.youtube:id/accessibility_layer_container text='null' desc='null' bounds=(0,0,2460,1080) class=android.widget.FrameLayout
         1789127380.693 20544 20544 D YTV2_DUMP: [13] parent=12 id=com.google.android.youtube:id/fullscreen_mode_container text='null' desc='null' bounds=(0,0,2460,0) class=android.widget.FrameLayout
         1789127380.693 20544 20544 D YTV2_DUMP: [14] parent=12 id=com.google.android.youtube:id/next_gen_watch_container_layout text='null' desc='null' bounds=(0,0,2460,1080) class=android.view.ViewGroup
         1789127380.693 20544 20544 D YTV2_DUMP: [15] parent=12 id=com.google.android.youtube:id/bottom_bar_container text='null' desc='null' bounds=(0,1080,2460,1080) class=android.widget.LinearLayout
         1789127380.693 20544 20544 D YTV2_DUMP: [16] parent=14 id=com.google.android.youtube:id/scrim_view text='null' desc='null' bounds=(0,0,2460,1080) class=android.view.View
         1789127380.693 20544 20544 D YTV2_DUMP: [17] parent=14 id=com.google.android.youtube:id/next_gen_watch_layout_no_player_fragment_container text='null' desc='null' bounds=(0,0,2460,1080) class=android.view.ViewGroup
         1789127380.694 20544 20544 D YTV2_DUMP: [18] parent=17 id=com.google.android.youtube:id/watch_player text='null' desc='Video player' bounds=(0,0,2460,1080) class=android.widget.FrameLayout
         1789127380.694 20544 20544 D YTV2_DUMP: [19] parent=17 id=com.google.android.youtube:id/watch_while_time_bar_view text='null' desc='null' bounds=(0,0,2460,1080) class=android.view.ViewGroup
         1789127380.694 20544 20544 D YTV2_DUMP: [20] parent=17 id=com.google.android.youtube:id/watch_player_background text='null' desc='null' bounds=(0,0,2460,1080) class=android.widget.FrameLayout
         1789127380.694 20544 20544 D YTV2_DUMP: [21] parent=17 id=com.google.android.youtube:id/floaty_bar_controls_view text='null' desc='Minimised player' bounds=(1852,398,2204,926) class=android.widget.FrameLayout
         1789127380.694 20544 20544 D YTV2_DUMP: [22] parent=18 id=com.google.android.youtube:id/playerless_thumbnail text='null' desc='null' bounds=(0,0,2460,1080) class=android.widget.ImageView
         1789127380.694 20544 20544 D YTV2_DUMP: [23] parent=18 id=com.google.android.youtube:id/player_overlays text='null' desc='null' bounds=(0,0,2460,1080) class=android.view.ViewGroup
         1789127380.694 20544 20544 D YTV2_DUMP: [24] parent=18 id=com.google.android.youtube:id/player_fragment_container text='null' desc='null' bounds=(0,0,2460,1080) class=android.widget.FrameLayout
         1789127380.694 20544 20544 D YTV2_DUMP: [25] parent=18 id=null text='null' desc='null' bounds=(0,0,1,1) class=android.view.View
         1789127380.695 20544 20544 D YTV2_DUMP: [26] parent=20 id=com.google.android.youtube:id/cinematic_image_background text='null' desc='null' bounds=(0,0,2460,1080) class=android.widget.ImageView
         1789127380.695 20544 20544 D YTV2_DUMP: [27] parent=20 id=com.google.android.youtube:id/cinematic_scrim text='null' desc='null' bounds=(0,0,2460,1080) class=android.widget.ImageView
         1789127380.696 20544 20544 D YTV2_DUMP: [28] parent=23 id=null text='null' desc='null' bounds=(0,0,2460,1080) class=android.widget.FrameLayout
         1789127380.696 20544 20544 D YTV2_DUMP: [29] parent=23 id=null text='null' desc='null' bounds=(0,0,2460,1080) class=android.widget.FrameLayout
         1789127380.696 20544 20544 D YTV2_DUMP: [30] parent=23 id=null text='null' desc='null' bounds=(0,0,2460,1080) class=android.widget.FrameLayout
         1789127380.696 20544 20544 D YTV2_DUMP: [31] parent=23 id=null text='null' desc='null' bounds=(0,0,2460,1080) class=android.widget.FrameLayout
         1789127380.696 20544 20544 D YTV2_DUMP: [32] parent=23 id=null text='null' desc='null' bounds=(0,0,2460,1080) class=android.widget.FrameLayout
         1789127380.696 20544 20544 D YTV2_DUMP: [33] parent=23 id=null text='null' desc='null' bounds=(0,0,2460,1080) class=android.widget.FrameLayout
         1789127380.696 20544 20544 D YTV2_DUMP: [34] parent=23 id=null text='null' desc='null' bounds=(0,0,2460,1080) class=android.widget.FrameLayout
         1789127380.696 20544 20544 D YTV2_DUMP: [35] parent=23 id=null text='null' desc='null' bounds=(0,0,2460,1080) class=android.widget.FrameLayout
         1789127380.696 20544 20544 D YTV2_DUMP: [36] parent=23 id=com.google.android.youtube:id/player_overlays_custom_views_container text='null' desc='null' bounds=(130,0,2330,1080) class=android.widget.FrameLayout
         1789127380.697 20544 20544 D YTV2_DUMP: [37] parent=23 id=null text='null' desc='null' bounds=(130,0,2330,1080) class=android.widget.FrameLayout
         1789127380.697 20544 20544 D YTV2_DUMP: [38] parent=23 id=null text='null' desc='null' bounds=(130,0,2330,1080) class=android.widget.RelativeLayout
         1789127380.697 20544 20544 D YTV2_DUMP: [39] parent=23 id=null text='null' desc='null' bounds=(130,0,2330,1080) class=android.widget.FrameLayout
         1789127380.697 20544 20544 D YTV2_DUMP: [40] parent=23 id=null text='null' desc='null' bounds=(130,0,2330,1080) class=android.widget.FrameLayout
         1789127380.697 20544 20544 D YTV2_DUMP: [41] parent=24 id=com.google.android.youtube:id/player_view text='null' desc='null' bounds=(0,0,2460,1080) class=android.view.ViewGroup
         1789127380.697 20544 20544 D YTV2_DUMP: [42] parent=28 id=null text='null' desc='null' bounds=(0,0,2460,1080) class=android.widget.FrameLayout
         1789127380.697 20544 20544 D YTV2_DUMP: [43] parent=29 id=null text='null' desc='null' bounds=(0,0,2460,1080) class=android.widget.FrameLayout
         1789127380.697 20544 20544 D YTV2_DUMP: [44] parent=30 id=null text='null' desc='null' bounds=(0,0,2460,1080) class=android.widget.FrameLayout
         1789127380.698 20544 20544 D YTV2_DUMP: [45] parent=31 id=null text='null' desc='null' bounds=(0,0,2460,1080) class=android.widget.FrameLayout
         1789127380.698 20544 20544 D YTV2_DUMP: [46] parent=32 id=com.google.android.youtube:id/youtube_controls_overlay text='null' desc='null' bounds=(0,0,2460,1080) class=android.widget.FrameLayout
         1789127380.698 20544 20544 D YTV2_DUMP: [47] parent=35 id=com.google.android.youtube:id/fullscreen_engagement_panel_holder text='null' desc='null' bounds=(1450,0,2330,1080) class=android.view.ViewGroup
         1789127380.698 20544 20544 D YTV2_DUMP: [48] parent=39 id=null text='null' desc='null' bounds=(130,0,2330,1080) class=android.widget.FrameLayout
         1789127380.698 20544 20544 D YTV2_DUMP: [49] parent=41 id=null text='null' desc='null' bounds=(269,0,2190,1080) class=android.view.ViewGroup
         1789127380.698 20544 20544 D YTV2_DUMP: [50] parent=43 id=null text='null' desc='null' bounds=(0,0,2460,1080) class=android.view.ViewGroup
         1789127380.698 20544 20544 D YTV2_DUMP: [51] parent=44 id=null text='null' desc='null' bounds=(0,0,2460,1080) class=android.view.ViewGroup
         1789127380.698 20544 20544 D YTV2_DUMP: [52] parent=45 id=null text='null' desc='null' bounds=(0,0,2460,1080) class=android.view.ViewGroup
         1789127380.698 20544 20544 D YTV2_DUMP: [53] parent=46 id=com.google.android.youtube:id/inset_controls_overlay_wrapper text='null' desc='null' bounds=(0,0,2460,1080) class=android.widget.FrameLayout
         1789127380.698 20544 20544 D YTV2_DUMP: [54] parent=48 id=null text='null' desc='null' bounds=(130,0,2330,1080) class=android.view.ViewGroup
         1789127380.699 20544 20544 D YTV2_DUMP: [55] parent=49 id=null text='null' desc='null' bounds=(269,0,2190,1080) class=android.view.ViewGroup
         1789127380.699 20544 20544 D YTV2_DUMP: [56] parent=53 id=com.google.android.youtube:id/inset_overlay_view_layout text='null' desc='null' bounds=(0,0,2460,1080) class=android.widget.FrameLayout
         1789127380.699 20544 20544 D YTV2_DUMP: [57] parent=55 id=null text='null' desc='null' bounds=(269,0,2190,1080) class=android.view.View
         1789127380.699 20544 20544 D YTV2_DUMP: [58] parent=55 id=null text='null' desc='null' bounds=(269,0,2190,1080) class=android.view.View
         1789127380.699 20544 20544 D YTV2_DUMP: [59] parent=56 id=com.google.android.youtube:id/watch_while_time_bar_view_overlay text='null' desc='null' bounds=(0,0,2460,1080) class=android.view.ViewGroup
         1789127380.699 20544 20544 D YTV2_DUMP: [60] parent=59 id=null text='null' desc='0 minutes 0 seconds of 6 minutes 24 seconds' bounds=(163,831,2297,930) class=android.widget.SeekBar
         1789127380.735 20544 20544 D YTV2_DUMP: --> PARSED: kind=VIDEO watchConfirmed=true title='null' handle='null' display='null' channelId='null'
         1789127382.895 20544 20544 D YTV2_DUMP: [0] parent=null id=null text='null' desc='null' bounds=(0,0,2460,1080) class=android.widget.FrameLayout
         1789127382.896 20544 20544 D YTV2_DUMP: [1] parent=0 id=null text='null' desc='null' bounds=(0,0,2460,1080) class=android.widget.LinearLayout
         1789127382.896 20544 20544 D YTV2_DUMP: [2] parent=1 id=null text='null' desc='null' bounds=(0,0,2460,1080) class=android.widget.FrameLayout
         1789127382.897 20544 20544 D YTV2_DUMP: [3] parent=2 id=com.google.android.youtube:id/action_bar_root text='null' desc='null' bounds=(0,0,2460,1080) class=android.widget.LinearLayout
         1789127382.897 20544 20544 D YTV2_DUMP: [4] parent=3 id=android:id/content text='null' desc='null' bounds=(0,0,2460,1080) class=android.widget.FrameLayout
         1789127382.897 20544 20544 D YTV2_DUMP: [5] parent=4 id=com.google.android.youtube:id/more_drawer_container text='null' desc='null' bounds=(0,0,2460,1080) class=androidx.drawerlayout.widget.DrawerLayout
         1789127382.897 20544 20544 D YTV2_DUMP: [6] parent=4 id=com.google.android.youtube:id/reel_time_bar text='null' desc='null' bounds=(0,0,2460,1080) class=android.view.ViewGroup
         1789127382.898 20544 20544 D YTV2_DUMP: [7] parent=5 id=com.google.android.youtube:id/slim_status_bar_player_container text='null' desc='null' bounds=(0,0,2460,1080) class=android.widget.FrameLayout
         1789127382.898 20544 20544 D YTV2_DUMP: [8] parent=7 id=com.google.android.youtube:id/navigation_bar_divider_frame text='null' desc='null' bounds=(0,0,2460,1080) class=android.view.ViewGroup
         1789127382.898 20544 20544 D YTV2_DUMP: [9] parent=7 id=null text='null' desc='null' bounds=(0,0,2460,104) class=android.widget.FrameLayout
         1789127382.898 20544 20544 D YTV2_DUMP: [10] parent=7 id=null text='null' desc='null' bounds=(0,0,3,3) class=android.view.View
         1789127382.898 20544 20544 D YTV2_DUMP: [11] parent=8 id=com.google.android.youtube:id/global_slim_status_bar_container text='null' desc='null' bounds=(0,0,2460,1080) class=android.widget.FrameLayout
         1789127382.898 20544 20544 D YTV2_DUMP: [12] parent=8 id=com.google.android.youtube:id/accessibility_layer_container text='null' desc='null' bounds=(0,0,2460,1080) class=android.widget.FrameLayout
         1789127382.899 20544 20544 D YTV2_DUMP: [13] parent=12 id=com.google.android.youtube:id/fullscreen_mode_container text='null' desc='null' bounds=(0,0,2460,0) class=android.widget.FrameLayout
         1789127382.899 20544 20544 D YTV2_DUMP: [14] parent=12 id=com.google.android.youtube:id/next_gen_watch_container_layout text='null' desc='null' bounds=(0,0,2460,1080) class=android.view.ViewGroup
         1789127382.899 20544 20544 D YTV2_DUMP: [15] parent=12 id=com.google.android.youtube:id/bottom_bar_container text='null' desc='null' bounds=(0,1080,2460,1080) class=android.widget.LinearLayout
         1789127382.899 20544 20544 D YTV2_DUMP: [16] parent=14 id=com.google.android.youtube:id/scrim_view text='null' desc='null' bounds=(0,0,2460,1080) class=android.view.View
         1789127382.899 20544 20544 D YTV2_DUMP: [17] parent=14 id=com.google.android.youtube:id/next_gen_watch_layout_no_player_fragment_container text='null' desc='null' bounds=(0,0,2460,1080) class=android.view.ViewGroup
         1789127382.899 20544 20544 D YTV2_DUMP: [18] parent=17 id=com.google.android.youtube:id/watch_player text='null' desc='Video player' bounds=(0,0,2460,1080) class=android.widget.FrameLayout
         1789127382.899 20544 20544 D YTV2_DUMP: [19] parent=17 id=com.google.android.youtube:id/watch_while_time_bar_view text='null' desc='null' bounds=(0,0,2460,1080) class=android.view.ViewGroup
         1789127382.899 20544 20544 D YTV2_DUMP: [20] parent=17 id=com.google.android.youtube:id/watch_player_background text='null' desc='null' bounds=(0,0,2460,1080) class=android.widget.FrameLayout
         1789127382.899 20544 20544 D YTV2_DUMP: [21] parent=17 id=com.google.android.youtube:id/floaty_bar_controls_view text='null' desc='Minimised player' bounds=(1852,398,2204,926) class=android.widget.FrameLayout
         1789127382.899 20544 20544 D YTV2_DUMP: [22] parent=18 id=com.google.android.youtube:id/playerless_thumbnail text='null' desc='null' bounds=(0,0,2460,1080) class=android.widget.ImageView
         1789127382.900 20544 20544 D YTV2_DUMP: [23] parent=18 id=com.google.android.youtube:id/player_overlays text='null' desc='null' bounds=(0,0,2460,1080) class=android.view.ViewGroup
         1789127382.900 20544 20544 D YTV2_DUMP: [24] parent=18 id=com.google.android.youtube:id/player_fragment_container text='null' desc='null' bounds=(0,0,2460,1080) class=android.widget.FrameLayout
         1789127382.900 20544 20544 D YTV2_DUMP: [25] parent=18 id=null text='null' desc='null' bounds=(0,0,1,1) class=android.view.View
         1789127382.900 20544 20544 D YTV2_DUMP: [26] parent=20 id=com.google.android.youtube:id/cinematic_image_background text='null' desc='null' bounds=(0,0,2460,1080) class=android.widget.ImageView
         1789127382.900 20544 20544 D YTV2_DUMP: [27] parent=20 id=com.google.android.youtube:id/cinematic_scrim text='null' desc='null' bounds=(0,0,2460,1080) class=android.widget.ImageView
         1789127382.900 20544 20544 D YTV2_DUMP: [28] parent=23 id=null text='null' desc='null' bounds=(0,0,2460,1080) class=android.widget.FrameLayout
         1789127382.900 20544 20544 D YTV2_DUMP: [29] parent=23 id=null text='null' desc='null' bounds=(0,0,2460,1080) class=android.widget.FrameLayout
         1789127382.900 20544 20544 D YTV2_DUMP: [30] parent=23 id=null text='null' desc='null' bounds=(0,0,2460,1080) class=android.widget.FrameLayout
         1789127382.900 20544 20544 D YTV2_DUMP: [31] parent=23 id=null text='null' desc='null' bounds=(0,0,2460,1080) class=android.widget.FrameLayout
         1789127382.900 20544 20544 D YTV2_DUMP: [32] parent=23 id=null text='null' desc='null' bounds=(0,0,2460,1080) class=android.widget.FrameLayout
         1789127382.900 20544 20544 D YTV2_DUMP: [33] parent=23 id=null text='null' desc='null' bounds=(0,0,2460,1080) class=android.widget.FrameLayout
         1789127382.900 20544 20544 D YTV2_DUMP: [34] parent=23 id=null text='null' desc='null' bounds=(0,0,2460,1080) class=android.widget.FrameLayout
         1789127382.901 20544 20544 D YTV2_DUMP: [35] parent=23 id=null text='null' desc='null' bounds=(0,0,2460,1080) class=android.widget.FrameLayout
         1789127382.901 20544 20544 D YTV2_DUMP: [36] parent=23 id=com.google.android.youtube:id/player_overlays_custom_views_container text='null' desc='null' bounds=(130,0,2330,1080) class=android.widget.FrameLayout
         1789127382.901 20544 20544 D YTV2_DUMP: [37] parent=23 id=null text='null' desc='null' bounds=(130,0,2330,1080) class=android.widget.FrameLayout
         1789127382.901 20544 20544 D YTV2_DUMP: [38] parent=23 id=null text='null' desc='null' bounds=(130,0,2330,1080) class=android.widget.RelativeLayout
         1789127382.901 20544 20544 D YTV2_DUMP: [39] parent=23 id=null text='null' desc='null' bounds=(130,0,2330,1080) class=android.widget.FrameLayout
         1789127382.901 20544 20544 D YTV2_DUMP: [40] parent=23 id=null text='null' desc='null' bounds=(130,0,2330,1080) class=android.widget.FrameLayout
         1789127382.901 20544 20544 D YTV2_DUMP: [41] parent=24 id=com.google.android.youtube:id/player_view text='null' desc='null' bounds=(0,0,2460,1080) class=android.view.ViewGroup
         1789127382.901 20544 20544 D YTV2_DUMP: [42] parent=28 id=null text='null' desc='null' bounds=(0,0,2460,1080) class=android.widget.FrameLayout
         1789127382.901 20544 20544 D YTV2_DUMP: [43] parent=29 id=null text='null' desc='null' bounds=(0,0,2460,1080) class=android.widget.FrameLayout
         1789127382.901 20544 20544 D YTV2_DUMP: [44] parent=30 id=null text='null' desc='null' bounds=(0,0,2460,1080) class=android.widget.FrameLayout
         1789127382.901 20544 20544 D YTV2_DUMP: [45] parent=31 id=com.google.android.youtube:id/youtube_controls_overlay text='null' desc='null' bounds=(0,0,2460,1080) class=android.widget.FrameLayout
         1789127382.901 20544 20544 D YTV2_DUMP: [46] parent=34 id=null text='null' desc='null' bounds=(0,0,2460,1080) class=android.widget.FrameLayout
         1789127382.901 20544 20544 D YTV2_DUMP: [47] parent=35 id=com.google.android.youtube:id/fullscreen_engagement_panel_holder text='null' desc='null' bounds=(1450,0,2330,1080) class=android.view.ViewGroup
         1789127382.902 20544 20544 D YTV2_DUMP: [48] parent=39 id=null text='null' desc='null' bounds=(130,0,2330,1080) class=android.widget.FrameLayout
         1789127382.902 20544 20544 D YTV2_DUMP: [49] parent=41 id=null text='null' desc='null' bounds=(269,0,2190,1080) class=android.view.ViewGroup
         1789127382.902 20544 20544 D YTV2_DUMP: [50] parent=42 id=null text='null' desc='null' bounds=(0,0,2460,1080) class=android.view.ViewGroup
         1789127382.902 20544 20544 D YTV2_DUMP: [51] parent=43 id=null text='null' desc='null' bounds=(0,0,2460,1080) class=android.view.ViewGroup
         1789127382.902 20544 20544 D YTV2_DUMP: [52] parent=44 id=null text='null' desc='null' bounds=(0,0,2460,1080) class=android.view.ViewGroup
         1789127382.902 20544 20544 D YTV2_DUMP: [53] parent=45 id=com.google.android.youtube:id/inset_controls_overlay_wrapper text='null' desc='null' bounds=(0,0,2460,1080) class=android.widget.FrameLayout
         1789127382.902 20544 20544 D YTV2_DUMP: [54] parent=46 id=null text='null' desc='null' bounds=(0,0,2460,1080) class=android.view.ViewGroup
         1789127382.902 20544 20544 D YTV2_DUMP: [55] parent=48 id=null text='null' desc='null' bounds=(130,0,2330,1080) class=android.view.ViewGroup
         1789127382.902 20544 20544 D YTV2_DUMP: [56] parent=49 id=null text='null' desc='null' bounds=(269,0,2190,1080) class=android.view.ViewGroup
         1789127382.902 20544 20544 D YTV2_DUMP: [57] parent=53 id=com.google.android.youtube:id/inset_overlay_view_layout text='null' desc='null' bounds=(0,0,2460,1080) class=android.widget.FrameLayout
         1789127382.902 20544 20544 D YTV2_DUMP: [58] parent=54 id=null text='null' desc='null' bounds=(746,855,1712,999) class=android.view.ViewGroup
         1789127382.903 20544 20544 D YTV2_DUMP: [59] parent=56 id=null text='null' desc='null' bounds=(269,0,2190,1080) class=android.view.View
         1789127382.903 20544 20544 D YTV2_DUMP: [60] parent=56 id=null text='null' desc='null' bounds=(269,0,2190,1080) class=android.view.View
         1789127382.903 20544 20544 D YTV2_DUMP: [61] parent=57 id=com.google.android.youtube:id/watch_while_time_bar_view_overlay text='null' desc='null' bounds=(0,0,2460,1080) class=android.view.ViewGroup
         1789127382.903 20544 20544 D YTV2_DUMP: [62] parent=58 id=com.google.android.youtube:id/subtitle_window_identifier text='संजय भाई आज का पेपर कैसा रहा आपके लिए?' desc='संजय भाई आज का पेपर कैसा रहा आपके लिए?' bounds=(754,863,1704,927) class=android.view.View
         1789127382.903 20544 20544 D YTV2_DUMP: [63] parent=58 id=com.google.android.youtube:id/subtitle_window_identifier text='ठीक था भैया। मतलब अच्छा ही अच्छा ही लगा' desc='ठीक था भैया। मतलब अच्छा ही अच्छा ही लगा' bounds=(754,927,1665,991) class=android.view.View
         1789127382.903 20544 20544 D YTV2_DUMP: [64] parent=61 id=null text='null' desc='0 minutes 1 second of 6 minutes 24 seconds' bounds=(163,831,2297,930) class=android.widget.SeekBar
         1789127382.935 20544 20544 D YTV2_DUMP: --> PARSED: kind=VIDEO watchConfirmed=true title='null' handle='null' display='null' channelId='null'
         1789127383.083 20544 20544 D YTV2_DUMP: [0] parent=null id=null text='null' desc='null' bounds=(0,0,2460,1080) class=android.widget.FrameLayout
         1789127383.084 20544 20544 D YTV2_DUMP: [1] parent=0 id=null text='null' desc='null' bounds=(0,0,2460,1080) class=android.widget.LinearLayout
         1789127383.084 20544 20544 D YTV2_DUMP: [2] parent=1 id=null text='null' desc='null' bounds=(0,0,2460,1080) class=android.widget.FrameLayout
         1789127383.084 20544 20544 D YTV2_DUMP: [3] parent=2 id=com.google.android.youtube:id/action_bar_root text='null' desc='null' bounds=(0,0,2460,1080) class=android.widget.LinearLayout
         1789127383.085 20544 20544 D YTV2_DUMP: [4] parent=3 id=android:id/content text='null' desc='null' bounds=(0,0,2460,1080) class=android.widget.FrameLayout
         1789127383.085 20544 20544 D YTV2_DUMP: [5] parent=4 id=com.google.android.youtube:id/more_drawer_container text='null' desc='null' bounds=(0,0,2460,1080) class=androidx.drawerlayout.widget.DrawerLayout
         1789127383.085 20544 20544 D YTV2_DUMP: [6] parent=4 id=com.google.android.youtube:id/reel_time_bar text='null' desc='null' bounds=(0,0,2460,1080) class=android.view.ViewGroup
         1789127383.085 20544 20544 D YTV2_DUMP: [7] parent=5 id=com.google.android.youtube:id/slim_status_bar_player_container text='null' desc='null' bounds=(0,0,2460,1080) class=android.widget.FrameLayout
         1789127383.085 20544 20544 D YTV2_DUMP: [8] parent=7 id=com.google.android.youtube:id/navigation_bar_divider_frame text='null' desc='null' bounds=(0,0,2460,1080) class=android.view.ViewGroup
         1789127383.085 20544 20544 D YTV2_DUMP: [9] parent=7 id=null text='null' desc='null' bounds=(0,0,2460,104) class=android.widget.FrameLayout
         1789127383.086 20544 20544 D YTV2_DUMP: [10] parent=7 id=null text='null' desc='null' bounds=(0,0,3,3) class=android.view.View
         1789127383.086 20544 20544 D YTV2_DUMP: [11] parent=8 id=com.google.android.youtube:id/global_slim_status_bar_container text='null' desc='null' bounds=(0,0,2460,1080) class=android.widget.FrameLayout
         1789127383.086 20544 20544 D YTV2_DUMP: [12] parent=8 id=com.google.android.youtube:id/accessibility_layer_container text='null' desc='null' bounds=(0,0,2460,1080) class=android.widget.FrameLayout
         1789127383.086 20544 20544 D YTV2_DUMP: [13] parent=12 id=com.google.android.youtube:id/fullscreen_mode_container text='null' desc='null' bounds=(0,0,2460,0) class=android.widget.FrameLayout
         1789127383.086 20544 20544 D YTV2_DUMP: [14] parent=12 id=com.google.android.youtube:id/next_gen_watch_container_layout text='null' desc='null' bounds=(0,0,2460,1080) class=android.view.ViewGroup
         1789127383.087 20544 20544 D YTV2_DUMP: [15] parent=12 id=com.google.android.youtube:id/bottom_bar_container text='null' desc='null' bounds=(0,1080,2460,1080) class=android.widget.LinearLayout
         1789127383.087 20544 20544 D YTV2_DUMP: [16] parent=14 id=com.google.android.youtube:id/scrim_view text='null' desc='null' bounds=(0,0,2460,1080) class=android.view.View
         1789127383.087 20544 20544 D YTV2_DUMP: [17] parent=14 id=com.google.android.youtube:id/next_gen_watch_layout_no_player_fragment_container text='null' desc='null' bounds=(0,0,2460,1080) class=android.view.ViewGroup
         1789127383.087 20544 20544 D YTV2_DUMP: [18] parent=17 id=com.google.android.youtube:id/watch_player text='null' desc='Video player' bounds=(0,0,2460,1080) class=android.widget.FrameLayout
         1789127383.087 20544 20544 D YTV2_DUMP: [19] parent=17 id=com.google.android.youtube:id/watch_while_time_bar_view text='null' desc='null' bounds=(0,0,2460,1080) class=android.view.ViewGroup
         1789127383.088 20544 20544 D YTV2_DUMP: [20] parent=17 id=com.google.android.youtube:id/watch_player_background text='null' desc='null' bounds=(0,0,2460,1080) class=android.widget.FrameLayout
         1789127383.088 20544 20544 D YTV2_DUMP: [21] parent=17 id=com.google.android.youtube:id/floaty_bar_controls_view text='null' desc='Minimised player' bounds=(1852,398,2204,926) class=android.widget.FrameLayout
         1789127383.088 20544 20544 D YTV2_DUMP: [22] parent=18 id=com.google.android.youtube:id/playerless_thumbnail text='null' desc='null' bounds=(0,0,2460,1080) class=android.widget.ImageView
         1789127383.088 20544 20544 D YTV2_DUMP: [23] parent=18 id=com.google.android.youtube:id/player_overlays text='null' desc='null' bounds=(0,0,2460,1080) class=android.view.ViewGroup
         1789127383.088 20544 20544 D YTV2_DUMP: [24] parent=18 id=com.google.android.youtube:id/player_fragment_container text='null' desc='null' bounds=(0,0,2460,1080) class=android.widget.FrameLayout
         1789127383.088 20544 20544 D YTV2_DUMP: [25] parent=18 id=null text='null' desc='null' bounds=(0,0,1,1) class=android.view.View
         1789127383.089 20544 20544 D YTV2_DUMP: [26] parent=20 id=com.google.android.youtube:id/cinematic_image_background text='null' desc='null' bounds=(0,0,2460,1080) class=android.widget.ImageView
         1789127383.089 20544 20544 D YTV2_DUMP: [27] parent=20 id=com.google.android.youtube:id/cinematic_scrim text='null' desc='null' bounds=(0,0,2460,1080) class=android.widget.ImageView
         1789127383.089 20544 20544 D YTV2_DUMP: [28] parent=23 id=null text='null' desc='null' bounds=(0,0,2460,1080) class=android.widget.FrameLayout
         1789127383.089 20544 20544 D YTV2_DUMP: [29] parent=23 id=null text='null' desc='null' bounds=(0,0,2460,1080) class=android.widget.FrameLayout
         1789127383.089 20544 20544 D YTV2_DUMP: [30] parent=23 id=null text='null' desc='null' bounds=(0,0,2460,1080) class=android.widget.FrameLayout
         1789127383.089 20544 20544 D YTV2_DUMP: [31] parent=23 id=null text='null' desc='null' bounds=(0,0,2460,1080) class=android.widget.FrameLayout
         1789127383.089 20544 20544 D YTV2_DUMP: [32] parent=23 id=null text='null' desc='null' bounds=(0,0,2460,1080) class=android.widget.FrameLayout
         1789127383.089 20544 20544 D YTV2_DUMP: [33] parent=23 id=null text='null' desc='null' bounds=(0,0,2460,1080) class=android.widget.FrameLayout
         1789127383.089 20544 20544 D YTV2_DUMP: [34] parent=23 id=null text='null' desc='null' bounds=(0,0,2460,1080) class=android.widget.FrameLayout
         1789127383.089 20544 20544 D YTV2_DUMP: [35] parent=23 id=null text='null' desc='null' bounds=(0,0,2460,1080) class=android.widget.FrameLayout
         1789127383.090 20544 20544 D YTV2_DUMP: [36] parent=23 id=com.google.android.youtube:id/player_overlays_custom_views_container text='null' desc='null' bounds=(130,0,2330,1080) class=android.widget.FrameLayout
         1789127383.090 20544 20544 D YTV2_DUMP: [37] parent=23 id=null text='null' desc='null' bounds=(130,0,2330,1080) class=android.widget.FrameLayout
         1789127383.090 20544 20544 D YTV2_DUMP: [38] parent=23 id=null text='null' desc='null' bounds=(130,0,2330,1080) class=android.widget.RelativeLayout
         1789127383.090 20544 20544 D YTV2_DUMP: [39] parent=23 id=null text='null' desc='null' bounds=(130,0,2330,1080) class=android.widget.FrameLayout
         1789127383.090 20544 20544 D YTV2_DUMP: [40] parent=23 id=null text='null' desc='null' bounds=(130,0,2330,1080) class=android.widget.FrameLayout
         1789127383.090 20544 20544 D YTV2_DUMP: [41] parent=24 id=com.google.android.youtube:id/player_view text='null' desc='null' bounds=(0,0,2460,1080) class=android.view.ViewGroup
         1789127383.090 20544 20544 D YTV2_DUMP: [42] parent=28 id=null text='null' desc='null' bounds=(0,0,2460,1080) class=android.widget.FrameLayout
         1789127383.090 20544 20544 D YTV2_DUMP: [43] parent=29 id=null text='null' desc='null' bounds=(0,0,2460,1080) class=android.widget.FrameLayout
         1789127383.090 20544 20544 D YTV2_DUMP: [44] parent=30 id=null text='null' desc='null' bounds=(0,0,2460,1080) class=android.widget.FrameLayout
         1789127383.090 20544 20544 D YTV2_DUMP: [45] parent=31 id=com.google.android.youtube:id/youtube_controls_overlay text='null' desc='null' bounds=(0,0,2460,1080) class=android.widget.FrameLayout
         1789127383.090 20544 20544 D YTV2_DUMP: [46] parent=34 id=null text='null' desc='null' bounds=(0,0,2460,1080) class=android.widget.FrameLayout
         1789127383.091 20544 20544 D YTV2_DUMP: [47] parent=35 id=com.google.android.youtube:id/fullscreen_engagement_panel_holder text='null' desc='null' bounds=(1450,0,2330,1080) class=android.view.ViewGroup
         1789127383.091 20544 20544 D YTV2_DUMP: [48] parent=39 id=null text='null' desc='null' bounds=(130,0,2330,1080) class=android.widget.FrameLayout
         1789127383.091 20544 20544 D YTV2_DUMP: [49] parent=41 id=null text='null' desc='null' bounds=(269,0,2190,1080) class=android.view.ViewGroup
         1789127383.091 20544 20544 D YTV2_DUMP: [50] parent=42 id=null text='null' desc='null' bounds=(0,0,2460,1080) class=android.view.ViewGroup
         1789127383.091 20544 20544 D YTV2_DUMP: [51] parent=43 id=null text='null' desc='null' bounds=(0,0,2460,1080) class=android.view.ViewGroup
         1789127383.091 20544 20544 D YTV2_DUMP: [52] parent=44 id=null text='null' desc='null' bounds=(0,0,2460,1080) class=android.view.ViewGroup
         1789127383.091 20544 20544 D YTV2_DUMP: [53] parent=45 id=com.google.android.youtube:id/inset_controls_overlay_wrapper text='null' desc='null' bounds=(0,0,2460,1080) class=android.widget.FrameLayout
         1789127383.091 20544 20544 D YTV2_DUMP: [54] parent=46 id=null text='null' desc='null' bounds=(0,0,2460,1080) class=android.view.ViewGroup
         1789127383.091 20544 20544 D YTV2_DUMP: [55] parent=48 id=null text='null' desc='null' bounds=(130,0,2330,1080) class=android.view.ViewGroup
         1789127383.091 20544 20544 D YTV2_DUMP: [56] parent=49 id=null text='null' desc='null' bounds=(269,0,2190,1080) class=android.view.ViewGroup
         1789127383.091 20544 20544 D YTV2_DUMP: [57] parent=53 id=com.google.android.youtube:id/inset_overlay_view_layout text='null' desc='null' bounds=(0,0,2460,1080) class=android.widget.FrameLayout
         1789127383.091 20544 20544 D YTV2_DUMP: [58] parent=54 id=null text='null' desc='null' bounds=(746,855,1712,999) class=android.view.ViewGroup
         1789127383.091 20544 20544 D YTV2_DUMP: [59] parent=56 id=null text='null' desc='null' bounds=(269,0,2190,1080) class=android.view.View
         1789127383.091 20544 20544 D YTV2_DUMP: [60] parent=56 id=null text='null' desc='null' bounds=(269,0,2190,1080) class=android.view.View
         1789127383.091 20544 20544 D YTV2_DUMP: [61] parent=57 id=com.google.android.youtube:id/watch_while_time_bar_view_overlay text='null' desc='null' bounds=(0,0,2460,1080) class=android.view.ViewGroup
         1789127383.091 20544 20544 D YTV2_DUMP: [62] parent=58 id=com.google.android.youtube:id/subtitle_window_identifier text='संजय भाई आज का पेपर कैसा रहा आपके लिए?' desc='संजय भाई आज का पेपर कैसा रहा आपके लिए?' bounds=(754,863,1704,927) class=android.view.View
         1789127383.092 20544 20544 D YTV2_DUMP: [63] parent=58 id=com.google.android.youtube:id/subtitle_window_identifier text='ठीक था भैया। मतलब अच्छा ही अच्छा ही लगा' desc='ठीक था भैया। मतलब अच्छा ही अच्छा ही लगा' bounds=(754,927,1665,991) class=android.view.View
         1789127383.092 20544 20544 D YTV2_DUMP: [64] parent=61 id=null text='null' desc='0 minutes 1 second of 6 minutes 24 seconds' bounds=(163,831,2297,930) class=android.widget.SeekBar
         1789127383.115 20544 20544 D YTV2_DUMP: --> PARSED: kind=VIDEO watchConfirmed=true title='null' handle='null' display='null' channelId='null'
         1789127384.722 20544 20544 D YTV2_DUMP: [0] parent=null id=null text='null' desc='null' bounds=(0,0,2460,1080) class=android.widget.FrameLayout
         1789127384.722 20544 20544 D YTV2_DUMP: [1] parent=0 id=null text='null' desc='null' bounds=(0,0,2460,1080) class=android.widget.LinearLayout
         1789127384.722 20544 20544 D YTV2_DUMP: [2] parent=1 id=null text='null' desc='null' bounds=(0,0,2460,1080) class=android.widget.FrameLayout
         1789127384.722 20544 20544 D YTV2_DUMP: [3] parent=2 id=com.google.android.youtube:id/action_bar_root text='null' desc='null' bounds=(0,0,2460,1080) class=android.widget.LinearLayout
         1789127384.722 20544 20544 D YTV2_DUMP: [4] parent=3 id=android:id/content text='null' desc='null' bounds=(0,0,2460,1080) class=android.widget.FrameLayout
         1789127384.722 20544 20544 D YTV2_DUMP: [5] parent=4 id=com.google.android.youtube:id/more_drawer_container text='null' desc='null' bounds=(0,0,2460,1080) class=androidx.drawerlayout.widget.DrawerLayout
         1789127384.722 20544 20544 D YTV2_DUMP: [6] parent=4 id=com.google.android.youtube:id/reel_time_bar text='null' desc='null' bounds=(0,0,2460,1080) class=android.view.ViewGroup
         1789127384.723 20544 20544 D YTV2_DUMP: [7] parent=5 id=com.google.android.youtube:id/slim_status_bar_player_container text='null' desc='null' bounds=(0,0,2460,1080) class=android.widget.FrameLayout
         1789127384.723 20544 20544 D YTV2_DUMP: [8] parent=7 id=com.google.android.youtube:id/navigation_bar_divider_frame text='null' desc='null' bounds=(0,0,2460,1080) class=android.view.ViewGroup
         1789127384.723 20544 20544 D YTV2_DUMP: [9] parent=7 id=null text='null' desc='null' bounds=(0,0,2460,104) class=android.widget.FrameLayout
         1789127384.723 20544 20544 D YTV2_DUMP: [10] parent=7 id=null text='null' desc='null' bounds=(0,0,3,3) class=android.view.View
         1789127384.723 20544 20544 D YTV2_DUMP: [11] parent=8 id=com.google.android.youtube:id/global_slim_status_bar_container text='null' desc='null' bounds=(0,0,2460,1080) class=android.widget.FrameLayout
         1789127384.723 20544 20544 D YTV2_DUMP: [12] parent=8 id=com.google.android.youtube:id/accessibility_layer_container text='null' desc='null' bounds=(0,0,2460,1080) class=android.widget.FrameLayout
         1789127384.723 20544 20544 D YTV2_DUMP: [13] parent=12 id=com.google.android.youtube:id/fullscreen_mode_container text='null' desc='null' bounds=(0,0,2460,0) class=android.widget.FrameLayout
         1789127384.723 20544 20544 D YTV2_DUMP: [14] parent=12 id=com.google.android.youtube:id/next_gen_watch_container_layout text='null' desc='null' bounds=(0,0,2460,1080) class=android.view.ViewGroup
         1789127384.723 20544 20544 D YTV2_DUMP: [15] parent=12 id=com.google.android.youtube:id/bottom_bar_container text='null' desc='null' bounds=(0,1080,2460,1080) class=android.widget.LinearLayout
         1789127384.723 20544 20544 D YTV2_DUMP: [16] parent=14 id=com.google.android.youtube:id/scrim_view text='null' desc='null' bounds=(0,0,2460,1080) class=android.view.View
         1789127384.723 20544 20544 D YTV2_DUMP: [17] parent=14 id=com.google.android.youtube:id/next_gen_watch_layout_no_player_fragment_container text='null' desc='null' bounds=(0,0,2460,1080) class=android.view.ViewGroup
         1789127384.723 20544 20544 D YTV2_DUMP: [18] parent=17 id=com.google.android.youtube:id/watch_player text='null' desc='Video player' bounds=(0,0,2460,1080) class=android.widget.FrameLayout
         1789127384.723 20544 20544 D YTV2_DUMP: [19] parent=17 id=com.google.android.youtube:id/watch_while_time_bar_view text='null' desc='null' bounds=(0,0,2460,1080) class=android.view.ViewGroup
         1789127384.723 20544 20544 D YTV2_DUMP: [20] parent=17 id=com.google.android.youtube:id/watch_player_background text='null' desc='null' bounds=(0,0,2460,1080) class=android.widget.FrameLayout
         1789127384.723 20544 20544 D YTV2_DUMP: [21] parent=17 id=com.google.android.youtube:id/floaty_bar_controls_view text='null' desc='Minimised player' bounds=(1852,398,2204,926) class=android.widget.FrameLayout
         1789127384.723 20544 20544 D YTV2_DUMP: [22] parent=18 id=com.google.android.youtube:id/playerless_thumbnail text='null' desc='null' bounds=(0,0,2460,1080) class=android.widget.ImageView
         1789127384.723 20544 20544 D YTV2_DUMP: [23] parent=18 id=com.google.android.youtube:id/player_overlays text='null' desc='null' bounds=(0,0,2460,1080) class=android.view.ViewGroup
         1789127384.723 20544 20544 D YTV2_DUMP: [24] parent=18 id=com.google.android.youtube:id/player_fragment_container text='null' desc='null' bounds=(0,0,2460,1080) class=android.widget.FrameLayout
         1789127384.723 20544 20544 D YTV2_DUMP: [25] parent=18 id=null text='null' desc='null' bounds=(0,0,1,1) class=android.view.View
         1789127384.723 20544 20544 D YTV2_DUMP: [26] parent=20 id=com.google.android.youtube:id/cinematic_image_background text='null' desc='null' bounds=(0,0,2460,1080) class=android.widget.ImageView
         1789127384.723 20544 20544 D YTV2_DUMP: [27] parent=20 id=com.google.android.youtube:id/cinematic_scrim text='null' desc='null' bounds=(0,0,2460,1080) class=android.widget.ImageView
         1789127384.723 20544 20544 D YTV2_DUMP: [28] parent=23 id=null text='null' desc='null' bounds=(0,0,2460,1080) class=android.widget.FrameLayout
         1789127384.724 20544 20544 D YTV2_DUMP: [29] parent=23 id=null text='null' desc='null' bounds=(0,0,2460,1080) class=android.widget.FrameLayout
         1789127384.724 20544 20544 D YTV2_DUMP: [30] parent=23 id=null text='null' desc='null' bounds=(0,0,2460,1080) class=android.widget.FrameLayout
         1789127384.724 20544 20544 D YTV2_DUMP: [31] parent=23 id=null text='null' desc='null' bounds=(0,0,2460,1080) class=android.widget.FrameLayout
         1789127384.724 20544 20544 D YTV2_DUMP: [32] parent=23 id=null text='null' desc='null' bounds=(0,0,2460,1080) class=android.widget.FrameLayout
         1789127384.724 20544 20544 D YTV2_DUMP: [33] parent=23 id=null text='null' desc='null' bounds=(0,0,2460,1080) class=android.widget.FrameLayout
         1789127384.724 20544 20544 D YTV2_DUMP: [34] parent=23 id=null text='null' desc='null' bounds=(0,0,2460,1080) class=android.widget.FrameLayout
         1789127384.724 20544 20544 D YTV2_DUMP: [35] parent=23 id=null text='null' desc='null' bounds=(0,0,2460,1080) class=android.widget.FrameLayout
         1789127384.724 20544 20544 D YTV2_DUMP: [36] parent=23 id=com.google.android.youtube:id/player_overlays_custom_views_container text='null' desc='null' bounds=(130,0,2330,1080) class=android.widget.FrameLayout
         1789127384.724 20544 20544 D YTV2_DUMP: [37] parent=23 id=null text='null' desc='null' bounds=(130,0,2330,1080) class=android.widget.FrameLayout
         1789127384.724 20544 20544 D YTV2_DUMP: [38] parent=23 id=null text='null' desc='null' bounds=(130,0,2330,1080) class=android.widget.RelativeLayout
         1789127384.724 20544 20544 D YTV2_DUMP: [39] parent=23 id=null text='null' desc='null' bounds=(130,0,2330,1080) class=android.widget.FrameLayout
         1789127384.724 20544 20544 D YTV2_DUMP: [40] parent=23 id=null text='null' desc='null' bounds=(130,0,2330,1080) class=android.widget.FrameLayout
         1789127384.724 20544 20544 D YTV2_DUMP: [41] parent=24 id=com.google.android.youtube:id/player_view text='null' desc='null' bounds=(0,0,2460,1080) class=android.view.ViewGroup
         1789127384.724 20544 20544 D YTV2_DUMP: [42] parent=28 id=null text='null' desc='null' bounds=(0,0,2460,1080) class=android.widget.FrameLayout
         1789127384.724 20544 20544 D YTV2_DUMP: [43] parent=29 id=null text='null' desc='null' bounds=(0,0,2460,1080) class=android.widget.FrameLayout
         1789127384.724 20544 20544 D YTV2_DUMP: [44] parent=30 id=null text='null' desc='null' bounds=(0,0,2460,1080) class=android.widget.FrameLayout
         1789127384.724 20544 20544 D YTV2_DUMP: [46] parent=34 id=null text='null' desc='null' bounds=(0,0,2460,1080) class=android.widget.FrameLayout
         1789127384.724 20544 20544 D YTV2_DUMP: [47] parent=35 id=com.google.android.youtube:id/fullscreen_engagement_panel_holder text='null' desc='null' bounds=(1450,0,2330,1080) class=android.view.ViewGroup
         1789127384.724 20544 20544 D YTV2_DUMP: [48] parent=40 id=null text='null' desc='null' bounds=(130,0,2330,1080) class=android.widget.FrameLayout
         1789127384.725 20544 20544 D YTV2_DUMP: [49] parent=41 id=null text='null' desc='null' bounds=(269,0,2190,1080) class=android.view.ViewGroup
         1789127384.725 20544 20544 D YTV2_DUMP: [50] parent=42 id=null text='null' desc='null' bounds=(0,0,2460,1080) class=android.view.ViewGroup
         1789127384.725 20544 20544 D YTV2_DUMP: [51] parent=43 id=null text='null' desc='null' bounds=(0,0,2460,1080) class=android.view.ViewGroup
         1789127384.725 20544 20544 D YTV2_DUMP: [52] parent=44 id=null text='null' desc='null' bounds=(0,0,2460,1080) class=android.view.ViewGroup
         1789127384.725 20544 20544 D YTV2_DUMP: [53] parent=45 id=com.google.android.youtube:id/inset_controls_overlay_wrapper text='null' desc='null' bounds=(0,0,2460,1080) class=android.widget.FrameLayout
         1789127384.725 20544 20544 D YTV2_DUMP: [54] parent=45 id=com.google.android.youtube:id/top_gradient_scrim_overlay text='null' desc='null' bounds=(0,0,2460,495) class=android.widget.ImageView
         1789127384.725 20544 20544 D YTV2_DUMP: [55] parent=45 id=com.google.android.youtube:id/bottom_gradient_scrim_overlay text='null' desc='null' bounds=(0,585,2460,1080) class=android.widget.ImageView
         1789127384.725 20544 20544 D YTV2_DUMP: [56] parent=46 id=null text='null' desc='null' bounds=(0,0,2460,1080) class=android.view.ViewGroup
         1789127384.725 20544 20544 D YTV2_DUMP: [57] parent=48 id=null text='null' desc='null' bounds=(130,88,2330,766) class=android.view.ViewGroup
         1789127384.725 20544 20544 D YTV2_DUMP: [58] parent=49 id=null text='null' desc='null' bounds=(269,0,2190,1080) class=android.view.ViewGroup
         1789127384.725 20544 20544 D YTV2_DUMP: [59] parent=53 id=com.google.android.youtube:id/inset_overlay_view_layout text='null' desc='null' bounds=(0,0,2460,1080) class=android.widget.FrameLayout
         1789127384.725 20544 20544 D YTV2_DUMP: [60] parent=56 id=null text='null' desc='null' bounds=(746,608,1712,752) class=android.view.ViewGroup
         1789127384.725 20544 20544 D YTV2_DUMP: [61] parent=58 id=null text='null' desc='null' bounds=(269,0,2190,1080) class=android.view.View
         1789127384.725 20544 20544 D YTV2_DUMP: [62] parent=58 id=null text='null' desc='null' bounds=(269,0,2190,1080) class=android.view.View
         1789127384.725 20544 20544 D YTV2_DUMP: [63] parent=59 id=com.google.android.youtube:id/controls_layout text='null' desc='null' bounds=(0,0,2460,1080) class=android.widget.RelativeLayout
         1789127384.725 20544 20544 D YTV2_DUMP: [64] parent=59 id=com.google.android.youtube:id/watch_while_time_bar_view_overlay text='null' desc='null' bounds=(0,0,2460,1080) class=android.view.ViewGroup
         1789127384.725 20544 20544 D YTV2_DUMP: [65] parent=59 id=null text='null' desc='null' bounds=(0,132,2460,1080) class=android.widget.LinearLayout
         1789127384.726 20544 20544 D YTV2_DUMP: [66] parent=60 id=com.google.android.youtube:id/subtitle_window_identifier text='संजय भाई आज का पेपर कैसा रहा आपके लिए?' desc='संजय भाई आज का पेपर कैसा रहा आपके लिए?' bounds=(754,616,1704,680) class=android.view.View
         1789127384.726 20544 20544 D YTV2_DUMP: [67] parent=60 id=com.google.android.youtube:id/subtitle_window_identifier text='ठीक था भैया। मतलब अच्छा ही अच्छा ही लगा' desc='ठीक था भैया। मतलब अच्छा ही अच्छा ही लगा' bounds=(754,680,1665,744) class=android.view.View
         1789127384.726 20544 20544 D YTV2_DUMP: [68] parent=63 id=com.google.android.youtube:id/title_anchor text='null' desc='null' bounds=(240,0,240,0) class=android.view.View
         1789127384.726 20544 20544 D YTV2_DUMP: [69] parent=63 id=com.google.android.youtube:id/player_collapse_button text='null' desc='Minimise' bounds=(130,0,262,132) class=android.widget.ImageView
         1789127384.726 20544 20544 D YTV2_DUMP: [70] parent=63 id=com.google.android.youtube:id/player_video_heading text='null' desc='null' bounds=(284,0,1780,166) class=android.widget.FrameLayout
         1789127384.726 20544 20544 D YTV2_DUMP: [71] parent=63 id=com.google.android.youtube:id/ads_additional_view_container text='null' desc='null' bounds=(2198,6,2198,6) class=android.widget.LinearLayout
         1789127384.726 20544 20544 D YTV2_DUMP: [72] parent=63 id=com.google.android.youtube:id/autonav_toggle text='null' desc='null' bounds=(1780,6,1912,138) class=android.widget.FrameLayout
         1789127384.726 20544 20544 D YTV2_DUMP: [73] parent=63 id=com.google.android.youtube:id/player_additional_view_container text='null' desc='null' bounds=(1912,6,2198,138) class=android.widget.LinearLayout
         1789127384.726 20544 20544 D YTV2_DUMP: [74] parent=63 id=com.google.android.youtube:id/player_overflow_button text='null' desc='More options' bounds=(2198,6,2330,138) class=android.widget.ImageView
         1789127384.726 20544 20544 D YTV2_DUMP: [75] parent=63 id=com.google.android.youtube:id/controls_button_group_layout text='null' desc='null' bounds=(130,430,2330,650) class=android.widget.RelativeLayout
         1789127384.726 20544 20544 D YTV2_DUMP: [76] parent=63 id=com.google.android.youtube:id/youtube_controls_bottom_ui_container text='null' desc='null' bounds=(130,606,2330,1080) class=android.view.ViewGroup
         1789127384.726 20544 20544 D YTV2_DUMP: [77] parent=64 id=null text='null' desc='0 minutes 2 seconds of 6 minutes 24 seconds' bounds=(163,831,2297,930) class=android.widget.SeekBar
         1789127384.726 20544 20544 D YTV2_DUMP: [78] parent=65 id=com.google.android.youtube:id/related_endscreen_results text='null' desc='Related videos and playlists. Swipe up with two fingers to open' bounds=(0,1058,2460,1080) class=android.support.v7.widget.RecyclerView
         1789127384.726 20544 20544 D YTV2_DUMP: [79] parent=70 id=null text='null' desc='null' bounds=(284,0,1780,166) class=android.view.ViewGroup
         1789127384.726 20544 20544 D YTV2_DUMP: [80] parent=72 id=com.google.android.youtube:id/autonav_toggle_button text='null' desc='Auto-play is on' bounds=(1791,6,1901,138) class=android.widget.Switch
         1789127384.727 20544 20544 D YTV2_DUMP: [81] parent=73 id=com.google.android.youtube:id/player_mdx_entry_point_button text='null' desc='Cast' bounds=(1923,6,2055,138) class=android.widget.Button
         1789127384.727 20544 20544 D YTV2_DUMP: [82] parent=73 id=com.google.android.youtube:id/player_subtitle_button text='null' desc='Captions' bounds=(2066,6,2198,138) class=android.widget.ImageView
         1789127384.727 20544 20544 D YTV2_DUMP: [83] parent=75 id=com.google.android.youtube:id/player_control_previous_button_touch_area text='null' desc='null' bounds=(922,474,1054,606) class=android.widget.FrameLayout
         1789127384.727 20544 20544 D YTV2_DUMP: [84] parent=75 id=com.google.android.youtube:id/player_control_play_pause_replay_button_touch_area text='null' desc='null' bounds=(1120,430,1340,650) class=android.widget.FrameLayout
         1789127384.727 20544 20544 D YTV2_DUMP: [85] parent=75 id=com.google.android.youtube:id/player_control_next_button_touch_area text='null' desc='null' bounds=(1406,474,1538,606) class=android.widget.FrameLayout
         1789127384.727 20544 20544 D YTV2_DUMP: [86] parent=76 id=com.google.android.youtube:id/big_boards_timestamp_viewstub_holder text='null' desc='null' bounds=(130,695,2330,783) class=android.widget.FrameLayout
         1789127384.727 20544 20544 D YTV2_DUMP: [87] parent=76 id=com.google.android.youtube:id/timestamps_container text='null' desc='0 minutes 4 seconds elapsed of 6 minutes 25 seconds' bounds=(163,750,392,882) class=android.widget.LinearLayout
         1789127384.727 20544 20544 D YTV2_DUMP: [88] parent=76 id=com.google.android.youtube:id/time_bar_chapter_title_container text='null' desc='null' bounds=(370,750,2165,882) class=android.widget.FrameLayout
         1789127384.727 20544 20544 D YTV2_DUMP: [89] parent=76 id=com.google.android.youtube:id/fullscreen_button text='null' desc='Exit full screen' bounds=(2165,750,2330,882) class=android.widget.ImageView
         1789127384.727 20544 20544 D YTV2_DUMP: [90] parent=76 id=com.google.android.youtube:id/bottom_end_container text='null' desc='null' bounds=(2165,874,2165,882) class=android.widget.LinearLayout
         1789127384.727 20544 20544 D YTV2_DUMP: [91] parent=76 id=com.google.android.youtube:id/quick_actions_container text='null' desc='null' bounds=(130,882,2330,1080) class=android.widget.FrameLayout
         1789127384.727 20544 20544 D YTV2_DUMP: [92] parent=78 id=null text='null' desc='null' bounds=(152,1058,1230,1080) class=android.view.ViewGroup
         1789127384.727 20544 20544 D YTV2_DUMP: [93] parent=78 id=null text='null' desc='Books & Authors: 100% Selection वाली Secret List| By Aman Sir – 14 minutes, 11 seconds – Go to channel SSC LAB – SSC LAB, verified - 1.1 lakh views - 8 months ago – play video' bounds=(1230,1058,2308,1080) class=android.view.ViewGroup
         1789127384.727 20544 20544 D YTV2_DUMP: [94] parent=78 id=null text='null' desc='SSC CHSL AIR 13 REVEALS HER SECRET STRATEGY | PARMAR PODCAST – 10 minutes –  – PARMAR SSC and 2 more, verified - 84K views - 2 weeks ago – play video' bounds=(2308,1058,2460,1080) class=android.view.ViewGroup
         1789127384.727 20544 20544 D YTV2_DUMP: [95] parent=79 id=null text='null' desc='null' bounds=(284,0,1670,166) class=android.widget.Button
         1789127384.728 20544 20544 D YTV2_DUMP: [96] parent=83 id=com.google.android.youtube:id/player_control_previous_button text='null' desc='Previous video' bounds=(933,485,1043,595) class=android.widget.ImageView
         1789127384.728 20544 20544 D YTV2_DUMP: [97] parent=84 id=com.google.android.youtube:id/player_control_play_pause_replay_button text='null' desc='Pause video' bounds=(1153,463,1307,617) class=android.widget.ImageView
         1789127384.728 20544 20544 D YTV2_DUMP: [98] parent=85 id=com.google.android.youtube:id/player_control_next_button text='null' desc='Next video' bounds=(1417,485,1527,595) class=android.widget.ImageView
         1789127384.728 20544 20544 D YTV2_DUMP: [99] parent=87 id=com.google.android.youtube:id/timestamps_inner_container text='null' desc='null' bounds=(163,770,392,840) class=android.widget.LinearLayout
         1789127384.728 20544 20544 D YTV2_DUMP: [100] parent=91 id=com.google.android.youtube:id/quick_actions_element_container text='null' desc='null' bounds=(130,915,2330,1080) class=android.widget.FrameLayout
         1789127384.728 20544 20544 D YTV2_DUMP: [101] parent=92 id=null text='null' desc='Sponsored – Stand out this semester with Creative Cloud Pro. Now ₹399/mo for Students. – 15 seconds – Get Photoshop, Premiere and more with Creative Cloud Pro for students. – adobe.com - Link opens in new window' bounds=(174,1080,1208,1080) class=android.widget.Button
         1789127384.728 20544 20544 D YTV2_DUMP: [102] parent=92 id=null text='null' desc='null' bounds=(174,1824,1208,1080) class=android.view.ViewGroup
         1789127384.728 20544 20544 D YTV2_DUMP: [103] parent=93 id=null text='null' desc='Books & Authors: 100% Selection वाली Secret List| By Aman Sir – 14 minutes, 11 seconds – Go to channel SSC LAB – SSC LAB, verified - 1.1 lakh views - 8 months ago – play video' bounds=(1252,1080,2286,1080) class=android.widget.Button
         1789127384.728 20544 20544 D YTV2_DUMP: [104] parent=94 id=null text='null' desc='SSC CHSL AIR 13 REVEALS HER SECRET STRATEGY | PARMAR PODCAST – 10 minutes –  – PARMAR SSC and 2 more, verified - 84K views - 2 weeks ago – play video' bounds=(2330,1080,2460,1080) class=android.widget.Button
         1789127384.728 20544 20544 D YTV2_DUMP: [105] parent=95 id=null text='SSC Steno Exam 2026 | 11 September 1st Shift Review | Students ने बताया सच' desc='SSC Steno Exam 2026 | 11 September 1st Shift Review | Students ने बताया सच' bounds=(284,33,1670,96) class=android.view.ViewGroup
         1789127384.728 20544 20544 D YTV2_DUMP: [106] parent=95 id=null text='@Shikshaaspot' desc='@Shikshaaspot' bounds=(284,107,1670,155) class=android.view.ViewGroup
         1789127384.728 20544 20544 D YTV2_DUMP: [107] parent=99 id=com.google.android.youtube:id/time_bar_current_time text='0:04' desc='null' bounds=(185,781,262,829) class=android.widget.TextView
         1789127384.728 20544 20544 D YTV2_DUMP: [108] parent=99 id=com.google.android.youtube:id/time_bar_total_time text=' / 6:25' desc='null' bounds=(262,781,370,829) class=android.widget.TextView
         1789127384.729 20544 20544 D YTV2_DUMP: [109] parent=100 id=null text='null' desc='null' bounds=(130,915,2330,1080) class=android.view.ViewGroup
         1789127384.729 20544 20544 D YTV2_DUMP: [110] parent=101 id=null text='null' desc='null' bounds=(174,1080,1208,1080) class=android.widget.ImageView
         1789127384.729 20544 20544 D YTV2_DUMP: [111] parent=101 id=null text='null' desc='null' bounds=(174,1080,1208,1080) class=android.view.ViewGroup
         1789127384.729 20544 20544 D YTV2_DUMP: [112] parent=101 id=null text='null' desc='Watch' bounds=(196,1530,418,1080) class=android.widget.Button
         1789127384.729 20544 20544 D YTV2_DUMP: [113] parent=101 id=null text='null' desc='null' bounds=(1117,1570,1194,1080) class=android.widget.ImageView
         1789127384.729 20544 20544 D YTV2_DUMP: [114] parent=101 id=null text='null' desc='null' bounds=(174,1662,1208,1080) class=android.view.ViewGroup
         1789127384.729 20544 20544 D YTV2_DUMP: [115] parent=103 id=null text='null' desc='null' bounds=(1252,1080,2286,1080) class=android.view.ViewGroup
         1789127384.729 20544 20544 D YTV2_DUMP: [116] parent=103 id=null text='null' desc='null' bounds=(1252,1662,2286,1080) class=android.view.ViewGroup
         1789127384.729 20544 20544 D YTV2_DUMP: [117] parent=104 id=null text='null' desc='null' bounds=(2330,1080,2460,1080) class=android.view.ViewGroup
         1789127384.729 20544 20544 D YTV2_DUMP: [118] parent=104 id=null text='null' desc='null' bounds=(2330,1662,2460,1080) class=android.view.ViewGroup
         1789127384.729 20544 20544 D YTV2_DUMP: [119] parent=109 id=null text='null' desc='like this video along with 127 other people' bounds=(163,915,292,1047) class=android.widget.ToggleButton
         1789127384.729 20544 20544 D YTV2_DUMP: [120] parent=109 id=null text='null' desc='Dislike this video' bounds=(292,915,424,1047) class=android.widget.ToggleButton
         1789127384.729 20544 20544 D YTV2_DUMP: [121] parent=109 id=null text='null' desc='Comments' bounds=(424,915,556,1047) class=android.widget.Button
         1789127384.729 20544 20544 D YTV2_DUMP: [122] parent=109 id=null text='null' desc='Save to playlist' bounds=(556,915,688,1047) class=android.widget.Button
         1789127384.729 20544 20544 D YTV2_DUMP: [123] parent=109 id=null text='null' desc='Share' bounds=(688,915,820,1047) class=android.widget.Button
         1789127384.730 20544 20544 D YTV2_DUMP: [124] parent=109 id=null text='null' desc='Ask' bounds=(820,915,952,1047) class=android.widget.Button
         1789127384.730 20544 20544 D YTV2_DUMP: [125] parent=109 id=null text='null' desc='More actions' bounds=(952,915,1084,1047) class=android.widget.Button
         1789127384.730 20544 20544 D YTV2_DUMP: [126] parent=109 id=null text='null' desc='More videos' bounds=(1809,915,2297,1047) class=android.widget.Button
         1789127384.730 20544 20544 D YTV2_DUMP: [127] parent=111 id=null text='null' desc='null' bounds=(174,1080,1208,1080) class=android.widget.ImageView
         1789127384.730 20544 20544 D YTV2_DUMP: [128] parent=112 id=null text='null' desc='Watch' bounds=(196,1530,418,1080) class=android.widget.Button
         1789127384.730 20544 20544 D YTV2_DUMP: [129] parent=114 id=null text='null' desc='null' bounds=(174,1695,273,1080) class=android.widget.ImageView
         1789127384.730 20544 20544 D YTV2_DUMP: [130] parent=114 id=null text='null' desc='null' bounds=(306,1753,518,1080) class=android.view.ViewGroup
         1789127384.730 20544 20544 D YTV2_DUMP: [131] parent=114 id=null text='null' desc='null' bounds=(529,1753,715,1080) class=android.view.ViewGroup
         1789127384.730 20544 20544 D YTV2_DUMP: [132] parent=114 id=null text='null' desc='More options' bounds=(1142,1695,1208,1080) class=android.widget.Button
         1789127384.730 20544 20544 D YTV2_DUMP: [133] parent=115 id=null text='null' desc='null' bounds=(1252,1080,2286,1080) class=android.widget.ImageView
         1789127384.730 20544 20544 D YTV2_DUMP: [134] parent=115 id=null text='null' desc='14 minutes, 11 seconds' bounds=(2158,1590,2269,1080) class=android.view.ViewGroup
         1789127384.730 20544 20544 D YTV2_DUMP: [135] parent=116 id=null text='null' desc='Go to channel SSC LAB' bounds=(1252,1695,1351,1080) class=android.widget.Button
         1789127384.730 20544 20544 D YTV2_DUMP: [136] parent=116 id=null text='null' desc='null' bounds=(1373,1695,2198,1080) class=android.view.ViewGroup
         1789127384.730 20544 20544 D YTV2_DUMP: [137] parent=116 id=null text='null' desc='Action menu' bounds=(2198,1695,2264,1080) class=android.widget.Button
         1789127384.730 20544 20544 D YTV2_DUMP: [138] parent=117 id=null text='null' desc='null' bounds=(2330,1080,2460,1080) class=android.widget.ImageView
         1789127384.730 20544 20544 D YTV2_DUMP: [139] parent=117 id=null text='null' desc='10 minutes' bounds=(2460,1590,2460,1080) class=android.view.ViewGroup
         1789127384.730 20544 20544 D YTV2_DUMP: [140] parent=118 id=null text='null' desc='Collaboration channels' bounds=(2330,1695,2418,1080) class=android.widget.Button
         1789127384.730 20544 20544 D YTV2_DUMP: [141] parent=118 id=null text='null' desc='null' bounds=(2440,1695,2460,1080) class=android.view.ViewGroup
         1789127384.730 20544 20544 D YTV2_DUMP: [142] parent=118 id=null text='null' desc='Action menu' bounds=(2460,1695,2460,1080) class=android.widget.Button
         1789127384.730 20544 20544 D YTV2_DUMP: [143] parent=119 id=null text='null' desc='null' bounds=(193,947,262,1016) class=android.view.ViewGroup
         1789127384.730 20544 20544 D YTV2_DUMP: [144] parent=120 id=null text='null' desc='null' bounds=(325,948,391,1014) class=android.widget.ImageView
         1789127384.730 20544 20544 D YTV2_DUMP: [145] parent=121 id=null text='null' desc='null' bounds=(457,948,523,1014) class=android.widget.ImageView
         1789127384.730 20544 20544 D YTV2_DUMP: [146] parent=122 id=null text='null' desc='null' bounds=(589,948,655,1014) class=android.widget.ImageView
         1789127384.730 20544 20544 D YTV2_DUMP: [147] parent=123 id=null text='null' desc='null' bounds=(721,948,787,1014) class=android.widget.ImageView
         1789127384.730 20544 20544 D YTV2_DUMP: [148] parent=124 id=null text='null' desc='null' bounds=(853,948,919,1014) class=android.widget.ImageView
         1789127384.730 20544 20544 D YTV2_DUMP: [149] parent=125 id=null text='null' desc='null' bounds=(969,932,1068,1031) class=android.view.ViewGroup
         1789127384.730 20544 20544 D YTV2_DUMP: [150] parent=126 id=null text='null' desc='null' bounds=(1831,955,2099,1008) class=android.view.ViewGroup
         1789127384.730 20544 20544 D YTV2_DUMP: [151] parent=126 id=null text='null' desc='null' bounds=(2099,915,2275,1047) class=android.view.ViewGroup
         1789127384.730 20544 20544 D YTV2_DUMP: [152] parent=128 id=null text='Watch' desc='Watch' bounds=(243,1558,371,1080) class=android.view.ViewGroup
         1789127384.731 20544 20544 D YTV2_DUMP: [153] parent=130 id=null text='Sponsored' desc='Sponsored' bounds=(306,1753,489,1080) class=android.view.ViewGroup
         1789127384.731 20544 20544 D YTV2_DUMP: [154] parent=131 id=null text='adobe.com' desc='adobe.com' bounds=(529,1753,715,1080) class=android.view.ViewGroup
         1789127384.731 20544 20544 D YTV2_DUMP: [155] parent=134 id=null text='14:11' desc='14:11' bounds=(2175,1593,2252,1080) class=android.view.ViewGroup
         1789127384.731 20544 20544 D YTV2_DUMP: [156] parent=136 id=null text='null' desc='null' bounds=(1373,1695,2198,1080) class=android.view.ViewGroup
         1789127384.731 20544 20544 D YTV2_DUMP: [157] parent=139 id=null text='10:00' desc='10:00' bounds=(2460,1593,2460,1080) class=android.view.ViewGroup
         1789127384.731 20544 20544 D YTV2_DUMP: [158] parent=140 id=null text='null' desc='null' bounds=(2330,1695,2418,1080) class=android.view.ViewGroup
         1789127384.731 20544 20544 D YTV2_DUMP: [159] parent=141 id=null text='null' desc='null' bounds=(2440,1695,2460,1080) class=android.view.ViewGroup
         1789127384.731 20544 20544 D YTV2_DUMP: [160] parent=143 id=null text='null' desc='null' bounds=(193,947,262,1016) class=android.view.ViewGroup
         1789127384.731 20544 20544 D YTV2_DUMP: [161] parent=149 id=null text='null' desc='null' bounds=(985,948,1051,1014) class=android.widget.ImageView
         1789127384.731 20544 20544 D YTV2_DUMP: [162] parent=150 id=null text='More videos' desc='More videos' bounds=(1831,955,2077,1008) class=android.view.ViewGroup
         1789127384.731 20544 20544 D YTV2_DUMP: [163] parent=151 id=null text='null' desc='null' bounds=(2099,937,2264,1025) class=android.widget.ImageView
         1789127384.731 20544 20544 D YTV2_DUMP: [164] parent=156 id=null text='null' desc='null' bounds=(1373,1695,2198,1080) class=android.view.ViewGroup
         1789127384.731 20544 20544 D YTV2_DUMP: [165] parent=156 id=null text='null' desc='null' bounds=(1373,1752,1875,1080) class=android.view.ViewGroup
         1789127384.731 20544 20544 D YTV2_DUMP: [166] parent=158 id=null text='null' desc='null' bounds=(2330,1733,2380,1080) class=android.view.ViewGroup
         1789127384.731 20544 20544 D YTV2_DUMP: [167] parent=158 id=null text='null' desc='null' bounds=(2349,1695,2399,1080) class=android.view.ViewGroup
         1789127384.731 20544 20544 D YTV2_DUMP: [168] parent=158 id=null text='null' desc='null' bounds=(2368,1733,2418,1080) class=android.view.ViewGroup
         1789127384.731 20544 20544 D YTV2_DUMP: [169] parent=159 id=null text='null' desc='null' bounds=(2440,1695,2460,1080) class=android.view.ViewGroup
         1789127384.731 20544 20544 D YTV2_DUMP: [170] parent=159 id=null text='null' desc='null' bounds=(2440,1752,2460,1080) class=android.view.ViewGroup
         1789127384.731 20544 20544 D YTV2_DUMP: [171] parent=160 id=null text='null' desc='null' bounds=(193,947,262,1016) class=android.widget.ImageView
         1789127384.731 20544 20544 D YTV2_DUMP: [172] parent=164 id=null text='Books & Authors: 100% Selection वाली Secret List| By Aman Sir' desc='Books & Authors: 100% Selection वाली Secret List| By Aman Sir' bounds=(1373,1695,2198,1080) class=android.view.ViewGroup
         1789127384.731 20544 20544 D YTV2_DUMP: [173] parent=165 id=null text='SSC LAB          1.1 lakh   8 mo ago' desc='SSC LAB          1.1 lakh   8 mo ago' bounds=(1373,1752,1875,1080) class=android.view.ViewGroup
         1789127384.731 20544 20544 D YTV2_DUMP: [174] parent=166 id=null text='null' desc='null' bounds=(2330,1733,2380,1080) class=android.widget.ImageView
         1789127384.731 20544 20544 D YTV2_DUMP: [175] parent=167 id=null text='null' desc='null' bounds=(2349,1695,2399,1080) class=android.widget.ImageView
         1789127384.731 20544 20544 D YTV2_DUMP: [176] parent=168 id=null text='null' desc='null' bounds=(2368,1733,2418,1080) class=android.widget.ImageView
         1789127384.731 20544 20544 D YTV2_DUMP: [177] parent=169 id=null text='SSC CHSL AIR 13 REVEALS HER SECRET STRATEGY | PARMAR PODCAST' desc='SSC CHSL AIR 13 REVEALS HER SECRET STRATEGY | PARMAR PODCAST' bounds=(2440,1695,2460,1080) class=android.view.ViewGroup
         1789127384.731 20544 20544 D YTV2_DUMP: [178] parent=170 id=null text='PARMAR SSC and 2 more          84K   2 wk ago' desc='PARMAR SSC and 2 more          84K   2 wk ago' bounds=(2440,1752,2460,1080) class=android.view.ViewGroup
         1789127384.752 20544 20544 D YTV2_DUMP: --> PARSED: kind=VIDEO watchConfirmed=true title='null' handle='null' display='null' channelId='null'
         1789127414.100 20544 20544 D YTV2_DUMP: [0] parent=null id=null text='null' desc='null' bounds=(0,0,1080,2460) class=android.widget.FrameLayout
         1789127414.101 20544 20544 D YTV2_DUMP: [1] parent=0 id=null text='null' desc='null' bounds=(0,0,1080,2460) class=android.widget.LinearLayout
         1789127414.101 20544 20544 D YTV2_DUMP: [2] parent=0 id=android:id/navigationBarBackground text='null' desc='null' bounds=(0,2330,1080,2460) class=android.view.View
         1789127414.102 20544 20544 D YTV2_DUMP: [3] parent=1 id=null text='null' desc='null' bounds=(0,0,1080,2460) class=android.widget.FrameLayout
         1789127414.102 20544 20544 D YTV2_DUMP: [4] parent=3 id=com.google.android.youtube:id/action_bar_root text='null' desc='null' bounds=(0,0,1080,2460) class=android.widget.LinearLayout
         1789127414.102 20544 20544 D YTV2_DUMP: [5] parent=4 id=android:id/content text='null' desc='null' bounds=(0,0,1080,2460) class=android.widget.FrameLayout
         1789127414.102 20544 20544 D YTV2_DUMP: [6] parent=5 id=com.google.android.youtube:id/more_drawer_container text='null' desc='null' bounds=(0,0,1080,2460) class=androidx.drawerlayout.widget.DrawerLayout
         1789127414.102 20544 20544 D YTV2_DUMP: [7] parent=5 id=com.google.android.youtube:id/reel_time_bar text='null' desc='null' bounds=(0,0,1080,2460) class=android.view.ViewGroup
         1789127414.102 20544 20544 D YTV2_DUMP: [8] parent=6 id=com.google.android.youtube:id/slim_status_bar_player_container text='null' desc='null' bounds=(0,0,1080,2460) class=android.widget.FrameLayout
         1789127414.102 20544 20544 D YTV2_DUMP: [9] parent=8 id=com.google.android.youtube:id/navigation_bar_divider_frame text='null' desc='null' bounds=(0,0,1080,2330) class=android.view.ViewGroup
         1789127414.103 20544 20544 D YTV2_DUMP: [10] parent=8 id=null text='null' desc='null' bounds=(0,0,1080,104) class=android.widget.FrameLayout
         1789127414.103 20544 20544 D YTV2_DUMP: [11] parent=8 id=null text='null' desc='null' bounds=(0,0,3,3) class=android.view.View
         1789127414.103 20544 20544 D YTV2_DUMP: [12] parent=9 id=com.google.android.youtube:id/global_slim_status_bar_container text='null' desc='null' bounds=(0,0,1080,2330) class=android.widget.FrameLayout
         1789127414.103 20544 20544 D YTV2_DUMP: [13] parent=9 id=com.google.android.youtube:id/accessibility_layer_container text='null' desc='null' bounds=(0,0,1080,2330) class=android.widget.FrameLayout
         1789127414.103 20544 20544 D YTV2_DUMP: [14] parent=10 id=com.google.android.youtube:id/watch_status_bar_view text='null' desc='null' bounds=(0,0,1080,104) class=android.widget.FrameLayout
         1789127414.103 20544 20544 D YTV2_DUMP: [15] parent=13 id=com.google.android.youtube:id/fullscreen_mode_container text='null' desc='null' bounds=(0,0,1080,0) class=android.widget.FrameLayout
         1789127414.103 20544 20544 D YTV2_DUMP: [16] parent=13 id=com.google.android.youtube:id/next_gen_watch_container_layout text='null' desc='null' bounds=(0,0,1080,2330) class=android.view.ViewGroup
         1789127414.103 20544 20544 D YTV2_DUMP: [17] parent=13 id=com.google.android.youtube:id/bottom_bar_container text='null' desc='null' bounds=(0,2330,1080,2330) class=android.widget.LinearLayout
         1789127414.103 20544 20544 D YTV2_DUMP: [18] parent=14 id=com.google.android.youtube:id/cinematic_image_background text='null' desc='null' bounds=(0,0,1080,104) class=android.widget.ImageView
         1789127414.103 20544 20544 D YTV2_DUMP: [19] parent=16 id=com.google.android.youtube:id/next_gen_watch_layout_no_player_fragment_container text='null' desc='null' bounds=(0,0,1080,2330) class=android.view.ViewGroup
         1789127414.103 20544 20544 D YTV2_DUMP: [20] parent=16 id=com.google.android.youtube:id/scrim_view text='null' desc='null' bounds=(0,104,1080,2330) class=android.view.View
         1789127414.103 20544 20544 D YTV2_DUMP: [21] parent=19 id=com.google.android.youtube:id/watch_player text='null' desc='Video player' bounds=(0,104,1080,712) class=android.widget.FrameLayout
         1789127414.103 20544 20544 D YTV2_DUMP: [22] parent=19 id=com.google.android.youtube:id/watch_while_time_bar_view text='null' desc='null' bounds=(0,104,1080,759) class=android.view.ViewGroup
         1789127414.103 20544 20544 D YTV2_DUMP: [23] parent=19 id=com.google.android.youtube:id/engagement_panel_wrapper text='null' desc='null' bounds=(0,104,1080,2330) class=android.view.ViewGroup
         1789127414.104 20544 20544 D YTV2_DUMP: [24] parent=19 id=com.google.android.youtube:id/video_metadata_layout text='null' desc='null' bounds=(0,712,1080,2330) class=android.widget.FrameLayout
         1789127414.104 20544 20544 D YTV2_DUMP: [25] parent=19 id=com.google.android.youtube:id/floaty_bar_controls_view text='null' desc='Minimised player' bounds=(1852,398,1080,926) class=android.widget.FrameLayout
         1789127414.104 20544 20544 D YTV2_DUMP: [26] parent=21 id=com.google.android.youtube:id/playerless_thumbnail text='null' desc='null' bounds=(0,104,1080,712) class=android.widget.ImageView
         1789127414.104 20544 20544 D YTV2_DUMP: [27] parent=21 id=com.google.android.youtube:id/player_overlays text='null' desc='null' bounds=(0,104,1080,712) class=android.view.ViewGroup
         1789127414.104 20544 20544 D YTV2_DUMP: [28] parent=21 id=com.google.android.youtube:id/player_fragment_container text='null' desc='null' bounds=(0,104,1080,712) class=android.widget.FrameLayout
         1789127414.104 20544 20544 D YTV2_DUMP: [29] parent=21 id=null text='null' desc='null' bounds=(0,104,1,105) class=android.view.View
         1789127414.104 20544 20544 D YTV2_DUMP: [30] parent=22 id=null text='null' desc='0 minutes 15 seconds of 14 minutes 10 seconds' bounds=(0,660,1080,759) class=android.widget.SeekBar
         1789127414.104 20544 20544 D YTV2_DUMP: [31] parent=24 id=com.google.android.youtube:id/watch_panel_scrim text='null' desc='null' bounds=(0,712,1080,2330) class=android.view.View
         1789127414.104 20544 20544 D YTV2_DUMP: [32] parent=24 id=com.google.android.youtube:id/watch_panel text='null' desc='null' bounds=(0,712,1080,2330) class=android.view.ViewGroup
         1789127414.104 20544 20544 D YTV2_DUMP: [33] parent=27 id=com.google.android.youtube:id/player_overlays_custom_views_container text='null' desc='null' bounds=(0,104,1080,712) class=android.widget.FrameLayout
         1789127414.104 20544 20544 D YTV2_DUMP: [34] parent=27 id=null text='null' desc='null' bounds=(0,104,1080,712) class=android.widget.FrameLayout
         1789127414.104 20544 20544 D YTV2_DUMP: [35] parent=27 id=null text='null' desc='null' bounds=(0,104,1080,712) class=android.widget.RelativeLayout
         1789127414.104 20544 20544 D YTV2_DUMP: [36] parent=27 id=null text='null' desc='null' bounds=(0,104,1080,712) class=android.widget.FrameLayout
         1789127414.104 20544 20544 D YTV2_DUMP: [37] parent=27 id=null text='null' desc='null' bounds=(0,104,1080,712) class=android.widget.FrameLayout
         1789127414.104 20544 20544 D YTV2_DUMP: [38] parent=27 id=null text='null' desc='null' bounds=(0,104,1080,712) class=android.widget.FrameLayout
         1789127414.104 20544 20544 D YTV2_DUMP: [39] parent=27 id=null text='null' desc='null' bounds=(0,104,1080,712) class=android.widget.FrameLayout
         1789127414.105 20544 20544 D YTV2_DUMP: [40] parent=27 id=null text='null' desc='null' bounds=(0,104,1080,712) class=android.widget.FrameLayout
         1789127414.105 20544 20544 D YTV2_DUMP: [41] parent=27 id=null text='null' desc='null' bounds=(0,104,1080,712) class=android.widget.FrameLayout
         1789127414.105 20544 20544 D YTV2_DUMP: [42] parent=27 id=null text='null' desc='null' bounds=(0,104,1080,712) class=android.widget.FrameLayout
         1789127414.105 20544 20544 D YTV2_DUMP: [43] parent=27 id=null text='null' desc='null' bounds=(0,104,1080,712) class=android.widget.FrameLayout
         1789127414.105 20544 20544 D YTV2_DUMP: [44] parent=27 id=null text='null' desc='null' bounds=(0,104,1080,712) class=android.widget.FrameLayout
         1789127414.105 20544 20544 D YTV2_DUMP: [45] parent=27 id=null text='null' desc='null' bounds=(0,104,1080,712) class=android.widget.FrameLayout
         1789127414.105 20544 20544 D YTV2_DUMP: [46] parent=28 id=com.google.android.youtube:id/player_view text='null' desc='null' bounds=(0,104,1080,712) class=android.view.ViewGroup
         1789127414.105 20544 20544 D YTV2_DUMP: [47] parent=32 id=null text='null' desc='null' bounds=(0,712,1080,2330) class=android.widget.FrameLayout
         1789127414.105 20544 20544 D YTV2_DUMP: [48] parent=36 id=null text='null' desc='null' bounds=(0,104,1080,712) class=android.widget.FrameLayout
         1789127414.105 20544 20544 D YTV2_DUMP: [49] parent=37 id=null text='null' desc='null' bounds=(0,104,1080,712) class=android.widget.FrameLayout
         1789127414.105 20544 20544 D YTV2_DUMP: [50] parent=38 id=null text='null' desc='null' bounds=(0,104,1080,712) class=android.widget.FrameLayout
         1789127414.105 20544 20544 D YTV2_DUMP: [51] parent=39 id=null text='null' desc='null' bounds=(0,104,1080,712) class=android.widget.FrameLayout
         1789127414.105 20544 20544 D YTV2_DUMP: [52] parent=40 id=null text='null' desc='null' bounds=(0,104,1080,712) class=android.widget.FrameLayout
         1789127414.105 20544 20544 D YTV2_DUMP: [53] parent=42 id=com.google.android.youtube:id/youtube_controls_overlay text='null' desc='null' bounds=(0,104,1080,712) class=android.widget.FrameLayout
         1789127414.105 20544 20544 D YTV2_DUMP: [54] parent=45 id=null text='null' desc='null' bounds=(0,104,1080,712) class=android.widget.FrameLayout
         1789127414.105 20544 20544 D YTV2_DUMP: [55] parent=46 id=null text='null' desc='null' bounds=(0,104,1080,711) class=android.view.ViewGroup
         1789127414.105 20544 20544 D YTV2_DUMP: [56] parent=47 id=com.google.android.youtube:id/video_info_loading_layout text='null' desc='null' bounds=(0,712,1080,2330) class=android.widget.FrameLayout
         1789127414.106 20544 20544 D YTV2_DUMP: [57] parent=47 id=com.google.android.youtube:id/watch_cinematic_background text='null' desc='null' bounds=(0,712,1080,2330) class=android.widget.FrameLayout
         1789127414.106 20544 20544 D YTV2_DUMP: [58] parent=48 id=null text='null' desc='null' bounds=(0,104,1080,712) class=android.view.ViewGroup
         1789127414.106 20544 20544 D YTV2_DUMP: [59] parent=49 id=null text='null' desc='null' bounds=(0,104,1080,712) class=android.view.ViewGroup
         1789127414.106 20544 20544 D YTV2_DUMP: [60] parent=50 id=null text='null' desc='null' bounds=(0,104,1080,712) class=android.view.ViewGroup
         1789127414.106 20544 20544 D YTV2_DUMP: [61] parent=51 id=null text='null' desc='null' bounds=(0,104,1080,712) class=android.view.ViewGroup
         1789127414.106 20544 20544 D YTV2_DUMP: [62] parent=52 id=null text='null' desc='null' bounds=(0,104,1080,712) class=android.view.ViewGroup
         1789127414.106 20544 20544 D YTV2_DUMP: [63] parent=53 id=com.google.android.youtube:id/inset_controls_overlay_wrapper text='null' desc='null' bounds=(0,104,1080,712) class=android.widget.FrameLayout
         1789127414.106 20544 20544 D YTV2_DUMP: [64] parent=54 id=null text='null' desc='null' bounds=(0,104,1080,712) class=android.view.ViewGroup
         1789127414.106 20544 20544 D YTV2_DUMP: [65] parent=55 id=null text='null' desc='null' bounds=(0,104,1080,711) class=android.view.ViewGroup
         1789127414.106 20544 20544 D YTV2_DUMP: [66] parent=56 id=com.google.android.youtube:id/sticky_header_container text='null' desc='null' bounds=(0,712,1080,2330) class=android.widget.FrameLayout
         1789127414.106 20544 20544 D YTV2_DUMP: [67] parent=57 id=com.google.android.youtube:id/cinematic_image_background text='null' desc='null' bounds=(0,712,1080,2330) class=android.widget.ImageView
         1789127414.107 20544 20544 D YTV2_DUMP: [68] parent=57 id=com.google.android.youtube:id/cinematic_scrim text='null' desc='null' bounds=(0,712,1080,1320) class=android.widget.ImageView
         1789127414.107 20544 20544 D YTV2_DUMP: [69] parent=63 id=com.google.android.youtube:id/inset_overlay_view_layout text='null' desc='null' bounds=(0,104,1080,712) class=android.widget.FrameLayout
         1789127414.107 20544 20544 D YTV2_DUMP: [70] parent=64 id=null text='null' desc='null' bounds=(120,533,961,665) class=android.view.ViewGroup
         1789127414.107 20544 20544 D YTV2_DUMP: [71] parent=65 id=null text='null' desc='null' bounds=(0,104,1080,711) class=android.view.View
         1789127414.107 20544 20544 D YTV2_DUMP: [72] parent=65 id=null text='null' desc='null' bounds=(0,104,1080,711) class=android.view.View
         1789127414.107 20544 20544 D YTV2_DUMP: [73] parent=66 id=com.google.android.youtube:id/watch_list text='null' desc='null' bounds=(0,712,1080,2330) class=android.support.v7.widget.RecyclerView
         1789127414.107 20544 20544 D YTV2_DUMP: [74] parent=69 id=com.google.android.youtube:id/watch_while_time_bar_view_overlay text='null' desc='null' bounds=(0,104,1080,712) class=android.view.ViewGroup
         1789127414.107 20544 20544 D YTV2_DUMP: [75] parent=70 id=com.google.android.youtube:id/subtitle_window_identifier text='सब कुछ आएगा। चलिए शुरुआत करते हैं' desc='सब कुछ आएगा। चलिए शुरुआत करते हैं' bounds=(128,541,814,656) class=android.view.View
         1789127414.107 20544 20544 D YTV2_DUMP: [76] parent=70 id=com.google.android.youtube:id/subtitle_window_identifier text='किताबें और उनके लेखक के ऊपर और मैं अपनी' desc='किताबें और उनके लेखक के ऊपर और मैं अपनी' bounds=(128,599,953,657) class=android.view.View
         1789127414.107 20544 20544 D YTV2_DUMP: [77] parent=73 id=null text='null' desc='null' bounds=(0,712,1080,915) class=android.widget.Button
         1789127414.107 20544 20544 D YTV2_DUMP: [78] parent=73 id=null text='null' desc='null' bounds=(0,915,1080,1047) class=android.view.ViewGroup
         1789127414.108 20544 20544 D YTV2_DUMP: [79] parent=73 id=null text='null' desc='null' bounds=(0,1047,1080,1317) class=android.view.ViewGroup
         1789127414.108 20544 20544 D YTV2_DUMP: [80] parent=73 id=null text='null' desc='null' bounds=(0,1317,1080,1339) class=android.view.ViewGroup
         1789127414.108 20544 20544 D YTV2_DUMP: [81] parent=73 id=null text='null' desc='Sponsored – Ownly By Rapido: Food Delivery
         1789127414.108 20544 20544 D YTV2_DUMP: Cheesy. Loaded. Delivered.
         1789127414.108 20544 20544 D YTV2_DUMP: 4.4 stars
         1789127414.108 20544 20544 D YTV2_DUMP: FREE – Install - Link opens in new window' bounds=(0,1339,1080,2330) class=android.widget.Button
         1789127414.108 20544 20544 D YTV2_DUMP: [82] parent=77 id=null text='Books & Authors: 100% Selection वाली Secret List| By Aman Sir' desc='Books & Authors: 100% Selection वाली Secret List| By Aman Sir' bounds=(0,756,1080,827) class=android.view.ViewGroup
         1789127414.108 20544 20544 D YTV2_DUMP: [83] parent=77 id=null text='null' desc='null' bounds=(11,727,1069,915) class=android.view.ViewGroup
         1789127414.108 20544 20544 D YTV2_DUMP: [84] parent=77 id=null text='@sscexamslab  ' desc='@sscexamslab  ' bounds=(33,844,294,893) class=android.view.ViewGroup
         1789127414.108 20544 20544 D YTV2_DUMP: [85] parent=77 id=null text='7.3K likes. 1.1 lakh views. 8 months ago. Current Affairs - Burning Issues || Current Affairs Important Topics 2023 || Aman Sir #LAB ...more' desc='7.3K likes. 1.1 lakh views. 8 months ago. Current Affairs - Burning Issues || Current Affairs Important Topics 2023 || Aman Sir #LAB ...more' bounds=(294,844,1047,893) class=android.view.ViewGroup
         1789127414.108 20544 20544 D YTV2_DUMP: [86] parent=78 id=null text='null' desc='null' bounds=(0,915,1080,1047) class=android.view.ViewGroup
         1789127414.108 20544 20544 D YTV2_DUMP: [87] parent=79 id=null text='null' desc='null' bounds=(33,1069,1047,1295) class=android.view.ViewGroup
         1789127414.108 20544 20544 D YTV2_DUMP: [88] parent=81 id=null text='null' desc='null' bounds=(0,1339,1080,2330) class=android.view.ViewGroup
         1789127414.108 20544 20544 D YTV2_DUMP: [89] parent=81 id=null text='null' desc='null' bounds=(0,1339,1080,2330) class=android.view.ViewGroup
         1789127414.108 20544 20544 D YTV2_DUMP: [90] parent=81 id=null text='null' desc='null' bounds=(0,2330,1080,2330) class=android.view.ViewGroup
         1789127414.108 20544 20544 D YTV2_DUMP: [91] parent=81 id=null text='null' desc='Install' bounds=(33,2330,1047,2330) class=android.widget.Button
         1789127414.108 20544 20544 D YTV2_DUMP: [92] parent=86 id=null text='null' desc='null' bounds=(33,915,375,1047) class=android.view.ViewGroup
         1789127414.108 20544 20544 D YTV2_DUMP: [93] parent=86 id=null text='null' desc='null' bounds=(515,915,1080,1047) class=android.view.ViewGroup
         1789127414.109 20544 20544 D YTV2_DUMP: [94] parent=87 id=null text='null' desc='null' bounds=(33,1069,1047,1152) class=android.view.ViewGroup
         1789127414.109 20544 20544 D YTV2_DUMP: [95] parent=87 id=null text='null' desc='null' bounds=(33,1152,1047,1284) class=android.view.ViewGroup
         1789127414.109 20544 20544 D YTV2_DUMP: [96] parent=89 id=null text='null' desc='null' bounds=(0,1339,1080,2330) class=android.widget.ImageView
         1789127414.109 20544 20544 D YTV2_DUMP: [97] parent=89 id=null text='null' desc='null' bounds=(981,2320,1058,2330) class=android.widget.ImageView
         1789127414.109 20544 20544 D YTV2_DUMP: [98] parent=90 id=null text='null' desc='null' bounds=(33,2330,132,2330) class=android.widget.ImageView
         1789127414.109 20544 20544 D YTV2_DUMP: [99] parent=90 id=null text='null' desc='null' bounds=(165,2330,970,2330) class=android.view.ViewGroup
         1789127414.109 20544 20544 D YTV2_DUMP: [100] parent=90 id=null text='null' desc='null' bounds=(165,2330,970,2330) class=android.view.ViewGroup
         1789127414.109 20544 20544 D YTV2_DUMP: [101] parent=90 id=null text='null' desc='More options' bounds=(970,2330,1036,2330) class=android.widget.Button
         1789127414.109 20544 20544 D YTV2_DUMP: [102] parent=90 id=null text='null' desc='null' bounds=(165,2330,377,2330) class=android.view.ViewGroup
         1789127414.109 20544 20544 D YTV2_DUMP: [103] parent=90 id=null text='null' desc='null' bounds=(388,2330,593,2330) class=android.view.ViewGroup
         1789127414.109 20544 20544 D YTV2_DUMP: [104] parent=91 id=null text='null' desc='Install' bounds=(33,2330,1047,2330) class=android.widget.Button
         1789127414.109 20544 20544 D YTV2_DUMP: [105] parent=92 id=null text='null' desc='null' bounds=(33,915,375,1047) class=android.view.ViewGroup
         1789127414.109 20544 20544 D YTV2_DUMP: [106] parent=93 id=null text='null' desc='null' bounds=(515,915,628,1047) class=android.view.ViewGroup
         1789127414.109 20544 20544 D YTV2_DUMP: [107] parent=93 id=null text='null' desc='null' bounds=(628,915,741,1047) class=android.view.ViewGroup
         1789127414.109 20544 20544 D YTV2_DUMP: [108] parent=93 id=null text='null' desc='null' bounds=(741,915,854,1047) class=android.view.ViewGroup
         1789127414.109 20544 20544 D YTV2_DUMP: [109] parent=93 id=null text='null' desc='null' bounds=(854,915,967,1047) class=android.view.ViewGroup
         1789127414.109 20544 20544 D YTV2_DUMP: [110] parent=93 id=null text='null' desc='null' bounds=(967,915,1080,1047) class=android.view.ViewGroup
         1789127414.110 20544 20544 D YTV2_DUMP: [111] parent=94 id=null text='Comments' desc='Comments' bounds=(66,1088,282,1146) class=android.view.ViewGroup
         1789127414.110 20544 20544 D YTV2_DUMP: [112] parent=94 id=null text='293' desc='293' bounds=(293,1095,356,1143) class=android.view.ViewGroup
         1789127414.110 20544 20544 D YTV2_DUMP: [113] parent=95 id=null text='null' desc='null' bounds=(33,1152,1047,1284) class=android.view.ViewGroup
         1789127414.110 20544 20544 D YTV2_DUMP: [114] parent=99 id=null text='null' desc='null' bounds=(165,2330,970,2330) class=android.view.ViewGroup
         1789127414.110 20544 20544 D YTV2_DUMP: [115] parent=102 id=null text='Sponsored' desc='Sponsored' bounds=(165,2330,348,2330) class=android.view.ViewGroup
         1789127414.110 20544 20544 D YTV2_DUMP: [116] parent=103 id=null text='null' desc='4.4 stars' bounds=(388,2330,475,2330) class=android.view.ViewGroup
         1789127414.110 20544 20544 D YTV2_DUMP: [117] parent=103 id=null text='FREE' desc='FREE' bounds=(505,2330,593,2330) class=android.view.ViewGroup
         1789127414.110 20544 20544 D YTV2_DUMP: [118] parent=104 id=null text='Install' desc='Install' bounds=(480,2330,599,2330) class=android.view.ViewGroup
         1789127414.110 20544 20544 D YTV2_DUMP: [119] parent=105 id=null text='null' desc='SSC LAB 18.5 lakh subscribers' bounds=(33,915,121,1047) class=android.widget.Button
         1789127414.110 20544 20544 D YTV2_DUMP: [120] parent=105 id=null text='null' desc='null' bounds=(143,915,375,1047) class=android.view.ViewGroup
         1789127414.110 20544 20544 D YTV2_DUMP: [121] parent=106 id=null text='null' desc='null' bounds=(515,915,628,1047) class=android.view.ViewGroup
         1789127414.111 20544 20544 D YTV2_DUMP: [122] parent=107 id=null text='null' desc='null' bounds=(628,915,741,1047) class=android.view.ViewGroup
         1789127414.111 20544 20544 D YTV2_DUMP: [123] parent=108 id=null text='null' desc='null' bounds=(741,915,854,1047) class=android.view.ViewGroup
         1789127414.111 20544 20544 D YTV2_DUMP: [124] parent=109 id=null text='null' desc='null' bounds=(854,915,967,1047) class=android.view.ViewGroup
         1789127414.111 20544 20544 D YTV2_DUMP: [125] parent=110 id=null text='null' desc='null' bounds=(967,915,1080,1047) class=android.view.ViewGroup
         1789127414.111 20544 20544 D YTV2_DUMP: [126] parent=113 id=null text='null' desc='null' bounds=(33,1152,1047,1284) class=android.support.v7.widget.RecyclerView
         1789127414.111 20544 20544 D YTV2_DUMP: [127] parent=116 id=null text='4.4' desc='4.4' bounds=(388,2330,439,2330) class=android.view.ViewGroup
         1789127414.111 20544 20544 D YTV2_DUMP: [128] parent=116 id=null text='null' desc='null' bounds=(439,2330,475,2330) class=android.widget.ImageView
         1789127414.111 20544 20544 D YTV2_DUMP: [129] parent=119 id=null text='null' desc='null' bounds=(33,937,121,1025) class=android.widget.ImageView
         1789127414.111 20544 20544 D YTV2_DUMP: [130] parent=120 id=null text='null' desc='Subscribe to SSC LAB.' bounds=(143,939,375,1027) class=android.widget.Button
         1789127414.111 20544 20544 D YTV2_DUMP: [131] parent=121 id=null text='null' desc='like this video along with 7,363 other people' bounds=(515,915,628,1047) class=android.widget.ToggleButton
         1789127414.111 20544 20544 D YTV2_DUMP: [132] parent=122 id=null text='null' desc='Dislike this video' bounds=(628,915,741,1047) class=android.widget.ToggleButton
         1789127414.111 20544 20544 D YTV2_DUMP: [133] parent=123 id=null text='null' desc='Share' bounds=(741,915,854,1047) class=android.widget.Button
         1789127414.111 20544 20544 D YTV2_DUMP: [134] parent=124 id=null text='null' desc='Ask' bounds=(854,915,967,1047) class=android.widget.Button
         1789127414.111 20544 20544 D YTV2_DUMP: [135] parent=125 id=null text='null' desc='More actions' bounds=(967,915,1080,1047) class=android.widget.Button
         1789127414.111 20544 20544 D YTV2_DUMP: [136] parent=126 id=null text='null' desc='null' bounds=(33,1152,1047,1284) class=android.view.ViewGroup
         1789127414.112 20544 20544 D YTV2_DUMP: [137] parent=130 id=null text='null' desc='null' bounds=(143,959,375,1007) class=android.view.ViewGroup
         1789127414.112 20544 20544 D YTV2_DUMP: [138] parent=131 id=null text='null' desc='null' bounds=(537,947,606,1016) class=android.view.ViewGroup
         1789127414.112 20544 20544 D YTV2_DUMP: [139] parent=132 id=null text='null' desc='null' bounds=(651,948,717,1014) class=android.widget.ImageView
         1789127414.112 20544 20544 D YTV2_DUMP: [140] parent=133 id=null text='null' desc='null' bounds=(764,948,830,1014) class=android.widget.ImageView
         1789127414.112 20544 20544 D YTV2_DUMP: [141] parent=134 id=null text='null' desc='null' bounds=(877,948,943,1014) class=android.widget.ImageView
         1789127414.112 20544 20544 D YTV2_DUMP: [142] parent=135 id=null text='null' desc='null' bounds=(990,948,1056,1014) class=android.widget.ImageView
         1789127414.112 20544 20544 D YTV2_DUMP: [143] parent=136 id=null text='null' desc='null' bounds=(33,1152,1047,1284) class=android.widget.Button
         1789127414.112 20544 20544 D YTV2_DUMP: [144] parent=137 id=null text='Subscribe' desc='Subscribe' bounds=(143,959,375,1007) class=android.view.ViewGroup
         1789127414.112 20544 20544 D YTV2_DUMP: [145] parent=138 id=null text='null' desc='null' bounds=(537,947,606,1016) class=android.view.ViewGroup
         1789127414.112 20544 20544 D YTV2_DUMP: [146] parent=143 id=null text='null' desc='null' bounds=(66,1152,1015,1273) class=android.view.ViewGroup
         1789127414.112 20544 20544 D YTV2_DUMP: [147] parent=143 id=null text='null' desc='null' bounds=(66,1152,1015,1273) class=android.view.ViewGroup
         1789127414.112 20544 20544 D YTV2_DUMP: [148] parent=143 id=null text='null' desc='null' bounds=(66,1152,1015,1273) class=android.view.ViewGroup
         1789127414.112 20544 20544 D YTV2_DUMP: [149] parent=143 id=null text='null' desc='null' bounds=(66,1152,1015,1273) class=android.view.ViewGroup
         1789127414.112 20544 20544 D YTV2_DUMP: [150] parent=145 id=null text='null' desc='null' bounds=(537,947,606,1016) class=android.widget.ImageView
         1789127414.112 20544 20544 D YTV2_DUMP: [151] parent=147 id=null text='null' desc='null' bounds=(66,1152,1015,1273) class=android.view.ViewGroup
         1789127414.113 20544 20544 D YTV2_DUMP: [152] parent=148 id=null text='null' desc='null' bounds=(66,1152,1015,1273) class=android.view.ViewGroup
         1789127414.113 20544 20544 D YTV2_DUMP: [153] parent=148 id=null text='null' desc='null' bounds=(66,1202,1015,1273) class=android.view.ViewGroup
         1789127414.113 20544 20544 D YTV2_DUMP: [154] parent=149 id=null text='null' desc='null' bounds=(66,1179,132,1245) class=android.widget.ImageView
         1789127414.113 20544 20544 D YTV2_DUMP: [155] parent=149 id=null text='Dono ladai bhot karta hai par sweet hai 😅' desc='Dono ladai bhot karta hai par sweet hai 😅' bounds=(154,1187,867,1239) class=android.view.ViewGroup
         1789127414.113 20544 20544 D YTV2_DUMP: [156] parent=151 id=null text='
         1789127414.113 20544 20544 D YTV2_DUMP: ' desc='
         1789127414.113 20544 20544 D YTV2_DUMP: ' bounds=(66,1164,1015,1261) class=android.view.ViewGroup
         1789127414.113 20544 20544 D YTV2_DUMP: [157] parent=152 id=null text='null' desc='null' bounds=(66,1179,132,1245) class=android.widget.ImageView
         1789127414.113 20544 20544 D YTV2_DUMP: [158] parent=152 id=null text='Dono ladai bhot karta hai par sweet hai 😅' desc='Dono ladai bhot karta hai par sweet hai 😅' bounds=(154,1187,867,1239) class=android.view.ViewGroup
         1789127414.188 20544 20544 D YTV2_DUMP: --> PARSED: kind=VIDEO watchConfirmed=true title='Books & Authors: 100% Selection वाली Secret List| By Aman Sir' handle='@sscexamslab' display='SSC LAB' channelId='null'
         1789127473.201 20544 20544 D YTV2_DUMP: [0] parent=null id=null text='null' desc='null' bounds=(0,0,1080,2460) class=android.widget.FrameLayout
         1789127473.202 20544 20544 D YTV2_DUMP: [1] parent=0 id=null text='null' desc='null' bounds=(0,0,1080,2460) class=android.widget.LinearLayout
         1789127473.202 20544 20544 D YTV2_DUMP: [2] parent=0 id=android:id/navigationBarBackground text='null' desc='null' bounds=(0,2330,1080,2460) class=android.view.View
         1789127473.202 20544 20544 D YTV2_DUMP: [3] parent=1 id=null text='null' desc='null' bounds=(0,0,1080,2460) class=android.widget.FrameLayout
         1789127473.202 20544 20544 D YTV2_DUMP: [4] parent=3 id=com.google.android.youtube:id/action_bar_root text='null' desc='null' bounds=(0,0,1080,2460) class=android.widget.LinearLayout
         1789127473.202 20544 20544 D YTV2_DUMP: [5] parent=4 id=android:id/content text='null' desc='null' bounds=(0,0,1080,2460) class=android.widget.FrameLayout
         1789127473.203 20544 20544 D YTV2_DUMP: [6] parent=5 id=com.google.android.youtube:id/more_drawer_container text='null' desc='null' bounds=(0,0,1080,2460) class=androidx.drawerlayout.widget.DrawerLayout
         1789127473.203 20544 20544 D YTV2_DUMP: [7] parent=5 id=com.google.android.youtube:id/reel_time_bar text='null' desc='null' bounds=(0,0,1080,2460) class=android.view.ViewGroup
         1789127473.203 20544 20544 D YTV2_DUMP: [8] parent=6 id=com.google.android.youtube:id/slim_status_bar_player_container text='null' desc='null' bounds=(0,0,1080,2460) class=android.widget.FrameLayout
         1789127473.203 20544 20544 D YTV2_DUMP: [9] parent=8 id=com.google.android.youtube:id/navigation_bar_divider_frame text='null' desc='null' bounds=(0,0,1080,2330) class=android.view.ViewGroup
         1789127473.203 20544 20544 D YTV2_DUMP: [10] parent=8 id=null text='null' desc='null' bounds=(0,0,1080,104) class=android.widget.FrameLayout
         1789127473.203 20544 20544 D YTV2_DUMP: [11] parent=8 id=null text='null' desc='null' bounds=(0,0,3,3) class=android.view.View
         1789127473.203 20544 20544 D YTV2_DUMP: [12] parent=9 id=com.google.android.youtube:id/global_slim_status_bar_container text='null' desc='null' bounds=(0,0,1080,2330) class=android.widget.FrameLayout
         1789127473.203 20544 20544 D YTV2_DUMP: [13] parent=9 id=com.google.android.youtube:id/accessibility_layer_container text='null' desc='null' bounds=(0,0,1080,2330) class=android.widget.FrameLayout
         1789127473.204 20544 20544 D YTV2_DUMP: [14] parent=10 id=com.google.android.youtube:id/global_status_bar_view text='null' desc='null' bounds=(0,0,1080,104) class=android.view.View
         1789127473.204 20544 20544 D YTV2_DUMP: [15] parent=13 id=com.google.android.youtube:id/fullscreen_mode_container text='null' desc='null' bounds=(0,0,1080,0) class=android.widget.FrameLayout
         1789127473.204 20544 20544 D YTV2_DUMP: [16] parent=13 id=com.google.android.youtube:id/next_gen_watch_container_layout text='null' desc='null' bounds=(0,0,1080,2330) class=android.view.ViewGroup
         1789127473.204 20544 20544 D YTV2_DUMP: [17] parent=13 id=com.google.android.youtube:id/bottom_bar_container text='null' desc='null' bounds=(0,2198,1080,2330) class=android.widget.LinearLayout
         1789127473.204 20544 20544 D YTV2_DUMP: [18] parent=16 id=com.google.android.youtube:id/watch_while_layout_coordinator_layout text='null' desc='null' bounds=(0,0,1080,2330) class=android.view.ViewGroup
         1789127473.204 20544 20544 D YTV2_DUMP: [19] parent=17 id=com.google.android.youtube:id/pivot_bar text='null' desc='null' bounds=(0,2198,1080,2330) class=android.widget.HorizontalScrollView
         1789127473.204 20544 20544 D YTV2_DUMP: [20] parent=18 id=com.google.android.youtube:id/fab_container text='null' desc='null' bounds=(0,0,1080,2330) class=android.widget.FrameLayout
         1789127473.205 20544 20544 D YTV2_DUMP: [21] parent=18 id=com.google.android.youtube:id/pane_fragment_container text='null' desc='null' bounds=(0,0,1080,2330) class=android.widget.FrameLayout
         1789127473.205 20544 20544 D YTV2_DUMP: [22] parent=18 id=com.google.android.youtube:id/root_pill_container text='null' desc='null' bounds=(0,2220,1080,2220) class=android.widget.FrameLayout
         1789127473.205 20544 20544 D YTV2_DUMP: [23] parent=18 id=com.google.android.youtube:id/pane_fragment_footer_container text='null' desc='null' bounds=(0,2330,1080,2330) class=android.widget.FrameLayout
         1789127473.205 20544 20544 D YTV2_DUMP: [24] parent=19 id=null text='null' desc='null' bounds=(0,2198,1080,2330) class=android.widget.LinearLayout
         1789127473.205 20544 20544 D YTV2_DUMP: [25] parent=21 id=com.google.android.youtube:id/inline_player_container text='null' desc='null' bounds=(0,0,1080,2198) class=android.view.ViewGroup
         1789127473.205 20544 20544 D YTV2_DUMP: [26] parent=21 id=com.google.android.youtube:id/inline_player_overlay_container text='null' desc='null' bounds=(0,0,1080,2198) class=android.view.ViewGroup
         1789127473.205 20544 20544 D YTV2_DUMP: [27] parent=21 id=com.google.android.youtube:id/browse_fragment_layout_coordinator_layout text='null' desc='null' bounds=(0,104,1080,2198) class=android.widget.ScrollView
         1789127473.205 20544 20544 D YTV2_DUMP: [28] parent=24 id=null text='null' desc='Home' bounds=(0,2198,216,2330) class=android.widget.Button
         1789127473.205 20544 20544 D YTV2_DUMP: [29] parent=24 id=null text='null' desc='Shorts' bounds=(216,2198,432,2330) class=android.widget.Button
         1789127473.205 20544 20544 D YTV2_DUMP: [30] parent=24 id=null text='null' desc='Create' bounds=(432,2198,648,2330) class=android.widget.Button
         1789127473.205 20544 20544 D YTV2_DUMP: [31] parent=24 id=null text='null' desc='Subscriptions: New content is available' bounds=(648,2198,864,2330) class=android.widget.Button
         1789127473.205 20544 20544 D YTV2_DUMP: [32] parent=24 id=null text='null' desc='You' bounds=(864,2198,1080,2330) class=android.widget.Button
         1789127473.205 20544 20544 D YTV2_DUMP: [33] parent=25 id=com.google.android.youtube:id/player_fragment_container text='null' desc='null' bounds=(44,969,501,1730) class=android.widget.FrameLayout
         1789127473.206 20544 20544 D YTV2_DUMP: [34] parent=26 id=null text='null' desc='null' bounds=(44,969,1080,2198) class=android.widget.FrameLayout
         1789127473.206 20544 20544 D YTV2_DUMP: [35] parent=26 id=com.google.android.youtube:id/player_overlays text='null' desc='null' bounds=(44,969,501,1730) class=android.view.ViewGroup
         1789127473.206 20544 20544 D YTV2_DUMP: [36] parent=27 id=com.google.android.youtube:id/appbar_layout text='null' desc='null' bounds=(0,104,1080,236) class=android.widget.LinearLayout
         1789127473.206 20544 20544 D YTV2_DUMP: [37] parent=27 id=com.google.android.youtube:id/pane_fragment_contents text='null' desc='null' bounds=(0,236,1080,2198) class=android.widget.FrameLayout
         1789127473.206 20544 20544 D YTV2_DUMP: [38] parent=28 id=com.google.android.youtube:id/thumbnail_layout text='null' desc='null' bounds=(75,2210,141,2276) class=android.widget.FrameLayout
         1789127473.206 20544 20544 D YTV2_DUMP: [39] parent=28 id=com.google.android.youtube:id/text text='Home' desc='null' bounds=(67,2282,150,2319) class=android.widget.TextView
         1789127473.206 20544 20544 D YTV2_DUMP: [40] parent=29 id=com.google.android.youtube:id/thumbnail_layout text='null' desc='null' bounds=(291,2210,357,2276) class=android.widget.FrameLayout
         1789127473.206 20544 20544 D YTV2_DUMP: [41] parent=29 id=com.google.android.youtube:id/text text='Shorts' desc='null' bounds=(279,2282,369,2319) class=android.widget.TextView
         1789127473.206 20544 20544 D YTV2_DUMP: [42] parent=30 id=com.google.android.youtube:id/image text='null' desc='null' bounds=(491,2216,590,2315) class=android.widget.ImageView
         1789127473.206 20544 20544 D YTV2_DUMP: [43] parent=31 id=com.google.android.youtube:id/thumbnail_layout text='null' desc='null' bounds=(723,2210,789,2276) class=android.widget.FrameLayout
         1789127473.206 20544 20544 D YTV2_DUMP: [44] parent=31 id=com.google.android.youtube:id/new_content_dot text='null' desc='New content available' bounds=(761,2204,794,2237) class=android.view.View
         1789127473.206 20544 20544 D YTV2_DUMP: [45] parent=31 id=com.google.android.youtube:id/text text='Subscriptions' desc='null' bounds=(666,2282,847,2319) class=android.widget.TextView
         1789127473.206 20544 20544 D YTV2_DUMP: [46] parent=32 id=com.google.android.youtube:id/thumbnail_layout text='null' desc='null' bounds=(939,2210,1005,2276) class=android.widget.FrameLayout
         1789127473.206 20544 20544 D YTV2_DUMP: [47] parent=32 id=com.google.android.youtube:id/text text='You' desc='null' bounds=(946,2282,999,2319) class=android.widget.TextView
         1789127473.206 20544 20544 D YTV2_DUMP: [48] parent=33 id=com.google.android.youtube:id/player_view text='null' desc='null' bounds=(44,969,501,1730) class=android.view.ViewGroup
         1789127473.206 20544 20544 D YTV2_DUMP: [49] parent=34 id=com.google.android.youtube:id/inline_playback_time_bar text='null' desc='null' bounds=(60,969,485,1777) class=android.view.ViewGroup
         1789127473.207 20544 20544 D YTV2_DUMP: [50] parent=35 id=com.google.android.youtube:id/player_overlays_custom_views_container text='null' desc='null' bounds=(44,969,501,1730) class=android.widget.FrameLayout
         1789127473.207 20544 20544 D YTV2_DUMP: [51] parent=35 id=null text='null' desc='null' bounds=(44,969,501,1730) class=android.widget.FrameLayout
         1789127473.207 20544 20544 D YTV2_DUMP: [52] parent=35 id=null text='null' desc='null' bounds=(44,969,501,1730) class=android.widget.FrameLayout
         1789127473.207 20544 20544 D YTV2_DUMP: [53] parent=35 id=null text='null' desc='null' bounds=(44,969,501,1730) class=android.widget.FrameLayout
         1789127473.207 20544 20544 D YTV2_DUMP: [54] parent=35 id=null text='null' desc='null' bounds=(44,969,501,1730) class=android.widget.FrameLayout
         1789127473.207 20544 20544 D YTV2_DUMP: [55] parent=36 id=com.google.android.youtube:id/toolbar_container text='null' desc='null' bounds=(0,104,1080,236) class=android.widget.FrameLayout
         1789127473.207 20544 20544 D YTV2_DUMP: [56] parent=37 id=com.google.android.youtube:id/loading_layout text='null' desc='null' bounds=(0,236,1080,2198) class=android.widget.FrameLayout
         1789127473.207 20544 20544 D YTV2_DUMP: [57] parent=38 id=com.google.android.youtube:id/image text='null' desc='null' bounds=(75,2210,141,2276) class=android.widget.ImageView
         1789127473.207 20544 20544 D YTV2_DUMP: [58] parent=40 id=com.google.android.youtube:id/image text='null' desc='null' bounds=(291,2210,357,2276) class=android.widget.ImageView
         1789127473.207 20544 20544 D YTV2_DUMP: [59] parent=43 id=com.google.android.youtube:id/image text='null' desc='null' bounds=(723,2210,789,2276) class=android.widget.ImageView
         1789127473.207 20544 20544 D YTV2_DUMP: [60] parent=46 id=com.google.android.youtube:id/pivot_bar_thumbnail text='null' desc='null' bounds=(939,2210,1005,2276) class=android.widget.ImageView
         1789127473.207 20544 20544 D YTV2_DUMP: [61] parent=48 id=null text='null' desc='null' bounds=(44,969,501,1730) class=android.view.ViewGroup
         1789127473.207 20544 20544 D YTV2_DUMP: [62] parent=51 id=null text='null' desc='null' bounds=(44,969,501,1730) class=android.widget.FrameLayout
         1789127473.207 20544 20544 D YTV2_DUMP: [63] parent=52 id=null text='null' desc='null' bounds=(44,969,501,1730) class=android.widget.FrameLayout
         1789127473.207 20544 20544 D YTV2_DUMP: [64] parent=53 id=null text='null' desc='null' bounds=(44,969,501,1730) class=android.widget.FrameLayout
         1789127473.207 20544 20544 D YTV2_DUMP: [65] parent=54 id=null text='null' desc='null' bounds=(44,969,501,1730) class=android.view.ViewGroup
         1789127473.208 20544 20544 D YTV2_DUMP: [66] parent=55 id=com.google.android.youtube:id/collapsing_header_container text='null' desc='null' bounds=(0,104,1080,104) class=android.widget.FrameLayout
         1789127473.208 20544 20544 D YTV2_DUMP: [67] parent=55 id=com.google.android.youtube:id/toolbar text='null' desc='null' bounds=(0,104,1080,236) class=android.view.ViewGroup
         1789127473.208 20544 20544 D YTV2_DUMP: [68] parent=56 id=com.google.android.youtube:id/results text='null' desc='null' bounds=(0,236,1080,2198) class=android.support.v7.widget.RecyclerView
         1789127473.208 20544 20544 D YTV2_DUMP: [69] parent=61 id=null text='null' desc='null' bounds=(44,969,501,1730) class=android.view.ViewGroup
         1789127473.208 20544 20544 D YTV2_DUMP: [70] parent=62 id=null text='null' desc='null' bounds=(44,969,501,1730) class=android.view.ViewGroup
         1789127473.208 20544 20544 D YTV2_DUMP: [71] parent=63 id=null text='null' desc='null' bounds=(44,969,501,1730) class=android.view.ViewGroup
         1789127473.208 20544 20544 D YTV2_DUMP: [72] parent=64 id=null text='null' desc='null' bounds=(44,969,501,1730) class=android.view.ViewGroup
         1789127473.208 20544 20544 D YTV2_DUMP: [73] parent=65 id=com.google.android.youtube:id/subtitle text='null' desc='null' bounds=(44,969,501,1654) class=android.widget.FrameLayout
         1789127473.208 20544 20544 D YTV2_DUMP: [74] parent=65 id=com.google.android.youtube:id/top_ui_controls text='null' desc='null' bounds=(391,969,501,1101) class=android.widget.LinearLayout
         1789127473.208 20544 20544 D YTV2_DUMP: [75] parent=65 id=com.google.android.youtube:id/status_bar text='null' desc='null' bounds=(479,1653,501,1730) class=android.widget.LinearLayout
         1789127473.208 20544 20544 D YTV2_DUMP: [76] parent=67 id=null text='null' desc='Navigate up' bounds=(0,104,154,236) class=android.widget.ImageButton
         1789127473.208 20544 20544 D YTV2_DUMP: [77] parent=67 id=null text='null' desc='null' bounds=(154,104,969,236) class=android.widget.RelativeLayout
         1789127473.208 20544 20544 D YTV2_DUMP: [78] parent=67 id=null text='null' desc='null' bounds=(969,104,1080,236) class=android.support.v7.widget.LinearLayoutCompat
         1789127473.209 20544 20544 D YTV2_DUMP: [79] parent=68 id=null text='null' desc='null' bounds=(0,236,1080,770) class=android.view.ViewGroup
         1789127473.209 20544 20544 D YTV2_DUMP: [80] parent=68 id=null text='null' desc='null' bounds=(0,770,1080,837) class=android.view.ViewGroup
         1789127473.209 20544 20544 D YTV2_DUMP: [81] parent=68 id=null text='null' desc='null' bounds=(0,837,1080,1961) class=android.view.ViewGroup
         1789127473.209 20544 20544 D YTV2_DUMP: [82] parent=68 id=null text='null' desc='null' bounds=(0,1961,1080,1983) class=android.view.ViewGroup
         1789127473.209 20544 20544 D YTV2_DUMP: [83] parent=68 id=null text='null' desc='Sponsored – Switch and save on AI
         1789127473.209 20544 20544 D YTV2_DUMP: Don't overpay. Bundle AI chat, image editing, and 400GB storage: Only ₹399/mo
         1789127473.209 20544 20544 D YTV2_DUMP: Google AI Plus – Sign up - Link opens in new window' bounds=(0,1983,1080,2198) class=android.widget.Button
         1789127473.209 20544 20544 D YTV2_DUMP: [84] parent=69 id=null text='null' desc='null' bounds=(44,969,501,1730) class=android.view.View
         1789127473.209 20544 20544 D YTV2_DUMP: [85] parent=69 id=null text='null' desc='null' bounds=(44,969,501,1730) class=android.view.View
         1789127473.209 20544 20544 D YTV2_DUMP: [86] parent=74 id=com.google.android.youtube:id/audio_cc_button_layout text='null' desc='null' bounds=(391,1062,501,1101) class=android.widget.LinearLayout
         1789127473.209 20544 20544 D YTV2_DUMP: [87] parent=75 id=com.google.android.youtube:id/autoplay_loading_view_container text='null' desc='null' bounds=(479,1705,479,1705) class=android.widget.FrameLayout
         1789127473.209 20544 20544 D YTV2_DUMP: [88] parent=77 id=com.google.android.youtube:id/search_box text='null' desc='null' bounds=(154,104,837,236) class=android.widget.LinearLayout
         1789127473.209 20544 20544 D YTV2_DUMP: [89] parent=77 id=com.google.android.youtube:id/voice_search text='null' desc='Voice search' bounds=(837,104,969,236) class=android.widget.ImageView
         1789127473.209 20544 20544 D YTV2_DUMP: [90] parent=78 id=null text='null' desc='More options' bounds=(969,104,1080,236) class=android.widget.ImageView
         1789127473.209 20544 20544 D YTV2_DUMP: [91] parent=79 id=null text='null' desc='null' bounds=(0,236,1080,704) class=android.view.ViewGroup
         1789127473.209 20544 20544 D YTV2_DUMP: [92] parent=81 id=null text='null' desc='Latest from PARMAR SSC' bounds=(0,837,1080,969) class=android.widget.Button
         1789127473.209 20544 20544 D YTV2_DUMP: [93] parent=81 id=null text='null' desc='null' bounds=(0,969,1080,1895) class=android.view.ViewGroup
         1789127473.210 20544 20544 D YTV2_DUMP: [94] parent=83 id=null text='null' desc='null' bounds=(0,1983,1080,2198) class=android.view.ViewGroup
         1789127473.210 20544 20544 D YTV2_DUMP: [95] parent=83 id=null text='null' desc='null' bounds=(0,1983,1080,2198) class=android.view.ViewGroup
         1789127473.210 20544 20544 D YTV2_DUMP: [96] parent=86 id=com.google.android.youtube:id/audio_toggle_container text='null' desc='null' bounds=(391,1084,501,1101) class=android.widget.FrameLayout
         1789127473.210 20544 20544 D YTV2_DUMP: [97] parent=88 id=com.google.android.youtube:id/search_query text='parmar ssc' desc='null' bounds=(154,126,705,214) class=android.widget.TextView
         1789127473.210 20544 20544 D YTV2_DUMP: [98] parent=88 id=com.google.android.youtube:id/search_clear text='null' desc='Clear' bounds=(705,104,837,236) class=android.widget.ImageView
         1789127473.210 20544 20544 D YTV2_DUMP: [99] parent=91 id=null text='null' desc='null' bounds=(0,236,1080,704) class=android.support.v7.widget.RecyclerView
         1789127473.210 20544 20544 D YTV2_DUMP: [100] parent=92 id=null text='null' desc='null' bounds=(44,870,752,936) class=android.widget.Button
         1789127473.210 20544 20544 D YTV2_DUMP: [101] parent=93 id=null text='null' desc='null' bounds=(0,969,1080,1895) class=android.support.v7.widget.RecyclerView
         1789127473.210 20544 20544 D YTV2_DUMP: [102] parent=95 id=null text='null' desc='null' bounds=(0,1983,1080,2198) class=android.widget.ImageView
         1789127473.210 20544 20544 D YTV2_DUMP: [103] parent=96 id=com.google.android.youtube:id/audio_toggle text='null' desc='Tap to mute or unmute playback audio' bounds=(391,1084,501,1101) class=android.widget.ImageView
         1789127473.210 20544 20544 D YTV2_DUMP: [104] parent=99 id=null text='null' desc='null' bounds=(0,236,22,704) class=android.view.ViewGroup
         1789127473.210 20544 20544 D YTV2_DUMP: [105] parent=99 id=null text='null' desc='null' bounds=(22,236,1015,656) class=android.view.ViewGroup
         1789127473.210 20544 20544 D YTV2_DUMP: [106] parent=99 id=null text='null' desc='null' bounds=(1015,236,1080,704) class=android.view.ViewGroup
         1789127473.210 20544 20544 D YTV2_DUMP: [107] parent=100 id=null text='Latest from PARMAR SSC' desc='Latest from PARMAR SSC' bounds=(44,871,686,935) class=android.view.ViewGroup
         1789127473.210 20544 20544 D YTV2_DUMP: [108] parent=100 id=null text='null' desc='null' bounds=(686,870,752,936) class=android.widget.ImageView
         1789127473.210 20544 20544 D YTV2_DUMP: [109] parent=101 id=null text='null' desc='null' bounds=(44,969,534,1895) class=android.view.ViewGroup
         1789127473.211 20544 20544 D YTV2_DUMP: [110] parent=101 id=null text='null' desc='null' bounds=(534,969,1024,1895) class=android.view.ViewGroup
         1789127473.211 20544 20544 D YTV2_DUMP: [111] parent=101 id=null text='null' desc='null' bounds=(1024,969,1080,1895) class=android.view.ViewGroup
         1789127473.211 20544 20544 D YTV2_DUMP: [112] parent=104 id=null text='null' desc='SSC STENO 2026 | Most EXPECTED PAPER Based on 11 SEP ALL SHIFTS Exams –  –  – PARMAR SSC, verified - Scheduled for 11/09/26, 20:30 - Upcoming – play video' bounds=(0,236,22,704) class=android.widget.Button
         1789127473.211 20544 20544 D YTV2_DUMP: [113] parent=105 id=null text='null' desc='SSC CGL 2027 | PARMAR'S MATHS FOUNDATION BATCH | COMPLETE STRATEGY – 48 minutes, 41 seconds –  – PARMAR SSC, verified - 27K views - 5 hours ago – play video' bounds=(22,236,1015,656) class=android.widget.Button
         1789127473.211 20544 20544 D YTV2_DUMP: [114] parent=106 id=null text='null' desc='SSC STENO 2026 | Most EXPECTED PAPER Based on 10 SEP ALL SHIFTS Exams – 46 minutes, 21 seconds –  – PARMAR SSC, verified - 1 lakh views - Streamed 21 hours ago – play video' bounds=(1015,236,1080,704) class=android.widget.Button
         1789127473.211 20544 20544 D YTV2_DUMP: [115] parent=109 id=null text='null' desc='HOW DID 5 ORANGUTANS REACH INDIA ?, 41K views – play Short' bounds=(44,969,501,1730) class=android.widget.Button
         1789127473.212 20544 20544 D YTV2_DUMP: [116] parent=110 id=null text='null' desc='THE WORLD MAP IS CHANGING !, 3.7 lakh views – play Short' bounds=(534,969,991,1730) class=android.widget.Button
         1789127473.212 20544 20544 D YTV2_DUMP: [117] parent=111 id=null text='null' desc='INCREDIBLE SSC CHSL 2025 RESULT!, 57K views – play Short' bounds=(1024,969,1080,1730) class=android.widget.Button
         1789127473.212 20544 20544 D YTV2_DUMP: [118] parent=112 id=null text='null' desc='null' bounds=(0,480,3,704) class=android.view.ViewGroup
         1789127473.212 20544 20544 D YTV2_DUMP: [119] parent=113 id=null text='null' desc='null' bounds=(44,236,993,458) class=android.view.ViewGroup
         1789127473.212 20544 20544 D YTV2_DUMP: [120] parent=113 id=null text='null' desc='null' bounds=(44,480,996,656) class=android.view.ViewGroup
         1789127473.212 20544 20544 D YTV2_DUMP: [121] parent=114 id=null text='null' desc='null' bounds=(1037,236,1080,458) class=android.view.ViewGroup
         1789127473.212 20544 20544 D YTV2_DUMP: [122] parent=114 id=null text='null' desc='null' bounds=(1037,480,1080,704) class=android.view.ViewGroup
         1789127473.212 20544 20544 D YTV2_DUMP: [123] parent=115 id=null text='null' desc='null' bounds=(44,969,501,1730) class=android.view.ViewGroup
         1789127473.212 20544 20544 D YTV2_DUMP: [124] parent=116 id=null text='null' desc='null' bounds=(534,969,991,1730) class=android.view.ViewGroup
         1789127473.212 20544 20544 D YTV2_DUMP: [125] parent=117 id=null text='null' desc='null' bounds=(1024,969,1080,1730) class=android.view.ViewGroup
         1789127473.212 20544 20544 D YTV2_DUMP: [126] parent=118 id=null text='null' desc='Action menu' bounds=(0,480,3,530) class=android.widget.Button
         1789127473.212 20544 20544 D YTV2_DUMP: [127] parent=119 id=null text='null' desc='null' bounds=(44,236,993,458) class=android.widget.ImageView
         1789127473.212 20544 20544 D YTV2_DUMP: [128] parent=119 id=null text='null' desc='48 minutes, 41 seconds' bounds=(850,386,976,441) class=android.view.ViewGroup
         1789127473.212 20544 20544 D YTV2_DUMP: [129] parent=119 id=null text='null' desc='null' bounds=(44,450,139,458) class=android.widget.ImageView
         1789127473.212 20544 20544 D YTV2_DUMP: [130] parent=120 id=null text='null' desc='Go to channel PARMAR SSC' bounds=(44,480,143,579) class=android.widget.Button
         1789127473.212 20544 20544 D YTV2_DUMP: [131] parent=120 id=null text='null' desc='null' bounds=(176,480,935,656) class=android.view.ViewGroup
         1789127473.212 20544 20544 D YTV2_DUMP: [132] parent=120 id=null text='null' desc='Action menu' bounds=(946,480,996,530) class=android.widget.Button
         1789127473.212 20544 20544 D YTV2_DUMP: [133] parent=121 id=null text='null' desc='null' bounds=(1037,236,1080,458) class=android.widget.ImageView
         1789127473.212 20544 20544 D YTV2_DUMP: [134] parent=121 id=null text='null' desc='null' bounds=(1037,450,1080,458) class=android.widget.ImageView
         1789127473.212 20544 20544 D YTV2_DUMP: [135] parent=122 id=null text='null' desc='Go to channel PARMAR SSC' bounds=(1037,480,1080,579) class=android.widget.Button
         1789127473.213 20544 20544 D YTV2_DUMP: [136] parent=123 id=null text='null' desc='null' bounds=(44,969,501,1730) class=android.widget.ImageView
         1789127473.213 20544 20544 D YTV2_DUMP: [137] parent=123 id=null text='null' desc='null' bounds=(44,969,501,1730) class=android.view.ViewGroup
         1789127473.213 20544 20544 D YTV2_DUMP: [138] parent=123 id=null text='null' desc='New' bounds=(66,991,180,1048) class=android.view.ViewGroup
         1789127473.213 20544 20544 D YTV2_DUMP: [139] parent=123 id=null text='null' desc='null' bounds=(391,969,501,1079) class=android.view.ViewGroup
         1789127473.213 20544 20544 D YTV2_DUMP: [140] parent=123 id=null text='null' desc='null' bounds=(44,1533,501,1730) class=android.view.ViewGroup
         1789127473.213 20544 20544 D YTV2_DUMP: [141] parent=124 id=null text='null' desc='null' bounds=(534,969,991,1730) class=android.widget.ImageView
         1789127473.213 20544 20544 D YTV2_DUMP: [142] parent=124 id=null text='null' desc='null' bounds=(534,969,991,1730) class=android.view.ViewGroup
         1789127473.213 20544 20544 D YTV2_DUMP: [143] parent=124 id=null text='null' desc='New' bounds=(556,991,670,1048) class=android.view.ViewGroup
         1789127473.213 20544 20544 D YTV2_DUMP: [144] parent=124 id=null text='null' desc='null' bounds=(881,969,991,1079) class=android.view.ViewGroup
         1789127473.213 20544 20544 D YTV2_DUMP: [145] parent=124 id=null text='null' desc='null' bounds=(534,1533,991,1730) class=android.view.ViewGroup
         1789127473.213 20544 20544 D YTV2_DUMP: [146] parent=125 id=null text='null' desc='null' bounds=(1024,969,1080,1730) class=android.widget.ImageView
         1789127473.213 20544 20544 D YTV2_DUMP: [147] parent=125 id=null text='null' desc='null' bounds=(1024,969,1080,1730) class=android.view.ViewGroup
         1789127473.213 20544 20544 D YTV2_DUMP: [148] parent=125 id=null text='null' desc='null' bounds=(1024,1533,1080,1730) class=android.view.ViewGroup
         1789127473.213 20544 20544 D YTV2_DUMP: [149] parent=128 id=null text='48:41' desc='48:41' bounds=(867,389,959,437) class=android.view.ViewGroup
         1789127473.213 20544 20544 D YTV2_DUMP: [150] parent=131 id=null text='null' desc='null' bounds=(176,480,935,656) class=android.view.ViewGroup
         1789127473.213 20544 20544 D YTV2_DUMP: [151] parent=137 id=null text='null' desc='null' bounds=(44,969,501,1730) class=android.widget.ImageView
         1789127473.213 20544 20544 D YTV2_DUMP: [152] parent=137 id=null text='null' desc='null' bounds=(44,969,501,1730) class=android.view.ViewGroup
         1789127473.213 20544 20544 D YTV2_DUMP: [153] parent=138 id=null text='New' desc='New' bounds=(77,994,152,1045) class=android.view.ViewGroup
         1789127473.213 20544 20544 D YTV2_DUMP: [154] parent=139 id=null text='null' desc='More actions' bounds=(440,991,490,1041) class=android.widget.Button
         1789127473.214 20544 20544 D YTV2_DUMP: [155] parent=140 id=null text='null' desc='null' bounds=(66,1533,479,1708) class=android.view.ViewGroup
         1789127473.214 20544 20544 D YTV2_DUMP: [156] parent=142 id=null text='null' desc='null' bounds=(534,969,991,1730) class=android.widget.ImageView
         1789127473.214 20544 20544 D YTV2_DUMP: [157] parent=142 id=null text='null' desc='null' bounds=(534,969,991,1730) class=android.view.ViewGroup
         1789127473.214 20544 20544 D YTV2_DUMP: [158] parent=143 id=null text='New' desc='New' bounds=(567,994,642,1045) class=android.view.ViewGroup
         1789127473.214 20544 20544 D YTV2_DUMP: [159] parent=144 id=null text='null' desc='More actions' bounds=(930,991,980,1041) class=android.widget.Button
         1789127473.214 20544 20544 D YTV2_DUMP: [160] parent=145 id=null text='null' desc='null' bounds=(556,1533,969,1708) class=android.view.ViewGroup
         1789127473.214 20544 20544 D YTV2_DUMP: [161] parent=147 id=null text='null' desc='null' bounds=(1024,969,1080,1730) class=android.widget.ImageView
         1789127473.214 20544 20544 D YTV2_DUMP: [162] parent=147 id=null text='null' desc='null' bounds=(1024,969,1080,1730) class=android.view.ViewGroup
         1789127473.214 20544 20544 D YTV2_DUMP: [163] parent=148 id=null text='null' desc='null' bounds=(1046,1533,1080,1708) class=android.view.ViewGroup
         1789127473.214 20544 20544 D YTV2_DUMP: [164] parent=150 id=null text='null' desc='null' bounds=(176,480,935,597) class=android.view.ViewGroup
         1789127473.214 20544 20544 D YTV2_DUMP: [165] parent=150 id=null text='null' desc='null' bounds=(176,597,741,656) class=android.view.ViewGroup
         1789127473.214 20544 20544 D YTV2_DUMP: [166] parent=152 id=null text='null' desc='null' bounds=(44,969,501,1730) class=android.widget.ImageView
         1789127473.214 20544 20544 D YTV2_DUMP: [167] parent=155 id=null text='null' desc='null' bounds=(66,1533,479,1648) class=android.view.ViewGroup
         1789127473.214 20544 20544 D YTV2_DUMP: [168] parent=155 id=null text='null' desc='null' bounds=(66,1659,479,1708) class=android.view.ViewGroup
         1789127473.214 20544 20544 D YTV2_DUMP: [169] parent=157 id=null text='null' desc='null' bounds=(534,969,991,1730) class=android.widget.ImageView
         1789127473.214 20544 20544 D YTV2_DUMP: [170] parent=160 id=null text='null' desc='null' bounds=(556,1533,969,1648) class=android.view.ViewGroup
         1789127473.215 20544 20544 D YTV2_DUMP: [171] parent=160 id=null text='null' desc='null' bounds=(556,1659,969,1708) class=android.view.ViewGroup
         1789127473.215 20544 20544 D YTV2_DUMP: [172] parent=162 id=null text='null' desc='null' bounds=(1024,969,1080,1730) class=android.widget.ImageView
         1789127473.215 20544 20544 D YTV2_DUMP: [173] parent=163 id=null text='null' desc='null' bounds=(1046,1533,1080,1648) class=android.view.ViewGroup
         1789127473.215 20544 20544 D YTV2_DUMP: [174] parent=163 id=null text='null' desc='null' bounds=(1046,1659,1080,1708) class=android.view.ViewGroup
         1789127473.215 20544 20544 D YTV2_DUMP: [175] parent=164 id=null text='SSC CGL 2027 | PARMAR'S MATHS FOUNDATION BATCH | COMPLETE STRATEGY' desc='SSC CGL 2027 | PARMAR'S MATHS FOUNDATION BATCH | COMPLETE STRATEGY' bounds=(176,480,902,597) class=android.view.ViewGroup
         1789127473.215 20544 20544 D YTV2_DUMP: [176] parent=165 id=null text='PARMAR SSC          27K   5 hr ago' desc='PARMAR SSC          27K   5 hr ago' bounds=(176,608,741,656) class=android.view.ViewGroup
         1789127473.215 20544 20544 D YTV2_DUMP: [177] parent=167 id=null text='HOW DID 5 ORANGUTANS REACH INDIA ?' desc='HOW DID 5 ORANGUTANS REACH INDIA ?' bounds=(66,1533,479,1648) class=android.view.ViewGroup
         1789127473.215 20544 20544 D YTV2_DUMP: [178] parent=168 id=null text='41K views' desc='41K views' bounds=(66,1659,479,1708) class=android.view.ViewGroup
         1789127473.215 20544 20544 D YTV2_DUMP: [179] parent=170 id=null text='THE WORLD MAP IS CHANGING !' desc='THE WORLD MAP IS CHANGING !' bounds=(556,1533,969,1648) class=android.view.ViewGroup
         1789127473.215 20544 20544 D YTV2_DUMP: [180] parent=171 id=null text='3.7 lakh views' desc='3.7 lakh views' bounds=(556,1659,969,1708) class=android.view.ViewGroup
         1789127473.215 20544 20544 D YTV2_DUMP: [181] parent=173 id=null text='INCREDIBLE SSC CHSL 2025 RESULT!' desc='INCREDIBLE SSC CHSL 2025 RESULT!' bounds=(1046,1533,1080,1648) class=android.view.ViewGroup
         1789127473.215 20544 20544 D YTV2_DUMP: [182] parent=174 id=null text='57K views' desc='57K views' bounds=(1046,1659,1080,1708) class=android.view.ViewGroup
         1789127473.237 20544 20544 D YTV2_DUMP: --> PARSED: kind=NON_PLAYBACK watchConfirmed=false title='null' handle='null' display='null' channelId='null'
         1789127474.917 20544 20544 D YTV2_DUMP: [0] parent=null id=null text='null' desc='null' bounds=(0,0,1080,2460) class=android.widget.FrameLayout
         1789127474.918 20544 20544 D YTV2_DUMP: [1] parent=0 id=null text='null' desc='null' bounds=(0,0,1080,2460) class=android.widget.LinearLayout
         1789127474.918 20544 20544 D YTV2_DUMP: [2] parent=0 id=android:id/navigationBarBackground text='null' desc='null' bounds=(0,2330,1080,2460) class=android.view.View
         1789127474.918 20544 20544 D YTV2_DUMP: [3] parent=1 id=null text='null' desc='null' bounds=(0,0,1080,2460) class=android.widget.FrameLayout
         1789127474.918 20544 20544 D YTV2_DUMP: [4] parent=3 id=com.google.android.youtube:id/action_bar_root text='null' desc='null' bounds=(0,0,1080,2460) class=android.widget.LinearLayout
         1789127474.918 20544 20544 D YTV2_DUMP: [5] parent=4 id=android:id/content text='null' desc='null' bounds=(0,0,1080,2460) class=android.widget.FrameLayout
         1789127474.918 20544 20544 D YTV2_DUMP: [6] parent=5 id=com.google.android.youtube:id/more_drawer_container text='null' desc='null' bounds=(0,0,1080,2460) class=androidx.drawerlayout.widget.DrawerLayout
         1789127474.918 20544 20544 D YTV2_DUMP: [7] parent=5 id=com.google.android.youtube:id/reel_time_bar text='null' desc='null' bounds=(0,0,1080,2460) class=android.view.ViewGroup
         1789127474.918 20544 20544 D YTV2_DUMP: [8] parent=6 id=com.google.android.youtube:id/slim_status_bar_player_container text='null' desc='null' bounds=(0,0,1080,2460) class=android.widget.FrameLayout
         1789127474.918 20544 20544 D YTV2_DUMP: [9] parent=8 id=com.google.android.youtube:id/navigation_bar_divider_frame text='null' desc='null' bounds=(0,0,1080,2330) class=android.view.ViewGroup
         1789127474.918 20544 20544 D YTV2_DUMP: [10] parent=8 id=null text='null' desc='null' bounds=(0,0,1080,104) class=android.widget.FrameLayout
         1789127474.918 20544 20544 D YTV2_DUMP: [11] parent=8 id=null text='null' desc='null' bounds=(0,0,3,3) class=android.view.View
         1789127474.918 20544 20544 D YTV2_DUMP: [12] parent=9 id=com.google.android.youtube:id/global_slim_status_bar_container text='null' desc='null' bounds=(0,0,1080,2330) class=android.widget.FrameLayout
         1789127474.918 20544 20544 D YTV2_DUMP: [13] parent=9 id=com.google.android.youtube:id/accessibility_layer_container text='null' desc='null' bounds=(0,0,1080,2330) class=android.widget.FrameLayout
         1789127474.918 20544 20544 D YTV2_DUMP: [14] parent=10 id=com.google.android.youtube:id/global_status_bar_view text='null' desc='null' bounds=(0,0,1080,104) class=android.view.View
         1789127474.918 20544 20544 D YTV2_DUMP: [15] parent=13 id=com.google.android.youtube:id/fullscreen_mode_container text='null' desc='null' bounds=(0,0,1080,0) class=android.widget.FrameLayout
         1789127474.918 20544 20544 D YTV2_DUMP: [16] parent=13 id=com.google.android.youtube:id/next_gen_watch_container_layout text='null' desc='null' bounds=(0,0,1080,2330) class=android.view.ViewGroup
         1789127474.919 20544 20544 D YTV2_DUMP: [17] parent=13 id=com.google.android.youtube:id/bottom_bar_container text='null' desc='null' bounds=(0,2198,1080,2330) class=android.widget.LinearLayout
         1789127474.919 20544 20544 D YTV2_DUMP: [18] parent=16 id=com.google.android.youtube:id/watch_while_layout_coordinator_layout text='null' desc='null' bounds=(0,0,1080,2330) class=android.view.ViewGroup
         1789127474.919 20544 20544 D YTV2_DUMP: [19] parent=17 id=com.google.android.youtube:id/pivot_bar text='null' desc='null' bounds=(0,2198,1080,2330) class=android.widget.HorizontalScrollView
         1789127474.919 20544 20544 D YTV2_DUMP: [20] parent=18 id=com.google.android.youtube:id/fab_container text='null' desc='null' bounds=(0,0,1080,2330) class=android.widget.FrameLayout
         1789127474.919 20544 20544 D YTV2_DUMP: [21] parent=18 id=com.google.android.youtube:id/pane_fragment_container text='null' desc='null' bounds=(0,0,1080,2330) class=android.widget.FrameLayout
         1789127474.919 20544 20544 D YTV2_DUMP: [22] parent=18 id=com.google.android.youtube:id/root_pill_container text='null' desc='null' bounds=(0,2220,1080,2220) class=android.widget.FrameLayout
         1789127474.919 20544 20544 D YTV2_DUMP: [23] parent=18 id=com.google.android.youtube:id/pane_fragment_footer_container text='null' desc='null' bounds=(0,2330,1080,2330) class=android.widget.FrameLayout
         1789127474.919 20544 20544 D YTV2_DUMP: [24] parent=19 id=null text='null' desc='null' bounds=(0,2198,1080,2330) class=android.widget.LinearLayout
         1789127474.919 20544 20544 D YTV2_DUMP: [25] parent=21 id=com.google.android.youtube:id/inline_player_container text='null' desc='null' bounds=(0,0,1080,2198) class=android.view.ViewGroup
         1789127474.919 20544 20544 D YTV2_DUMP: [26] parent=21 id=com.google.android.youtube:id/inline_player_overlay_container text='null' desc='null' bounds=(0,0,1080,2198) class=android.view.ViewGroup
         1789127474.919 20544 20544 D YTV2_DUMP: [27] parent=21 id=com.google.android.youtube:id/browse_fragment_layout_coordinator_layout text='null' desc='null' bounds=(0,104,1080,2198) class=android.widget.ScrollView
         1789127474.919 20544 20544 D YTV2_DUMP: [28] parent=24 id=null text='null' desc='Home' bounds=(0,2198,216,2330) class=android.widget.Button
         1789127474.919 20544 20544 D YTV2_DUMP: [29] parent=24 id=null text='null' desc='Shorts' bounds=(216,2198,432,2330) class=android.widget.Button
         1789127474.919 20544 20544 D YTV2_DUMP: [30] parent=24 id=null text='null' desc='Create' bounds=(432,2198,648,2330) class=android.widget.Button
         1789127474.919 20544 20544 D YTV2_DUMP: [31] parent=24 id=null text='null' desc='Subscriptions: New content is available' bounds=(648,2198,864,2330) class=android.widget.Button
         1789127474.920 20544 20544 D YTV2_DUMP: [32] parent=24 id=null text='null' desc='You' bounds=(864,2198,1080,2330) class=android.widget.Button
         1789127474.920 20544 20544 D YTV2_DUMP: [33] parent=25 id=com.google.android.youtube:id/player_fragment_container text='null' desc='null' bounds=(44,969,501,1730) class=android.widget.FrameLayout
         1789127474.920 20544 20544 D YTV2_DUMP: [34] parent=26 id=null text='null' desc='null' bounds=(44,969,1080,2198) class=android.widget.FrameLayout
         1789127474.920 20544 20544 D YTV2_DUMP: [35] parent=26 id=com.google.android.youtube:id/player_overlays text='null' desc='null' bounds=(44,969,501,1730) class=android.view.ViewGroup
         1789127474.920 20544 20544 D YTV2_DUMP: [36] parent=27 id=com.google.android.youtube:id/appbar_layout text='null' desc='null' bounds=(0,104,1080,236) class=android.widget.LinearLayout
         1789127474.920 20544 20544 D YTV2_DUMP: [37] parent=27 id=com.google.android.youtube:id/pane_fragment_contents text='null' desc='null' bounds=(0,236,1080,2198) class=android.widget.FrameLayout
         1789127474.920 20544 20544 D YTV2_DUMP: [38] parent=28 id=com.google.android.youtube:id/thumbnail_layout text='null' desc='null' bounds=(75,2210,141,2276) class=android.widget.FrameLayout
         1789127474.920 20544 20544 D YTV2_DUMP: [39] parent=28 id=com.google.android.youtube:id/text text='Home' desc='null' bounds=(67,2282,150,2319) class=android.widget.TextView
         1789127474.920 20544 20544 D YTV2_DUMP: [40] parent=29 id=com.google.android.youtube:id/thumbnail_layout text='null' desc='null' bounds=(291,2210,357,2276) class=android.widget.FrameLayout
         1789127474.920 20544 20544 D YTV2_DUMP: [41] parent=29 id=com.google.android.youtube:id/text text='Shorts' desc='null' bounds=(279,2282,369,2319) class=android.widget.TextView
         1789127474.920 20544 20544 D YTV2_DUMP: [42] parent=30 id=com.google.android.youtube:id/image text='null' desc='null' bounds=(491,2216,590,2315) class=android.widget.ImageView
         1789127474.920 20544 20544 D YTV2_DUMP: [43] parent=31 id=com.google.android.youtube:id/thumbnail_layout text='null' desc='null' bounds=(723,2210,789,2276) class=android.widget.FrameLayout
         1789127474.920 20544 20544 D YTV2_DUMP: [44] parent=31 id=com.google.android.youtube:id/new_content_dot text='null' desc='New content available' bounds=(761,2204,794,2237) class=android.view.View
         1789127474.920 20544 20544 D YTV2_DUMP: [45] parent=31 id=com.google.android.youtube:id/text text='Subscriptions' desc='null' bounds=(666,2282,847,2319) class=android.widget.TextView
         1789127474.920 20544 20544 D YTV2_DUMP: [46] parent=32 id=com.google.android.youtube:id/thumbnail_layout text='null' desc='null' bounds=(939,2210,1005,2276) class=android.widget.FrameLayout
         1789127474.920 20544 20544 D YTV2_DUMP: [47] parent=32 id=com.google.android.youtube:id/text text='You' desc='null' bounds=(946,2282,999,2319) class=android.widget.TextView
         1789127474.920 20544 20544 D YTV2_DUMP: [48] parent=33 id=com.google.android.youtube:id/player_view text='null' desc='null' bounds=(44,969,501,1730) class=android.view.ViewGroup
         1789127474.921 20544 20544 D YTV2_DUMP: [49] parent=34 id=com.google.android.youtube:id/inline_playback_time_bar text='null' desc='null' bounds=(60,969,485,1777) class=android.view.ViewGroup
         1789127474.921 20544 20544 D YTV2_DUMP: [50] parent=35 id=com.google.android.youtube:id/player_overlays_custom_views_container text='null' desc='null' bounds=(44,969,501,1730) class=android.widget.FrameLayout
         1789127474.921 20544 20544 D YTV2_DUMP: [51] parent=35 id=null text='null' desc='null' bounds=(44,969,501,1730) class=android.widget.FrameLayout
         1789127474.921 20544 20544 D YTV2_DUMP: [52] parent=35 id=null text='null' desc='null' bounds=(44,969,501,1730) class=android.widget.FrameLayout
         1789127474.921 20544 20544 D YTV2_DUMP: [53] parent=35 id=null text='null' desc='null' bounds=(44,969,501,1730) class=android.widget.FrameLayout
         1789127474.921 20544 20544 D YTV2_DUMP: [54] parent=35 id=null text='null' desc='null' bounds=(44,969,501,1730) class=android.widget.FrameLayout
         1789127474.921 20544 20544 D YTV2_DUMP: [55] parent=36 id=com.google.android.youtube:id/toolbar_container text='null' desc='null' bounds=(0,104,1080,236) class=android.widget.FrameLayout
         1789127474.921 20544 20544 D YTV2_DUMP: [56] parent=37 id=com.google.android.youtube:id/loading_layout text='null' desc='null' bounds=(0,236,1080,2198) class=android.widget.FrameLayout
         1789127474.921 20544 20544 D YTV2_DUMP: [57] parent=38 id=com.google.android.youtube:id/image text='null' desc='null' bounds=(75,2210,141,2276) class=android.widget.ImageView
         1789127474.921 20544 20544 D YTV2_DUMP: [58] parent=40 id=com.google.android.youtube:id/image text='null' desc='null' bounds=(291,2210,357,2276) class=android.widget.ImageView
         1789127474.921 20544 20544 D YTV2_DUMP: [59] parent=43 id=com.google.android.youtube:id/image text='null' desc='null' bounds=(723,2210,789,2276) class=android.widget.ImageView
         1789127474.921 20544 20544 D YTV2_DUMP: [60] parent=46 id=com.google.android.youtube:id/pivot_bar_thumbnail text='null' desc='null' bounds=(939,2210,1005,2276) class=android.widget.ImageView
         1789127474.921 20544 20544 D YTV2_DUMP: [61] parent=48 id=null text='null' desc='null' bounds=(44,969,501,1730) class=android.view.ViewGroup
         1789127474.921 20544 20544 D YTV2_DUMP: [62] parent=51 id=null text='null' desc='null' bounds=(44,969,501,1730) class=android.widget.FrameLayout
         1789127474.921 20544 20544 D YTV2_DUMP: [63] parent=52 id=null text='null' desc='null' bounds=(44,969,501,1730) class=android.widget.FrameLayout
         1789127474.921 20544 20544 D YTV2_DUMP: [64] parent=53 id=null text='null' desc='null' bounds=(44,969,501,1730) class=android.widget.FrameLayout
         1789127474.921 20544 20544 D YTV2_DUMP: [65] parent=54 id=null text='null' desc='null' bounds=(44,969,501,1730) class=android.view.ViewGroup
         1789127474.921 20544 20544 D YTV2_DUMP: [66] parent=55 id=com.google.android.youtube:id/collapsing_header_container text='null' desc='null' bounds=(0,104,1080,104) class=android.widget.FrameLayout
         1789127474.921 20544 20544 D YTV2_DUMP: [67] parent=55 id=com.google.android.youtube:id/toolbar text='null' desc='null' bounds=(0,104,1080,236) class=android.view.ViewGroup
         1789127474.921 20544 20544 D YTV2_DUMP: [68] parent=56 id=com.google.android.youtube:id/results text='null' desc='null' bounds=(0,236,1080,2198) class=android.support.v7.widget.RecyclerView
         1789127474.922 20544 20544 D YTV2_DUMP: [69] parent=61 id=null text='null' desc='null' bounds=(44,969,501,1730) class=android.view.ViewGroup
         1789127474.922 20544 20544 D YTV2_DUMP: [70] parent=62 id=null text='null' desc='null' bounds=(44,969,501,1730) class=android.view.ViewGroup
         1789127474.922 20544 20544 D YTV2_DUMP: [71] parent=63 id=null text='null' desc='null' bounds=(44,969,501,1730) class=android.view.ViewGroup
         1789127474.922 20544 20544 D YTV2_DUMP: [72] parent=64 id=null text='null' desc='null' bounds=(44,969,501,1730) class=android.view.ViewGroup
         1789127474.922 20544 20544 D YTV2_DUMP: [73] parent=65 id=com.google.android.youtube:id/subtitle text='null' desc='null' bounds=(44,969,501,1654) class=android.widget.FrameLayout
         1789127474.922 20544 20544 D YTV2_DUMP: [74] parent=65 id=com.google.android.youtube:id/top_ui_controls text='null' desc='null' bounds=(391,969,501,1101) class=android.widget.LinearLayout
         1789127474.922 20544 20544 D YTV2_DUMP: [75] parent=65 id=com.google.android.youtube:id/status_bar text='null' desc='null' bounds=(479,1653,501,1730) class=android.widget.LinearLayout
         1789127474.922 20544 20544 D YTV2_DUMP: [76] parent=67 id=null text='null' desc='Navigate up' bounds=(0,104,154,236) class=android.widget.ImageButton
         1789127474.922 20544 20544 D YTV2_DUMP: [77] parent=67 id=null text='null' desc='null' bounds=(154,104,969,236) class=android.widget.RelativeLayout
         1789127474.922 20544 20544 D YTV2_DUMP: [78] parent=67 id=null text='null' desc='null' bounds=(969,104,1080,236) class=android.support.v7.widget.LinearLayoutCompat
         1789127474.922 20544 20544 D YTV2_DUMP: [79] parent=68 id=null text='null' desc='null' bounds=(0,236,1080,770) class=android.view.ViewGroup
         1789127474.922 20544 20544 D YTV2_DUMP: [80] parent=68 id=null text='null' desc='null' bounds=(0,770,1080,837) class=android.view.ViewGroup
         1789127474.922 20544 20544 D YTV2_DUMP: [81] parent=68 id=null text='null' desc='null' bounds=(0,837,1080,1961) class=android.view.ViewGroup
         1789127474.922 20544 20544 D YTV2_DUMP: [82] parent=68 id=null text='null' desc='null' bounds=(0,1961,1080,1983) class=android.view.ViewGroup
         1789127474.922 20544 20544 D YTV2_DUMP: [83] parent=68 id=null text='null' desc='Sponsored – Switch and save on AI
         1789127474.922 20544 20544 D YTV2_DUMP: Don't overpay. Bundle AI chat, image editing, and 400GB storage: Only ₹399/mo
         1789127474.922 20544 20544 D YTV2_DUMP: Google AI Plus – Sign up - Link opens in new window' bounds=(0,1983,1080,2198) class=android.widget.Button
         1789127474.923 20544 20544 D YTV2_DUMP: [84] parent=69 id=null text='null' desc='null' bounds=(44,969,501,1730) class=android.view.View
         1789127474.923 20544 20544 D YTV2_DUMP: [85] parent=69 id=null text='null' desc='null' bounds=(44,969,501,1730) class=android.view.View
         1789127474.923 20544 20544 D YTV2_DUMP: [86] parent=74 id=com.google.android.youtube:id/audio_cc_button_layout text='null' desc='null' bounds=(391,1062,501,1101) class=android.widget.LinearLayout
         1789127474.923 20544 20544 D YTV2_DUMP: [87] parent=75 id=com.google.android.youtube:id/autoplay_loading_view_container text='null' desc='null' bounds=(479,1705,479,1705) class=android.widget.FrameLayout
         1789127474.923 20544 20544 D YTV2_DUMP: [88] parent=77 id=com.google.android.youtube:id/search_box text='null' desc='null' bounds=(154,104,837,236) class=android.widget.LinearLayout
         1789127474.923 20544 20544 D YTV2_DUMP: [89] parent=77 id=com.google.android.youtube:id/voice_search text='null' desc='Voice search' bounds=(837,104,969,236) class=android.widget.ImageView
         1789127474.923 20544 20544 D YTV2_DUMP: [90] parent=78 id=null text='null' desc='More options' bounds=(969,104,1080,236) class=android.widget.ImageView
         1789127474.923 20544 20544 D YTV2_DUMP: [91] parent=79 id=null text='null' desc='null' bounds=(0,236,1080,704) class=android.view.ViewGroup
         1789127474.923 20544 20544 D YTV2_DUMP: [92] parent=81 id=null text='null' desc='Latest from PARMAR SSC' bounds=(0,837,1080,969) class=android.widget.Button
         1789127474.923 20544 20544 D YTV2_DUMP: [93] parent=81 id=null text='null' desc='null' bounds=(0,969,1080,1895) class=android.view.ViewGroup
         1789127474.923 20544 20544 D YTV2_DUMP: [94] parent=83 id=null text='null' desc='null' bounds=(0,1983,1080,2198) class=android.view.ViewGroup
         1789127474.923 20544 20544 D YTV2_DUMP: [95] parent=83 id=null text='null' desc='null' bounds=(0,1983,1080,2198) class=android.view.ViewGroup
         1789127474.923 20544 20544 D YTV2_DUMP: [96] parent=86 id=com.google.android.youtube:id/audio_toggle_container text='null' desc='null' bounds=(391,1084,501,1101) class=android.widget.FrameLayout
         1789127474.923 20544 20544 D YTV2_DUMP: [97] parent=88 id=com.google.android.youtube:id/search_query text='parmar ssc' desc='null' bounds=(154,126,705,214) class=android.widget.TextView
         1789127474.923 20544 20544 D YTV2_DUMP: [98] parent=88 id=com.google.android.youtube:id/search_clear text='null' desc='Clear' bounds=(705,104,837,236) class=android.widget.ImageView
         1789127474.923 20544 20544 D YTV2_DUMP: [99] parent=91 id=null text='null' desc='null' bounds=(0,236,1080,704) class=android.support.v7.widget.RecyclerView
         1789127474.923 20544 20544 D YTV2_DUMP: [100] parent=92 id=null text='null' desc='null' bounds=(44,870,752,936) class=android.widget.Button
         1789127474.923 20544 20544 D YTV2_DUMP: [101] parent=93 id=null text='null' desc='null' bounds=(0,969,1080,1895) class=android.support.v7.widget.RecyclerView
         1789127474.923 20544 20544 D YTV2_DUMP: [102] parent=95 id=null text='null' desc='null' bounds=(0,1983,1080,2198) class=android.widget.ImageView
         1789127474.924 20544 20544 D YTV2_DUMP: [103] parent=96 id=com.google.android.youtube:id/audio_toggle text='null' desc='Tap to mute or unmute playback audio' bounds=(391,1084,501,1101) class=android.widget.ImageView
         1789127474.924 20544 20544 D YTV2_DUMP: [104] parent=99 id=null text='null' desc='null' bounds=(0,236,22,704) class=android.view.ViewGroup
         1789127474.924 20544 20544 D YTV2_DUMP: [105] parent=99 id=null text='null' desc='null' bounds=(22,236,1015,656) class=android.view.ViewGroup
         1789127474.924 20544 20544 D YTV2_DUMP: [106] parent=99 id=null text='null' desc='null' bounds=(1015,236,1080,704) class=android.view.ViewGroup
         1789127474.924 20544 20544 D YTV2_DUMP: [107] parent=100 id=null text='Latest from PARMAR SSC' desc='Latest from PARMAR SSC' bounds=(44,871,686,935) class=android.view.ViewGroup
         1789127474.924 20544 20544 D YTV2_DUMP: [108] parent=100 id=null text='null' desc='null' bounds=(686,870,752,936) class=android.widget.ImageView
         1789127474.924 20544 20544 D YTV2_DUMP: [109] parent=101 id=null text='null' desc='null' bounds=(44,969,534,1895) class=android.view.ViewGroup
         1789127474.924 20544 20544 D YTV2_DUMP: [110] parent=101 id=null text='null' desc='null' bounds=(534,969,1024,1895) class=android.view.ViewGroup
         1789127474.924 20544 20544 D YTV2_DUMP: [111] parent=101 id=null text='null' desc='null' bounds=(1024,969,1080,1895) class=android.view.ViewGroup
         1789127474.924 20544 20544 D YTV2_DUMP: [112] parent=104 id=null text='null' desc='SSC STENO 2026 | Most EXPECTED PAPER Based on 11 SEP ALL SHIFTS Exams –  –  – PARMAR SSC, verified - Scheduled for 11/09/26, 20:30 - Upcoming – play video' bounds=(0,236,22,704) class=android.widget.Button
         1789127474.924 20544 20544 D YTV2_DUMP: [113] parent=105 id=null text='null' desc='SSC CGL 2027 | PARMAR'S MATHS FOUNDATION BATCH | COMPLETE STRATEGY – 48 minutes, 41 seconds –  – PARMAR SSC, verified - 27K views - 5 hours ago – play video' bounds=(22,236,1015,656) class=android.widget.Button
         1789127474.924 20544 20544 D YTV2_DUMP: [114] parent=106 id=null text='null' desc='SSC STENO 2026 | Most EXPECTED PAPER Based on 10 SEP ALL SHIFTS Exams – 46 minutes, 21 seconds –  – PARMAR SSC, verified - 1 lakh views - Streamed 21 hours ago – play video' bounds=(1015,236,1080,704) class=android.widget.Button
         1789127474.924 20544 20544 D YTV2_DUMP: [115] parent=109 id=null text='null' desc='HOW DID 5 ORANGUTANS REACH INDIA ?, 41K views – play Short' bounds=(44,969,501,1730) class=android.widget.Button
         1789127474.924 20544 20544 D YTV2_DUMP: [116] parent=110 id=null text='null' desc='THE WORLD MAP IS CHANGING !, 3.7 lakh views – play Short' bounds=(534,969,991,1730) class=android.widget.Button
         1789127474.924 20544 20544 D YTV2_DUMP: [117] parent=111 id=null text='null' desc='INCREDIBLE SSC CHSL 2025 RESULT!, 57K views – play Short' bounds=(1024,969,1080,1730) class=android.widget.Button
         1789127474.924 20544 20544 D YTV2_DUMP: [118] parent=112 id=null text='null' desc='null' bounds=(0,480,3,704) class=android.view.ViewGroup
         1789127474.924 20544 20544 D YTV2_DUMP: [119] parent=113 id=null text='null' desc='null' bounds=(44,236,993,458) class=android.view.ViewGroup
         1789127474.925 20544 20544 D YTV2_DUMP: [120] parent=113 id=null text='null' desc='null' bounds=(44,480,996,656) class=android.view.ViewGroup
         1789127474.925 20544 20544 D YTV2_DUMP: [121] parent=114 id=null text='null' desc='null' bounds=(1037,236,1080,458) class=android.view.ViewGroup
         1789127474.925 20544 20544 D YTV2_DUMP: [122] parent=114 id=null text='null' desc='null' bounds=(1037,480,1080,704) class=android.view.ViewGroup
         1789127474.925 20544 20544 D YTV2_DUMP: [123] parent=115 id=null text='null' desc='null' bounds=(44,969,501,1730) class=android.view.ViewGroup
         1789127474.925 20544 20544 D YTV2_DUMP: [124] parent=116 id=null text='null' desc='null' bounds=(534,969,991,1730) class=android.view.ViewGroup
         1789127474.925 20544 20544 D YTV2_DUMP: [125] parent=117 id=null text='null' desc='null' bounds=(1024,969,1080,1730) class=android.view.ViewGroup
         1789127474.925 20544 20544 D YTV2_DUMP: [126] parent=118 id=null text='null' desc='Action menu' bounds=(0,480,3,530) class=android.widget.Button
         1789127474.925 20544 20544 D YTV2_DUMP: [127] parent=119 id=null text='null' desc='null' bounds=(44,236,993,458) class=android.widget.ImageView
         1789127474.925 20544 20544 D YTV2_DUMP: [128] parent=119 id=null text='null' desc='48 minutes, 41 seconds' bounds=(850,386,976,441) class=android.view.ViewGroup
         1789127474.925 20544 20544 D YTV2_DUMP: [129] parent=119 id=null text='null' desc='null' bounds=(44,450,139,458) class=android.widget.ImageView
         1789127474.925 20544 20544 D YTV2_DUMP: [130] parent=120 id=null text='null' desc='Go to channel PARMAR SSC' bounds=(44,480,143,579) class=android.widget.Button
         1789127474.925 20544 20544 D YTV2_DUMP: [131] parent=120 id=null text='null' desc='null' bounds=(176,480,935,656) class=android.view.ViewGroup
         1789127474.925 20544 20544 D YTV2_DUMP: [132] parent=120 id=null text='null' desc='Action menu' bounds=(946,480,996,530) class=android.widget.Button
         1789127474.925 20544 20544 D YTV2_DUMP: [133] parent=121 id=null text='null' desc='null' bounds=(1037,236,1080,458) class=android.widget.ImageView
         1789127474.925 20544 20544 D YTV2_DUMP: [134] parent=121 id=null text='null' desc='null' bounds=(1037,450,1080,458) class=android.widget.ImageView
         1789127474.925 20544 20544 D YTV2_DUMP: [135] parent=122 id=null text='null' desc='Go to channel PARMAR SSC' bounds=(1037,480,1080,579) class=android.widget.Button
         1789127474.925 20544 20544 D YTV2_DUMP: [136] parent=123 id=null text='null' desc='null' bounds=(44,969,501,1730) class=android.widget.ImageView
         1789127474.925 20544 20544 D YTV2_DUMP: [137] parent=123 id=null text='null' desc='null' bounds=(44,969,501,1730) class=android.view.ViewGroup
         1789127474.925 20544 20544 D YTV2_DUMP: [138] parent=123 id=null text='null' desc='New' bounds=(66,991,180,1048) class=android.view.ViewGroup
         1789127474.925 20544 20544 D YTV2_DUMP: [139] parent=123 id=null text='null' desc='null' bounds=(391,969,501,1079) class=android.view.ViewGroup
         1789127474.926 20544 20544 D YTV2_DUMP: [140] parent=123 id=null text='null' desc='null' bounds=(44,1533,501,1730) class=android.view.ViewGroup
         1789127474.926 20544 20544 D YTV2_DUMP: [141] parent=124 id=null text='null' desc='null' bounds=(534,969,991,1730) class=android.widget.ImageView
         1789127474.926 20544 20544 D YTV2_DUMP: [142] parent=124 id=null text='null' desc='null' bounds=(534,969,991,1730) class=android.view.ViewGroup
         1789127474.926 20544 20544 D YTV2_DUMP: [143] parent=124 id=null text='null' desc='New' bounds=(556,991,670,1048) class=android.view.ViewGroup
         1789127474.926 20544 20544 D YTV2_DUMP: [144] parent=124 id=null text='null' desc='null' bounds=(881,969,991,1079) class=android.view.ViewGroup
         1789127474.926 20544 20544 D YTV2_DUMP: [145] parent=124 id=null text='null' desc='null' bounds=(534,1533,991,1730) class=android.view.ViewGroup
         1789127474.926 20544 20544 D YTV2_DUMP: [146] parent=125 id=null text='null' desc='null' bounds=(1024,969,1080,1730) class=android.widget.ImageView
         1789127474.926 20544 20544 D YTV2_DUMP: [147] parent=125 id=null text='null' desc='null' bounds=(1024,969,1080,1730) class=android.view.ViewGroup
         1789127474.926 20544 20544 D YTV2_DUMP: [148] parent=125 id=null text='null' desc='null' bounds=(1024,1533,1080,1730) class=android.view.ViewGroup
         1789127474.926 20544 20544 D YTV2_DUMP: [149] parent=128 id=null text='48:41' desc='48:41' bounds=(867,389,959,437) class=android.view.ViewGroup
         1789127474.926 20544 20544 D YTV2_DUMP: [150] parent=131 id=null text='null' desc='null' bounds=(176,480,935,656) class=android.view.ViewGroup
         1789127474.926 20544 20544 D YTV2_DUMP: [151] parent=137 id=null text='null' desc='null' bounds=(44,969,501,1730) class=android.widget.ImageView
         1789127474.926 20544 20544 D YTV2_DUMP: [152] parent=137 id=null text='null' desc='null' bounds=(44,969,501,1730) class=android.view.ViewGroup
         1789127474.926 20544 20544 D YTV2_DUMP: [153] parent=138 id=null text='New' desc='New' bounds=(77,994,152,1045) class=android.view.ViewGroup
         1789127474.926 20544 20544 D YTV2_DUMP: [154] parent=139 id=null text='null' desc='More actions' bounds=(440,991,490,1041) class=android.widget.Button
         1789127474.926 20544 20544 D YTV2_DUMP: [155] parent=140 id=null text='null' desc='null' bounds=(66,1533,479,1708) class=android.view.ViewGroup
         1789127474.926 20544 20544 D YTV2_DUMP: [156] parent=142 id=null text='null' desc='null' bounds=(534,969,991,1730) class=android.widget.ImageView
         1789127474.927 20544 20544 D YTV2_DUMP: [157] parent=142 id=null text='null' desc='null' bounds=(534,969,991,1730) class=android.view.ViewGroup
         1789127474.927 20544 20544 D YTV2_DUMP: [158] parent=143 id=null text='New' desc='New' bounds=(567,994,642,1045) class=android.view.ViewGroup
         1789127474.927 20544 20544 D YTV2_DUMP: [159] parent=144 id=null text='null' desc='More actions' bounds=(930,991,980,1041) class=android.widget.Button
         1789127474.927 20544 20544 D YTV2_DUMP: [160] parent=145 id=null text='null' desc='null' bounds=(556,1533,969,1708) class=android.view.ViewGroup
         1789127474.927 20544 20544 D YTV2_DUMP: [161] parent=147 id=null text='null' desc='null' bounds=(1024,969,1080,1730) class=android.widget.ImageView
         1789127474.927 20544 20544 D YTV2_DUMP: [162] parent=147 id=null text='null' desc='null' bounds=(1024,969,1080,1730) class=android.view.ViewGroup
         1789127474.927 20544 20544 D YTV2_DUMP: [163] parent=148 id=null text='null' desc='null' bounds=(1046,1533,1080,1708) class=android.view.ViewGroup
         1789127474.927 20544 20544 D YTV2_DUMP: [164] parent=150 id=null text='null' desc='null' bounds=(176,480,935,597) class=android.view.ViewGroup
         1789127474.927 20544 20544 D YTV2_DUMP: [165] parent=150 id=null text='null' desc='null' bounds=(176,597,741,656) class=android.view.ViewGroup
         1789127474.927 20544 20544 D YTV2_DUMP: [166] parent=152 id=null text='null' desc='null' bounds=(44,969,501,1730) class=android.widget.ImageView
         1789127474.927 20544 20544 D YTV2_DUMP: [167] parent=155 id=null text='null' desc='null' bounds=(66,1533,479,1648) class=android.view.ViewGroup
         1789127474.927 20544 20544 D YTV2_DUMP: [168] parent=155 id=null text='null' desc='null' bounds=(66,1659,479,1708) class=android.view.ViewGroup
         1789127474.927 20544 20544 D YTV2_DUMP: [169] parent=157 id=null text='null' desc='null' bounds=(534,969,991,1730) class=android.widget.ImageView
         1789127474.927 20544 20544 D YTV2_DUMP: [170] parent=160 id=null text='null' desc='null' bounds=(556,1533,969,1648) class=android.view.ViewGroup
         1789127474.927 20544 20544 D YTV2_DUMP: [171] parent=160 id=null text='null' desc='null' bounds=(556,1659,969,1708) class=android.view.ViewGroup
         1789127474.927 20544 20544 D YTV2_DUMP: [172] parent=162 id=null text='null' desc='null' bounds=(1024,969,1080,1730) class=android.widget.ImageView
         1789127474.927 20544 20544 D YTV2_DUMP: [173] parent=163 id=null text='null' desc='null' bounds=(1046,1533,1080,1648) class=android.view.ViewGroup
         1789127474.927 20544 20544 D YTV2_DUMP: [174] parent=163 id=null text='null' desc='null' bounds=(1046,1659,1080,1708) class=android.view.ViewGroup
         1789127474.927 20544 20544 D YTV2_DUMP: [175] parent=164 id=null text='SSC CGL 2027 | PARMAR'S MATHS FOUNDATION BATCH | COMPLETE STRATEGY' desc='SSC CGL 2027 | PARMAR'S MATHS FOUNDATION BATCH | COMPLETE STRATEGY' bounds=(176,480,902,597) class=android.view.ViewGroup
         1789127474.927 20544 20544 D YTV2_DUMP: [176] parent=165 id=null text='PARMAR SSC          27K   5 hr ago' desc='PARMAR SSC          27K   5 hr ago' bounds=(176,608,741,656) class=android.view.ViewGroup
         1789127474.928 20544 20544 D YTV2_DUMP: [177] parent=167 id=null text='HOW DID 5 ORANGUTANS REACH INDIA ?' desc='HOW DID 5 ORANGUTANS REACH INDIA ?' bounds=(66,1533,479,1648) class=android.view.ViewGroup
         1789127474.928 20544 20544 D YTV2_DUMP: [178] parent=168 id=null text='41K views' desc='41K views' bounds=(66,1659,479,1708) class=android.view.ViewGroup
         1789127474.928 20544 20544 D YTV2_DUMP: [179] parent=170 id=null text='THE WORLD MAP IS CHANGING !' desc='THE WORLD MAP IS CHANGING !' bounds=(556,1533,969,1648) class=android.view.ViewGroup
         1789127474.928 20544 20544 D YTV2_DUMP: [180] parent=171 id=null text='3.7 lakh views' desc='3.7 lakh views' bounds=(556,1659,969,1708) class=android.view.ViewGroup
         1789127474.928 20544 20544 D YTV2_DUMP: [181] parent=173 id=null text='INCREDIBLE SSC CHSL 2025 RESULT!' desc='INCREDIBLE SSC CHSL 2025 RESULT!' bounds=(1046,1533,1080,1648) class=android.view.ViewGroup
         1789127474.928 20544 20544 D YTV2_DUMP: [182] parent=174 id=null text='57K views' desc='57K views' bounds=(1046,1659,1080,1708) class=android.view.ViewGroup
         1789127474.951 20544 20544 D YTV2_DUMP: --> PARSED: kind=NON_PLAYBACK watchConfirmed=false title='null' handle='null' display='null' channelId='null'
         1789127492.694 20544 20544 D YTV2_DUMP: [0] parent=null id=null text='null' desc='null' bounds=(0,0,1080,2460) class=android.widget.FrameLayout
         1789127492.694 20544 20544 D YTV2_DUMP: [1] parent=0 id=null text='null' desc='null' bounds=(0,0,1080,2460) class=android.widget.LinearLayout
         1789127492.694 20544 20544 D YTV2_DUMP: [2] parent=0 id=android:id/navigationBarBackground text='null' desc='null' bounds=(0,2330,1080,2460) class=android.view.View
         1789127492.694 20544 20544 D YTV2_DUMP: [3] parent=1 id=null text='null' desc='null' bounds=(0,0,1080,2460) class=android.widget.FrameLayout
         1789127492.694 20544 20544 D YTV2_DUMP: [4] parent=3 id=com.google.android.youtube:id/action_bar_root text='null' desc='null' bounds=(0,0,1080,2460) class=android.widget.LinearLayout
         1789127492.694 20544 20544 D YTV2_DUMP: [5] parent=4 id=android:id/content text='null' desc='null' bounds=(0,0,1080,2460) class=android.widget.FrameLayout
         1789127492.695 20544 20544 D YTV2_DUMP: [6] parent=5 id=com.google.android.youtube:id/more_drawer_container text='null' desc='null' bounds=(0,0,1080,2460) class=androidx.drawerlayout.widget.DrawerLayout
         1789127492.695 20544 20544 D YTV2_DUMP: [7] parent=5 id=com.google.android.youtube:id/reel_time_bar text='null' desc='null' bounds=(0,0,1080,2460) class=android.view.ViewGroup
         1789127492.695 20544 20544 D YTV2_DUMP: [8] parent=6 id=com.google.android.youtube:id/slim_status_bar_player_container text='null' desc='null' bounds=(0,0,1080,2460) class=android.widget.FrameLayout
         1789127492.695 20544 20544 D YTV2_DUMP: [9] parent=7 id=null text='null' desc='0 minutes 2 seconds of 1 minute 12 seconds' bounds=(0,2131,1080,2263) class=android.widget.SeekBar
         1789127492.695 20544 20544 D YTV2_DUMP: [10] parent=8 id=com.google.android.youtube:id/navigation_bar_divider_frame text='null' desc='null' bounds=(0,0,1080,2330) class=android.view.ViewGroup
         1789127492.695 20544 20544 D YTV2_DUMP: [11] parent=8 id=null text='null' desc='null' bounds=(0,0,1080,104) class=android.widget.FrameLayout
         1789127492.695 20544 20544 D YTV2_DUMP: [12] parent=8 id=null text='null' desc='null' bounds=(0,0,3,3) class=android.view.View
         1789127492.695 20544 20544 D YTV2_DUMP: [13] parent=10 id=com.google.android.youtube:id/global_slim_status_bar_container text='null' desc='null' bounds=(0,0,1080,2330) class=android.widget.FrameLayout
         1789127492.695 20544 20544 D YTV2_DUMP: [14] parent=10 id=com.google.android.youtube:id/accessibility_layer_container text='null' desc='null' bounds=(0,0,1080,2330) class=android.widget.FrameLayout
         1789127492.695 20544 20544 D YTV2_DUMP: [15] parent=11 id=com.google.android.youtube:id/global_status_bar_view text='null' desc='null' bounds=(0,0,1080,104) class=android.view.View
         1789127492.695 20544 20544 D YTV2_DUMP: [16] parent=14 id=com.google.android.youtube:id/fullscreen_mode_container text='null' desc='null' bounds=(0,0,1080,0) class=android.widget.FrameLayout
         1789127492.696 20544 20544 D YTV2_DUMP: [17] parent=14 id=com.google.android.youtube:id/next_gen_watch_container_layout text='null' desc='null' bounds=(0,0,1080,2330) class=android.view.ViewGroup
         1789127492.696 20544 20544 D YTV2_DUMP: [18] parent=14 id=com.google.android.youtube:id/bottom_bar_container text='null' desc='null' bounds=(0,2198,1080,2330) class=android.widget.LinearLayout
         1789127492.696 20544 20544 D YTV2_DUMP: [19] parent=17 id=com.google.android.youtube:id/watch_while_layout_coordinator_layout text='null' desc='null' bounds=(0,0,1080,2330) class=android.view.ViewGroup
         1789127492.696 20544 20544 D YTV2_DUMP: [20] parent=18 id=com.google.android.youtube:id/pivot_bar text='null' desc='null' bounds=(0,2198,1080,2330) class=android.widget.HorizontalScrollView
         1789127492.696 20544 20544 D YTV2_DUMP: [21] parent=19 id=com.google.android.youtube:id/fab_container text='null' desc='null' bounds=(0,0,1080,2330) class=android.widget.FrameLayout
         1789127492.696 20544 20544 D YTV2_DUMP: [22] parent=19 id=com.google.android.youtube:id/pane_fragment_container text='null' desc='null' bounds=(0,0,1080,2330) class=android.widget.FrameLayout
         1789127492.697 20544 20544 D YTV2_DUMP: [23] parent=19 id=com.google.android.youtube:id/root_pill_container text='null' desc='null' bounds=(0,2220,1080,2220) class=android.widget.FrameLayout
         1789127492.697 20544 20544 D YTV2_DUMP: [24] parent=19 id=com.google.android.youtube:id/pane_fragment_footer_container text='null' desc='null' bounds=(0,2330,1080,2330) class=android.widget.FrameLayout
         1789127492.697 20544 20544 D YTV2_DUMP: [25] parent=20 id=null text='null' desc='null' bounds=(0,2198,1080,2330) class=android.widget.LinearLayout
         1789127492.697 20544 20544 D YTV2_DUMP: [26] parent=22 id=com.google.android.youtube:id/browse_fragment_layout_coordinator_layout text='null' desc='null' bounds=(0,0,1080,2198) class=android.widget.ScrollView
         1789127492.697 20544 20544 D YTV2_DUMP: [27] parent=25 id=null text='null' desc='Home' bounds=(0,2198,216,2330) class=android.widget.Button
         1789127492.697 20544 20544 D YTV2_DUMP: [28] parent=25 id=null text='null' desc='Shorts' bounds=(216,2198,432,2330) class=android.widget.Button
         1789127492.697 20544 20544 D YTV2_DUMP: [29] parent=25 id=null text='null' desc='Create' bounds=(432,2198,648,2330) class=android.widget.Button
         1789127492.697 20544 20544 D YTV2_DUMP: [30] parent=25 id=null text='null' desc='Subscriptions: New content is available' bounds=(648,2198,864,2330) class=android.widget.Button
         1789127492.697 20544 20544 D YTV2_DUMP: [31] parent=25 id=null text='null' desc='You' bounds=(864,2198,1080,2330) class=android.widget.Button
         1789127492.697 20544 20544 D YTV2_DUMP: [32] parent=26 id=com.google.android.youtube:id/pane_fragment_contents text='null' desc='null' bounds=(0,0,1080,2198) class=android.widget.FrameLayout
         1789127492.697 20544 20544 D YTV2_DUMP: [33] parent=26 id=com.google.android.youtube:id/appbar_layout text='null' desc='null' bounds=(0,0,1080,236) class=android.widget.LinearLayout
         1789127492.697 20544 20544 D YTV2_DUMP: [34] parent=27 id=com.google.android.youtube:id/thumbnail_layout text='null' desc='null' bounds=(75,2210,141,2276) class=android.widget.FrameLayout
         1789127492.697 20544 20544 D YTV2_DUMP: [35] parent=27 id=com.google.android.youtube:id/text text='Home' desc='null' bounds=(67,2282,150,2319) class=android.widget.TextView
         1789127492.697 20544 20544 D YTV2_DUMP: [36] parent=28 id=com.google.android.youtube:id/thumbnail_layout text='null' desc='null' bounds=(291,2210,357,2276) class=android.widget.FrameLayout
         1789127492.697 20544 20544 D YTV2_DUMP: [37] parent=28 id=com.google.android.youtube:id/text text='Shorts' desc='null' bounds=(279,2282,369,2319) class=android.widget.TextView
         1789127492.697 20544 20544 D YTV2_DUMP: [38] parent=29 id=com.google.android.youtube:id/image text='null' desc='null' bounds=(491,2216,590,2315) class=android.widget.ImageView
         1789127492.697 20544 20544 D YTV2_DUMP: [39] parent=30 id=com.google.android.youtube:id/thumbnail_layout text='null' desc='null' bounds=(723,2210,789,2276) class=android.widget.FrameLayout
         1789127492.698 20544 20544 D YTV2_DUMP: [40] parent=30 id=com.google.android.youtube:id/new_content_dot text='null' desc='New content available' bounds=(761,2204,794,2237) class=android.view.View
         1789127492.698 20544 20544 D YTV2_DUMP: [41] parent=30 id=com.google.android.youtube:id/text text='Subscriptions' desc='null' bounds=(666,2282,847,2319) class=android.widget.TextView
         1789127492.698 20544 20544 D YTV2_DUMP: [42] parent=31 id=com.google.android.youtube:id/thumbnail_layout text='null' desc='null' bounds=(939,2210,1005,2276) class=android.widget.FrameLayout
         1789127492.698 20544 20544 D YTV2_DUMP: [43] parent=31 id=com.google.android.youtube:id/text text='You' desc='null' bounds=(946,2282,999,2319) class=android.widget.TextView
         1789127492.698 20544 20544 D YTV2_DUMP: [44] parent=32 id=null text='null' desc='null' bounds=(0,0,1080,2198) class=android.widget.FrameLayout
         1789127492.698 20544 20544 D YTV2_DUMP: [45] parent=33 id=com.google.android.youtube:id/toolbar_container text='null' desc='null' bounds=(0,0,1080,236) class=android.widget.FrameLayout
         1789127492.698 20544 20544 D YTV2_DUMP: [46] parent=34 id=com.google.android.youtube:id/image text='null' desc='null' bounds=(75,2210,141,2276) class=android.widget.ImageView
         1789127492.698 20544 20544 D YTV2_DUMP: [47] parent=36 id=com.google.android.youtube:id/image text='null' desc='null' bounds=(291,2210,357,2276) class=android.widget.ImageView
         1789127492.698 20544 20544 D YTV2_DUMP: [48] parent=39 id=com.google.android.youtube:id/image text='null' desc='null' bounds=(723,2210,789,2276) class=android.widget.ImageView
         1789127492.698 20544 20544 D YTV2_DUMP: [49] parent=42 id=com.google.android.youtube:id/pivot_bar_thumbnail text='null' desc='null' bounds=(939,2210,1005,2276) class=android.widget.ImageView
         1789127492.698 20544 20544 D YTV2_DUMP: [50] parent=44 id=com.google.android.youtube:id/fragment_container_view text='null' desc='null' bounds=(0,0,1080,2198) class=android.widget.FrameLayout
         1789127492.698 20544 20544 D YTV2_DUMP: [51] parent=45 id=com.google.android.youtube:id/collapsing_header_container text='null' desc='null' bounds=(0,104,1080,104) class=android.widget.FrameLayout
         1789127492.698 20544 20544 D YTV2_DUMP: [52] parent=45 id=com.google.android.youtube:id/toolbar text='null' desc='null' bounds=(0,104,1080,236) class=android.view.ViewGroup
         1789127492.698 20544 20544 D YTV2_DUMP: [53] parent=50 id=null text='null' desc='null' bounds=(0,0,1080,2198) class=android.widget.LinearLayout
         1789127492.699 20544 20544 D YTV2_DUMP: [54] parent=52 id=null text='null' desc='Navigate up' bounds=(0,104,154,236) class=android.widget.ImageButton
         1789127492.699 20544 20544 D YTV2_DUMP: [55] parent=52 id=null text='null' desc='null' bounds=(154,104,1080,236) class=android.widget.FrameLayout
         1789127492.699 20544 20544 D YTV2_DUMP: [56] parent=52 id=null text='null' desc='null' bounds=(1080,104,1080,236) class=android.support.v7.widget.LinearLayoutCompat
         1789127492.699 20544 20544 D YTV2_DUMP: [57] parent=53 id=com.google.android.youtube:id/reel_watch_fragment_root text='null' desc='null' bounds=(0,104,1080,2198) class=android.widget.FrameLayout
         1789127492.699 20544 20544 D YTV2_DUMP: [58] parent=55 id=null text='null' desc='null' bounds=(154,104,1080,236) class=android.widget.FrameLayout
         1789127492.699 20544 20544 D YTV2_DUMP: [59] parent=55 id=null text='null' desc='null' bounds=(154,104,1080,236) class=android.widget.FrameLayout
         1789127492.699 20544 20544 D YTV2_DUMP: [60] parent=57 id=com.google.android.youtube:id/reel_player_underlay text='null' desc='null' bounds=(0,104,1080,2198) class=android.widget.FrameLayout
         1789127492.699 20544 20544 D YTV2_DUMP: [61] parent=57 id=com.google.android.youtube:id/nerd_stats_container text='null' desc='null' bounds=(0,104,1080,2198) class=android.widget.FrameLayout
         1789127492.699 20544 20544 D YTV2_DUMP: [62] parent=57 id=com.google.android.youtube:id/reel_watch_refresher text='null' desc='null' bounds=(0,104,1080,2198) class=android.view.ViewGroup
         1789127492.699 20544 20544 D YTV2_DUMP: [63] parent=57 id=com.google.android.youtube:id/reel_watch_player text='null' desc='null' bounds=(0,104,1080,2198) class=android.view.ViewGroup
         1789127492.699 20544 20544 D YTV2_DUMP: [64] parent=57 id=com.google.android.youtube:id/reel_scrim_shorts_while_top text='null' desc='null' bounds=(0,104,1080,368) class=android.view.View
         1789127492.699 20544 20544 D YTV2_DUMP: [65] parent=59 id=null text='null' desc='null' bounds=(154,104,1080,236) class=android.view.ViewGroup
         1789127492.699 20544 20544 D YTV2_DUMP: [66] parent=61 id=null text='null' desc='null' bounds=(0,104,1080,2198) class=android.widget.RelativeLayout
         1789127492.699 20544 20544 D YTV2_DUMP: [67] parent=62 id=com.google.android.youtube:id/reel_recycler text='null' desc='null' bounds=(0,104,1080,2198) class=android.support.v7.widget.RecyclerView
         1789127492.699 20544 20544 D YTV2_DUMP: [68] parent=63 id=null text='null' desc='null' bounds=(0,104,1080,2198) class=android.view.ViewGroup
         1789127492.699 20544 20544 D YTV2_DUMP: [69] parent=63 id=null text='null' desc='null' bounds=(0,104,1080,2198) class=android.widget.FrameLayout
         1789127492.699 20544 20544 D YTV2_DUMP: [70] parent=65 id=null text='null' desc='Search' bounds=(849,137,915,203) class=android.widget.Button
         1789127492.700 20544 20544 D YTV2_DUMP: [71] parent=65 id=null text='null' desc='More actions' bounds=(981,137,1047,203) class=android.widget.Button
         1789127492.700 20544 20544 D YTV2_DUMP: [72] parent=67 id=com.google.android.youtube:id/reel_player_page_container text='null' desc='null' bounds=(0,104,1080,2198) class=android.widget.FrameLayout
         1789127492.700 20544 20544 D YTV2_DUMP: [73] parent=68 id=null text='null' desc='null' bounds=(0,104,1080,2198) class=android.view.ViewGroup
         1789127492.700 20544 20544 D YTV2_DUMP: [74] parent=72 id=com.google.android.youtube:id/reel_player_page_content text='null' desc='null' bounds=(0,104,1080,2198) class=android.widget.FrameLayout
         1789127492.700 20544 20544 D YTV2_DUMP: [75] parent=73 id=null text='null' desc='null' bounds=(0,104,1080,2198) class=android.view.View
         1789127492.700 20544 20544 D YTV2_DUMP: [76] parent=73 id=null text='null' desc='null' bounds=(0,104,1080,2198) class=android.view.View
         1789127492.700 20544 20544 D YTV2_DUMP: [77] parent=74 id=null text='null' desc='null' bounds=(0,104,1080,2198) class=android.widget.FrameLayout
         1789127492.700 20544 20544 D YTV2_DUMP: [78] parent=77 id=com.google.android.youtube:id/reel_player_overlay_root text='null' desc='null' bounds=(0,104,1080,2198) class=android.widget.FrameLayout
         1789127492.700 20544 20544 D YTV2_DUMP: [79] parent=78 id=com.google.android.youtube:id/reel_player_overlay_container text='null' desc='null' bounds=(0,104,1080,2198) class=android.widget.FrameLayout
         1789127492.700 20544 20544 D YTV2_DUMP: [80] parent=79 id=com.google.android.youtube:id/reel_video_interactions text='null' desc='null' bounds=(0,104,1080,2198) class=android.widget.FrameLayout
         1789127492.700 20544 20544 D YTV2_DUMP: [81] parent=79 id=com.google.android.youtube:id/reel_player_footer_container text='null' desc='null' bounds=(0,1196,1080,2198) class=android.widget.FrameLayout
         1789127492.700 20544 20544 D YTV2_DUMP: [82] parent=79 id=com.google.android.youtube:id/reel_scrim_shorts_while_bottom_gradient text='null' desc='null' bounds=(0,1758,1080,2198) class=android.view.View
         1789127492.700 20544 20544 D YTV2_DUMP: [83] parent=81 id=null text='null' desc='null' bounds=(0,1196,1080,2198) class=android.widget.FrameLayout
         1789127492.700 20544 20544 D YTV2_DUMP: [84] parent=83 id=com.google.android.youtube:id/player_overlay text='null' desc='null' bounds=(0,1196,1080,2198) class=android.widget.FrameLayout
         1789127492.700 20544 20544 D YTV2_DUMP: [85] parent=84 id=null text='null' desc='null' bounds=(0,1196,1080,2198) class=android.view.ViewGroup
         1789127492.700 20544 20544 D YTV2_DUMP: [86] parent=85 id=null text='null' desc='null' bounds=(0,1977,904,1980) class=android.view.ViewGroup
         1789127492.700 20544 20544 D YTV2_DUMP: [87] parent=85 id=null text='null' desc='null' bounds=(0,1980,904,2090) class=android.view.ViewGroup
         1789127492.700 20544 20544 D YTV2_DUMP: [88] parent=85 id=null text='null' desc='null' bounds=(0,2090,904,2165) class=android.view.ViewGroup
         1789127492.700 20544 20544 D YTV2_DUMP: [89] parent=85 id=null text='null' desc='null' bounds=(904,1196,1080,2198) class=android.view.ViewGroup
         1789127492.701 20544 20544 D YTV2_DUMP: [90] parent=87 id=null text='null' desc='null' bounds=(44,1991,423,2079) class=android.view.ViewGroup
         1789127492.701 20544 20544 D YTV2_DUMP: [91] parent=87 id=null text='null' desc='Subscribe to @parmarssc.' bounds=(423,1991,655,2079) class=android.widget.Button
         1789127492.701 20544 20544 D YTV2_DUMP: [92] parent=88 id=null text='null' desc='null' bounds=(0,2090,904,2165) class=android.view.ViewGroup
         1789127492.701 20544 20544 D YTV2_DUMP: [93] parent=89 id=null text='null' desc='like this video along with 12K other people' bounds=(904,1196,1080,1361) class=android.widget.RadioButton
         1789127492.701 20544 20544 D YTV2_DUMP: [94] parent=89 id=null text='null' desc='View 878 comments' bounds=(904,1361,1080,1526) class=android.widget.Button
         1789127492.701 20544 20544 D YTV2_DUMP: [95] parent=89 id=null text='null' desc='Save' bounds=(904,1526,1080,1691) class=android.widget.RadioButton
         1789127492.701 20544 20544 D YTV2_DUMP: [96] parent=89 id=null text='null' desc='Share this video' bounds=(904,1691,1080,1856) class=android.widget.Button
         1789127492.701 20544 20544 D YTV2_DUMP: [97] parent=89 id=null text='null' desc='Remix' bounds=(904,1856,1080,2021) class=android.widget.Button
         1789127492.702 20544 20544 D YTV2_DUMP: [98] parent=89 id=null text='null' desc='See more videos using this sound' bounds=(904,2021,1080,2198) class=android.widget.Button
         1789127492.702 20544 20544 D YTV2_DUMP: [99] parent=90 id=null text='null' desc='null' bounds=(44,1991,132,2079) class=android.widget.Button
         1789127492.702 20544 20544 D YTV2_DUMP: [100] parent=90 id=null text='null' desc='null' bounds=(154,1991,423,2079) class=android.view.ViewGroup
         1789127492.702 20544 20544 D YTV2_DUMP: [101] parent=91 id=null text='Subscribe' desc='Subscribe' bounds=(456,2011,622,2059) class=android.view.ViewGroup
         1789127492.702 20544 20544 D YTV2_DUMP: [102] parent=92 id=null text='null' desc='null' bounds=(44,2101,904,2154) class=android.view.ViewGroup
         1789127492.702 20544 20544 D YTV2_DUMP: [103] parent=93 id=null text='null' desc='null' bounds=(959,1216,1025,1282) class=android.view.ViewGroup
         1789127492.703 20544 20544 D YTV2_DUMP: [104] parent=93 id=null text='12K' desc='12K' bounds=(904,1292,1080,1341) class=android.view.ViewGroup
         1789127492.703 20544 20544 D YTV2_DUMP: [105] parent=94 id=null text='null' desc='null' bounds=(959,1381,1025,1447) class=android.view.ViewGroup
         1789127492.703 20544 20544 D YTV2_DUMP: [106] parent=94 id=null text='878' desc='878' bounds=(904,1457,1080,1506) class=android.view.ViewGroup
         1789127492.703 20544 20544 D YTV2_DUMP: [107] parent=95 id=null text='null' desc='null' bounds=(959,1546,1025,1612) class=android.view.ViewGroup
         1789127492.703 20544 20544 D YTV2_DUMP: [108] parent=95 id=null text='Save' desc='Save' bounds=(904,1622,1080,1671) class=android.view.ViewGroup
         1789127492.703 20544 20544 D YTV2_DUMP: [109] parent=96 id=null text='null' desc='null' bounds=(959,1711,1025,1777) class=android.view.ViewGroup
         1789127492.703 20544 20544 D YTV2_DUMP: [110] parent=96 id=null text='Share' desc='Share' bounds=(904,1787,1080,1836) class=android.view.ViewGroup
         1789127492.703 20544 20544 D YTV2_DUMP: [111] parent=97 id=null text='null' desc='null' bounds=(959,1876,1025,1942) class=android.view.ViewGroup
         1789127492.704 20544 20544 D YTV2_DUMP: [112] parent=97 id=null text='Remix' desc='Remix' bounds=(904,1952,1080,2001) class=android.view.ViewGroup
         1789127492.704 20544 20544 D YTV2_DUMP: [113] parent=98 id=null text='null' desc='null' bounds=(954,2060,1031,2137) class=android.widget.ImageView
         1789127492.704 20544 20544 D YTV2_DUMP: [114] parent=99 id=null text='null' desc='Go to channel @parmarssc' bounds=(44,1991,132,2079) class=android.widget.ImageView
         1789127492.704 20544 20544 D YTV2_DUMP: [115] parent=100 id=null text='@parmarssc' desc='@parmarssc' bounds=(154,1991,401,2079) class=android.view.ViewGroup
         1789127492.704 20544 20544 D YTV2_DUMP: [116] parent=102 id=null text='THE WORLD MAP IS CHANGING !' desc='THE WORLD MAP IS CHANGING !' bounds=(44,2101,904,2154) class=android.view.ViewGroup
         1789127492.704 20544 20544 D YTV2_DUMP: [117] parent=103 id=null text='null' desc='null' bounds=(959,1216,1025,1282) class=android.widget.ImageView
         1789127492.704 20544 20544 D YTV2_DUMP: [118] parent=105 id=null text='null' desc='null' bounds=(959,1381,1025,1447) class=android.widget.ImageView
         1789127492.705 20544 20544 D YTV2_DUMP: [119] parent=107 id=null text='null' desc='null' bounds=(959,1546,1025,1612) class=android.widget.ImageView
         1789127492.705 20544 20544 D YTV2_DUMP: [120] parent=109 id=null text='null' desc='null' bounds=(959,1711,1025,1777) class=android.widget.ImageView
         1789127492.705 20544 20544 D YTV2_DUMP: [121] parent=111 id=null text='null' desc='null' bounds=(959,1876,1025,1942) class=android.widget.ImageView
         1789127492.705 20544 20544 D YTV2_DUMP: [122] parent=115 id=null text='@parmarssc' desc='null' bounds=(154,1991,400,2079) class=android.widget.Button
         1789127492.716 20544 20544 D YTV2_DUMP: --> PARSED: kind=SHORTS watchConfirmed=true title='null' handle='null' display='null' channelId='null'
         1789127495.196 20544 20544 D YTV2_DUMP: [0] parent=null id=null text='null' desc='null' bounds=(0,0,1080,2460) class=android.widget.FrameLayout
         1789127495.197 20544 20544 D YTV2_DUMP: [1] parent=0 id=null text='null' desc='null' bounds=(0,0,1080,2460) class=android.widget.LinearLayout
         1789127495.197 20544 20544 D YTV2_DUMP: [2] parent=0 id=android:id/navigationBarBackground text='null' desc='null' bounds=(0,2330,1080,2460) class=android.view.View
         1789127495.197 20544 20544 D YTV2_DUMP: [3] parent=1 id=null text='null' desc='null' bounds=(0,0,1080,2460) class=android.widget.FrameLayout
         1789127495.197 20544 20544 D YTV2_DUMP: [4] parent=3 id=com.google.android.youtube:id/action_bar_root text='null' desc='null' bounds=(0,0,1080,2460) class=android.widget.LinearLayout
         1789127495.198 20544 20544 D YTV2_DUMP: [5] parent=4 id=android:id/content text='null' desc='null' bounds=(0,0,1080,2460) class=android.widget.FrameLayout
         1789127495.198 20544 20544 D YTV2_DUMP: [6] parent=5 id=com.google.android.youtube:id/more_drawer_container text='null' desc='null' bounds=(0,0,1080,2460) class=androidx.drawerlayout.widget.DrawerLayout
         1789127495.198 20544 20544 D YTV2_DUMP: [7] parent=5 id=com.google.android.youtube:id/reel_time_bar text='null' desc='null' bounds=(0,0,1080,2460) class=android.view.ViewGroup
         1789127495.198 20544 20544 D YTV2_DUMP: [8] parent=6 id=com.google.android.youtube:id/slim_status_bar_player_container text='null' desc='null' bounds=(0,0,1080,2460) class=android.widget.FrameLayout
         1789127495.198 20544 20544 D YTV2_DUMP: [9] parent=8 id=com.google.android.youtube:id/navigation_bar_divider_frame text='null' desc='null' bounds=(0,0,1080,2330) class=android.view.ViewGroup
         1789127495.198 20544 20544 D YTV2_DUMP: [10] parent=8 id=null text='null' desc='null' bounds=(0,0,1080,104) class=android.widget.FrameLayout
         1789127495.198 20544 20544 D YTV2_DUMP: [11] parent=8 id=null text='null' desc='null' bounds=(0,0,3,3) class=android.view.View
         1789127495.198 20544 20544 D YTV2_DUMP: [12] parent=9 id=com.google.android.youtube:id/global_slim_status_bar_container text='null' desc='null' bounds=(0,0,1080,2330) class=android.widget.FrameLayout
         1789127495.198 20544 20544 D YTV2_DUMP: [13] parent=9 id=com.google.android.youtube:id/accessibility_layer_container text='null' desc='null' bounds=(0,0,1080,2330) class=android.widget.FrameLayout
         1789127495.198 20544 20544 D YTV2_DUMP: [14] parent=10 id=com.google.android.youtube:id/global_status_bar_view text='null' desc='null' bounds=(0,0,1080,104) class=android.view.View
         1789127495.198 20544 20544 D YTV2_DUMP: [15] parent=13 id=com.google.android.youtube:id/fullscreen_mode_container text='null' desc='null' bounds=(0,0,1080,0) class=android.widget.FrameLayout
         1789127495.198 20544 20544 D YTV2_DUMP: [16] parent=13 id=com.google.android.youtube:id/next_gen_watch_container_layout text='null' desc='null' bounds=(0,0,1080,2330) class=android.view.ViewGroup
         1789127495.198 20544 20544 D YTV2_DUMP: [17] parent=13 id=com.google.android.youtube:id/bottom_bar_container text='null' desc='null' bounds=(0,2198,1080,2330) class=android.widget.LinearLayout
         1789127495.198 20544 20544 D YTV2_DUMP: [18] parent=16 id=com.google.android.youtube:id/watch_while_layout_coordinator_layout text='null' desc='null' bounds=(0,0,1080,2330) class=android.view.ViewGroup
         1789127495.199 20544 20544 D YTV2_DUMP: [19] parent=17 id=com.google.android.youtube:id/pivot_bar text='null' desc='null' bounds=(0,2198,1080,2330) class=android.widget.HorizontalScrollView
         1789127495.199 20544 20544 D YTV2_DUMP: [20] parent=18 id=com.google.android.youtube:id/fab_container text='null' desc='null' bounds=(0,0,1080,2330) class=android.widget.FrameLayout
         1789127495.199 20544 20544 D YTV2_DUMP: [21] parent=18 id=com.google.android.youtube:id/pane_fragment_container text='null' desc='null' bounds=(0,0,1080,2330) class=android.widget.FrameLayout
         1789127495.199 20544 20544 D YTV2_DUMP: [22] parent=18 id=com.google.android.youtube:id/root_pill_container text='null' desc='null' bounds=(0,2220,1080,2220) class=android.widget.FrameLayout
         1789127495.199 20544 20544 D YTV2_DUMP: [23] parent=18 id=com.google.android.youtube:id/pane_fragment_footer_container text='null' desc='null' bounds=(0,2330,1080,2330) class=android.widget.FrameLayout
         1789127495.199 20544 20544 D YTV2_DUMP: [24] parent=19 id=null text='null' desc='null' bounds=(0,2198,1080,2330) class=android.widget.LinearLayout
         1789127495.199 20544 20544 D YTV2_DUMP: [25] parent=21 id=com.google.android.youtube:id/browse_fragment_layout_coordinator_layout text='null' desc='null' bounds=(0,0,1080,2198) class=android.widget.ScrollView
         1789127495.199 20544 20544 D YTV2_DUMP: [26] parent=24 id=null text='null' desc='Home' bounds=(0,2198,216,2330) class=android.widget.Button
         1789127495.199 20544 20544 D YTV2_DUMP: [27] parent=24 id=null text='null' desc='Shorts' bounds=(216,2198,432,2330) class=android.widget.Button
         1789127495.199 20544 20544 D YTV2_DUMP: [28] parent=24 id=null text='null' desc='Create' bounds=(432,2198,648,2330) class=android.widget.Button
         1789127495.199 20544 20544 D YTV2_DUMP: [29] parent=24 id=null text='null' desc='Subscriptions: New content is available' bounds=(648,2198,864,2330) class=android.widget.Button
         1789127495.199 20544 20544 D YTV2_DUMP: [30] parent=24 id=null text='null' desc='You' bounds=(864,2198,1080,2330) class=android.widget.Button
         1789127495.199 20544 20544 D YTV2_DUMP: [31] parent=25 id=com.google.android.youtube:id/pane_fragment_contents text='null' desc='null' bounds=(0,0,1080,2198) class=android.widget.FrameLayout
         1789127495.199 20544 20544 D YTV2_DUMP: [32] parent=25 id=com.google.android.youtube:id/appbar_layout text='null' desc='null' bounds=(0,0,1080,236) class=android.widget.LinearLayout
         1789127495.199 20544 20544 D YTV2_DUMP: [33] parent=26 id=com.google.android.youtube:id/thumbnail_layout text='null' desc='null' bounds=(75,2210,141,2276) class=android.widget.FrameLayout
         1789127495.199 20544 20544 D YTV2_DUMP: [34] parent=26 id=com.google.android.youtube:id/text text='Home' desc='null' bounds=(67,2282,150,2319) class=android.widget.TextView
         1789127495.199 20544 20544 D YTV2_DUMP: [35] parent=27 id=com.google.android.youtube:id/thumbnail_layout text='null' desc='null' bounds=(291,2210,357,2276) class=android.widget.FrameLayout
         1789127495.199 20544 20544 D YTV2_DUMP: [36] parent=27 id=com.google.android.youtube:id/text text='Shorts' desc='null' bounds=(279,2282,369,2319) class=android.widget.TextView
         1789127495.199 20544 20544 D YTV2_DUMP: [37] parent=28 id=com.google.android.youtube:id/image text='null' desc='null' bounds=(491,2216,590,2315) class=android.widget.ImageView
         1789127495.199 20544 20544 D YTV2_DUMP: [38] parent=29 id=com.google.android.youtube:id/thumbnail_layout text='null' desc='null' bounds=(723,2210,789,2276) class=android.widget.FrameLayout
         1789127495.199 20544 20544 D YTV2_DUMP: [39] parent=29 id=com.google.android.youtube:id/new_content_dot text='null' desc='New content available' bounds=(761,2204,794,2237) class=android.view.View
         1789127495.200 20544 20544 D YTV2_DUMP: [40] parent=29 id=com.google.android.youtube:id/text text='Subscriptions' desc='null' bounds=(666,2282,847,2319) class=android.widget.TextView
         1789127495.200 20544 20544 D YTV2_DUMP: [41] parent=30 id=com.google.android.youtube:id/thumbnail_layout text='null' desc='null' bounds=(939,2210,1005,2276) class=android.widget.FrameLayout
         1789127495.200 20544 20544 D YTV2_DUMP: [42] parent=30 id=com.google.android.youtube:id/text text='You' desc='null' bounds=(946,2282,999,2319) class=android.widget.TextView
         1789127495.200 20544 20544 D YTV2_DUMP: [43] parent=31 id=null text='null' desc='null' bounds=(0,0,1080,2198) class=android.widget.FrameLayout
         1789127495.200 20544 20544 D YTV2_DUMP: [44] parent=32 id=com.google.android.youtube:id/toolbar_container text='null' desc='null' bounds=(0,0,1080,236) class=android.widget.FrameLayout
         1789127495.200 20544 20544 D YTV2_DUMP: [45] parent=33 id=com.google.android.youtube:id/image text='null' desc='null' bounds=(75,2210,141,2276) class=android.widget.ImageView
         1789127495.200 20544 20544 D YTV2_DUMP: [46] parent=35 id=com.google.android.youtube:id/image text='null' desc='null' bounds=(291,2210,357,2276) class=android.widget.ImageView
         1789127495.200 20544 20544 D YTV2_DUMP: [47] parent=38 id=com.google.android.youtube:id/image text='null' desc='null' bounds=(723,2210,789,2276) class=android.widget.ImageView
         1789127495.200 20544 20544 D YTV2_DUMP: [48] parent=41 id=com.google.android.youtube:id/pivot_bar_thumbnail text='null' desc='null' bounds=(939,2210,1005,2276) class=android.widget.ImageView
         1789127495.200 20544 20544 D YTV2_DUMP: [49] parent=43 id=com.google.android.youtube:id/fragment_container_view text='null' desc='null' bounds=(0,0,1080,2198) class=android.widget.FrameLayout
         1789127495.200 20544 20544 D YTV2_DUMP: [50] parent=44 id=com.google.android.youtube:id/collapsing_header_container text='null' desc='null' bounds=(0,104,1080,104) class=android.widget.FrameLayout
         1789127495.200 20544 20544 D YTV2_DUMP: [51] parent=44 id=com.google.android.youtube:id/toolbar text='null' desc='null' bounds=(0,104,1080,236) class=android.view.ViewGroup
         1789127495.200 20544 20544 D YTV2_DUMP: [52] parent=49 id=null text='null' desc='null' bounds=(0,0,1080,2198) class=android.widget.LinearLayout
         1789127495.200 20544 20544 D YTV2_DUMP: [53] parent=51 id=null text='null' desc='null' bounds=(0,104,1080,236) class=android.widget.FrameLayout
         1789127495.200 20544 20544 D YTV2_DUMP: [54] parent=51 id=null text='null' desc='null' bounds=(1080,104,1080,236) class=android.support.v7.widget.LinearLayoutCompat
         1789127495.200 20544 20544 D YTV2_DUMP: [55] parent=52 id=com.google.android.youtube:id/reel_watch_fragment_root text='null' desc='null' bounds=(0,104,1080,2198) class=android.widget.FrameLayout
         1789127495.200 20544 20544 D YTV2_DUMP: [56] parent=53 id=null text='null' desc='null' bounds=(0,104,1080,236) class=android.widget.FrameLayout
         1789127495.200 20544 20544 D YTV2_DUMP: [57] parent=53 id=null text='null' desc='null' bounds=(0,104,1080,236) class=android.widget.FrameLayout
         1789127495.201 20544 20544 D YTV2_DUMP: [58] parent=55 id=com.google.android.youtube:id/reel_player_underlay text='null' desc='null' bounds=(0,104,1080,2198) class=android.widget.FrameLayout
         1789127495.201 20544 20544 D YTV2_DUMP: [59] parent=55 id=com.google.android.youtube:id/nerd_stats_container text='null' desc='null' bounds=(0,104,1080,2198) class=android.widget.FrameLayout
         1789127495.201 20544 20544 D YTV2_DUMP: [60] parent=55 id=com.google.android.youtube:id/reel_watch_refresher text='null' desc='null' bounds=(0,104,1080,2198) class=android.view.ViewGroup
         1789127495.201 20544 20544 D YTV2_DUMP: [61] parent=55 id=com.google.android.youtube:id/reel_watch_player text='null' desc='null' bounds=(0,104,1080,2198) class=android.view.ViewGroup
         1789127495.201 20544 20544 D YTV2_DUMP: [62] parent=55 id=com.google.android.youtube:id/reel_scrim_shorts_while_top text='null' desc='null' bounds=(0,104,1080,368) class=android.view.View
         1789127495.201 20544 20544 D YTV2_DUMP: [63] parent=57 id=null text='null' desc='null' bounds=(0,104,1080,236) class=android.view.ViewGroup
         1789127495.201 20544 20544 D YTV2_DUMP: [64] parent=59 id=null text='null' desc='null' bounds=(0,104,1080,2198) class=android.widget.RelativeLayout
         1789127495.201 20544 20544 D YTV2_DUMP: [65] parent=60 id=com.google.android.youtube:id/reel_recycler text='null' desc='null' bounds=(0,104,1080,2198) class=android.support.v7.widget.RecyclerView
         1789127495.201 20544 20544 D YTV2_DUMP: [66] parent=61 id=null text='null' desc='null' bounds=(0,104,1080,2198) class=android.view.ViewGroup
         1789127495.201 20544 20544 D YTV2_DUMP: [67] parent=61 id=null text='null' desc='null' bounds=(0,104,1080,2198) class=android.widget.FrameLayout
         1789127495.201 20544 20544 D YTV2_DUMP: [68] parent=63 id=null text='null' desc='Search' bounds=(849,137,915,203) class=android.widget.Button
         1789127495.201 20544 20544 D YTV2_DUMP: [69] parent=63 id=null text='null' desc='More actions' bounds=(981,137,1047,203) class=android.widget.Button
         1789127495.201 20544 20544 D YTV2_DUMP: [70] parent=65 id=com.google.android.youtube:id/reel_player_page_container text='null' desc='null' bounds=(0,104,1080,2198) class=android.widget.FrameLayout
         1789127495.201 20544 20544 D YTV2_DUMP: [71] parent=66 id=null text='null' desc='null' bounds=(0,104,1080,2198) class=android.view.ViewGroup
         1789127495.201 20544 20544 D YTV2_DUMP: [72] parent=70 id=com.google.android.youtube:id/reel_player_page_content text='null' desc='null' bounds=(0,104,1080,2198) class=android.widget.FrameLayout
         1789127495.201 20544 20544 D YTV2_DUMP: [73] parent=71 id=null text='null' desc='null' bounds=(0,104,1080,2198) class=android.view.View
         1789127495.201 20544 20544 D YTV2_DUMP: [74] parent=71 id=null text='null' desc='null' bounds=(0,104,1080,2198) class=android.view.View
         1789127495.201 20544 20544 D YTV2_DUMP: [75] parent=72 id=null text='null' desc='null' bounds=(0,104,1080,2198) class=android.widget.FrameLayout
         1789127495.201 20544 20544 D YTV2_DUMP: [76] parent=75 id=com.google.android.youtube:id/reel_player_overlay_root text='null' desc='null' bounds=(0,104,1080,2198) class=android.widget.FrameLayout
         1789127495.202 20544 20544 D YTV2_DUMP: [77] parent=76 id=com.google.android.youtube:id/reel_player_overlay_container text='null' desc='null' bounds=(0,104,1080,2198) class=android.widget.FrameLayout
         1789127495.202 20544 20544 D YTV2_DUMP: [78] parent=77 id=com.google.android.youtube:id/reel_video_interactions text='null' desc='null' bounds=(0,104,1080,2198) class=android.widget.FrameLayout
         1789127495.202 20544 20544 D YTV2_DUMP: [79] parent=77 id=com.google.android.youtube:id/reel_player_footer_container text='null' desc='null' bounds=(0,1196,1080,2198) class=android.widget.FrameLayout
         1789127495.202 20544 20544 D YTV2_DUMP: [80] parent=77 id=com.google.android.youtube:id/reel_scrim_shorts_while_bottom_gradient text='null' desc='null' bounds=(0,1758,1080,2198) class=android.view.View
         1789127495.202 20544 20544 D YTV2_DUMP: [81] parent=79 id=null text='null' desc='null' bounds=(0,1196,1080,2198) class=android.widget.FrameLayout
         1789127495.202 20544 20544 D YTV2_DUMP: [82] parent=81 id=com.google.android.youtube:id/player_overlay text='null' desc='null' bounds=(0,1196,1080,2198) class=android.widget.FrameLayout
         1789127495.202 20544 20544 D YTV2_DUMP: [83] parent=82 id=null text='null' desc='null' bounds=(0,1196,1080,2198) class=android.view.ViewGroup
         1789127495.202 20544 20544 D YTV2_DUMP: [84] parent=83 id=null text='null' desc='null' bounds=(0,1880,904,1990) class=android.view.ViewGroup
         1789127495.202 20544 20544 D YTV2_DUMP: [85] parent=83 id=null text='null' desc='null' bounds=(0,1990,904,2065) class=android.view.ViewGroup
         1789127495.202 20544 20544 D YTV2_DUMP: [86] parent=83 id=null text='null' desc='null' bounds=(0,2065,904,2165) class=android.view.ViewGroup
         1789127495.202 20544 20544 D YTV2_DUMP: [87] parent=83 id=null text='null' desc='null' bounds=(904,1196,1080,2198) class=android.view.ViewGroup
         1789127495.202 20544 20544 D YTV2_DUMP: [88] parent=84 id=null text='null' desc='null' bounds=(44,1891,455,1979) class=android.view.ViewGroup
         1789127495.202 20544 20544 D YTV2_DUMP: [89] parent=84 id=null text='null' desc='Subscribe to @xthetic_aloo.' bounds=(455,1891,687,1979) class=android.widget.Button
         1789127495.202 20544 20544 D YTV2_DUMP: [90] parent=85 id=null text='null' desc='null' bounds=(0,1990,904,2065) class=android.view.ViewGroup
         1789127495.202 20544 20544 D YTV2_DUMP: [91] parent=86 id=null text='null' desc='null' bounds=(44,2082,469,2148) class=android.widget.Button
         1789127495.203 20544 20544 D YTV2_DUMP: [92] parent=87 id=null text='null' desc='like this video along with 80K other people' bounds=(904,1196,1080,1361) class=android.widget.RadioButton
         1789127495.203 20544 20544 D YTV2_DUMP: [93] parent=87 id=null text='null' desc='View 1,014 comments' bounds=(904,1361,1080,1526) class=android.widget.Button
         1789127495.203 20544 20544 D YTV2_DUMP: [94] parent=87 id=null text='null' desc='Save' bounds=(904,1526,1080,1691) class=android.widget.RadioButton
         1789127495.203 20544 20544 D YTV2_DUMP: [95] parent=87 id=null text='null' desc='Share this video' bounds=(904,1691,1080,1856) class=android.widget.Button
         1789127495.203 20544 20544 D YTV2_DUMP: [96] parent=87 id=null text='null' desc='Remix this Short along with 1.6 lakh other remixes' bounds=(904,1856,1080,2021) class=android.widget.Button
         1789127495.203 20544 20544 D YTV2_DUMP: [97] parent=87 id=null text='null' desc='See more videos using this sound' bounds=(904,2021,1080,2198) class=android.widget.Button
         1789127495.203 20544 20544 D YTV2_DUMP: [98] parent=88 id=null text='null' desc='null' bounds=(44,1891,132,1979) class=android.widget.Button
         1789127495.203 20544 20544 D YTV2_DUMP: [99] parent=88 id=null text='null' desc='null' bounds=(154,1891,455,1979) class=android.view.ViewGroup
         1789127495.204 20544 20544 D YTV2_DUMP: [100] parent=89 id=null text='Subscribe' desc='Subscribe' bounds=(488,1911,654,1959) class=android.view.ViewGroup
         1789127495.204 20544 20544 D YTV2_DUMP: [101] parent=90 id=null text='null' desc='null' bounds=(44,2001,904,2054) class=android.view.ViewGroup
         1789127495.204 20544 20544 D YTV2_DUMP: [102] parent=91 id=null text='null' desc='null' bounds=(69,2098,102,2131) class=android.widget.ImageView
         1789127495.204 20544 20544 D YTV2_DUMP: [103] parent=91 id=null text='Gucci · Aroob Khan' desc='Gucci · Aroob Khan' bounds=(113,2091,444,2139) class=android.view.ViewGroup
         1789127495.204 20544 20544 D YTV2_DUMP: [104] parent=92 id=null text='null' desc='null' bounds=(959,1216,1025,1282) class=android.view.ViewGroup
         1789127495.204 20544 20544 D YTV2_DUMP: [105] parent=92 id=null text='80K' desc='80K' bounds=(904,1292,1080,1341) class=android.view.ViewGroup
         1789127495.204 20544 20544 D YTV2_DUMP: [106] parent=93 id=null text='null' desc='null' bounds=(959,1381,1025,1447) class=android.view.ViewGroup
         1789127495.204 20544 20544 D YTV2_DUMP: [107] parent=93 id=null text='1,014' desc='1,014' bounds=(904,1457,1080,1506) class=android.view.ViewGroup
         1789127495.204 20544 20544 D YTV2_DUMP: [108] parent=94 id=null text='null' desc='null' bounds=(959,1546,1025,1612) class=android.view.ViewGroup
         1789127495.204 20544 20544 D YTV2_DUMP: [109] parent=94 id=null text='Save' desc='Save' bounds=(904,1622,1080,1671) class=android.view.ViewGroup
         1789127495.204 20544 20544 D YTV2_DUMP: [110] parent=95 id=null text='null' desc='null' bounds=(959,1711,1025,1777) class=android.view.ViewGroup
         1789127495.204 20544 20544 D YTV2_DUMP: [111] parent=95 id=null text='Share' desc='Share' bounds=(904,1787,1080,1836) class=android.view.ViewGroup
         1789127495.204 20544 20544 D YTV2_DUMP: [112] parent=96 id=null text='null' desc='null' bounds=(959,1876,1025,1942) class=android.view.ViewGroup
         1789127495.204 20544 20544 D YTV2_DUMP: [113] parent=96 id=null text='1.6 lakh' desc='1.6 lakh' bounds=(904,1952,1080,2001) class=android.view.ViewGroup
         1789127495.204 20544 20544 D YTV2_DUMP: [114] parent=97 id=null text='null' desc='null' bounds=(954,2060,1031,2137) class=android.widget.ImageView
         1789127495.204 20544 20544 D YTV2_DUMP: [115] parent=98 id=null text='null' desc='Go to channel @xthetic_aloo' bounds=(44,1891,132,1979) class=android.widget.ImageView
         1789127495.204 20544 20544 D YTV2_DUMP: [116] parent=99 id=null text='@xthetic_aloo' desc='@xthetic_aloo' bounds=(154,1891,433,1979) class=android.view.ViewGroup
         1789127495.204 20544 20544 D YTV2_DUMP: [117] parent=101 id=null text='Gucci ft. ravikishan & Sharvari ❤️‍🔥 #shorts​ #gucci​ #ravikishan​ #sharvari​ #viral​ #trending​' desc='Gucci ft. ravikishan & Sharvari ❤️‍🔥 #shorts​ #gucci​ #ravikishan​ #sharvari​ #viral​ #trending​' bounds=(44,2001,904,2054) class=android.view.ViewGroup
         1789127495.205 20544 20544 D YTV2_DUMP: [118] parent=104 id=null text='null' desc='null' bounds=(959,1216,1025,1282) class=android.widget.ImageView
         1789127495.205 20544 20544 D YTV2_DUMP: [119] parent=106 id=null text='null' desc='null' bounds=(959,1381,1025,1447) class=android.widget.ImageView
         1789127495.205 20544 20544 D YTV2_DUMP: [120] parent=108 id=null text='null' desc='null' bounds=(959,1546,1025,1612) class=android.widget.ImageView
         1789127495.205 20544 20544 D YTV2_DUMP: [121] parent=110 id=null text='null' desc='null' bounds=(959,1711,1025,1777) class=android.widget.ImageView
         1789127495.205 20544 20544 D YTV2_DUMP: [122] parent=112 id=null text='null' desc='null' bounds=(959,1876,1025,1942) class=android.widget.ImageView
         1789127495.205 20544 20544 D YTV2_DUMP: [123] parent=116 id=null text='@xthetic_aloo' desc='null' bounds=(154,1891,433,1979) class=android.widget.Button
         1789127495.205 20544 20544 D YTV2_DUMP: [124] parent=117 id=null text='#shor' desc='null' bounds=(721,2001,840,2053) class=android.widget.Button
         1789127495.207 20544 20544 D YTV2_DUMP: --> PARSED: kind=SHORTS watchConfirmed=true title='null' handle='null' display='null' channelId='null'
         1789127519.427 20544 20544 D YTV2_DUMP: [0] parent=null id=null text='null' desc='null' bounds=(0,0,1080,2460) class=android.widget.FrameLayout
         1789127519.427 20544 20544 D YTV2_DUMP: [1] parent=0 id=null text='null' desc='null' bounds=(0,0,1080,2460) class=android.widget.LinearLayout
         1789127519.427 20544 20544 D YTV2_DUMP: [2] parent=0 id=android:id/navigationBarBackground text='null' desc='null' bounds=(0,2330,1080,2460) class=android.view.View
         1789127519.427 20544 20544 D YTV2_DUMP: [3] parent=1 id=null text='null' desc='null' bounds=(0,0,1080,2460) class=android.widget.FrameLayout
         1789127519.427 20544 20544 D YTV2_DUMP: [4] parent=3 id=com.google.android.youtube:id/action_bar_root text='null' desc='null' bounds=(0,0,1080,2460) class=android.widget.LinearLayout
         1789127519.427 20544 20544 D YTV2_DUMP: [5] parent=4 id=android:id/content text='null' desc='null' bounds=(0,0,1080,2460) class=android.widget.FrameLayout
         1789127519.427 20544 20544 D YTV2_DUMP: [6] parent=5 id=com.google.android.youtube:id/more_drawer_container text='null' desc='null' bounds=(0,0,1080,2460) class=androidx.drawerlayout.widget.DrawerLayout
         1789127519.427 20544 20544 D YTV2_DUMP: [7] parent=6 id=com.google.android.youtube:id/slim_status_bar_player_container text='null' desc='null' bounds=(0,0,1080,2460) class=android.widget.FrameLayout
         1789127519.427 20544 20544 D YTV2_DUMP: [8] parent=7 id=com.google.android.youtube:id/navigation_bar_divider_frame text='null' desc='null' bounds=(0,0,1080,2330) class=android.view.ViewGroup
         1789127519.428 20544 20544 D YTV2_DUMP: [9] parent=7 id=null text='null' desc='null' bounds=(0,0,1080,104) class=android.widget.FrameLayout
         1789127519.428 20544 20544 D YTV2_DUMP: [10] parent=7 id=null text='null' desc='null' bounds=(0,0,3,3) class=android.view.View
         1789127519.428 20544 20544 D YTV2_DUMP: [11] parent=8 id=com.google.android.youtube:id/global_slim_status_bar_container text='null' desc='null' bounds=(0,0,1080,2330) class=android.widget.FrameLayout
         1789127519.428 20544 20544 D YTV2_DUMP: [12] parent=8 id=com.google.android.youtube:id/accessibility_layer_container text='null' desc='null' bounds=(0,0,1080,2330) class=android.widget.FrameLayout
         1789127519.428 20544 20544 D YTV2_DUMP: [13] parent=9 id=com.google.android.youtube:id/global_status_bar_view text='null' desc='null' bounds=(0,0,1080,104) class=android.view.View
         1789127519.428 20544 20544 D YTV2_DUMP: [14] parent=12 id=com.google.android.youtube:id/fullscreen_mode_container text='null' desc='null' bounds=(0,0,1080,0) class=android.widget.FrameLayout
         1789127519.428 20544 20544 D YTV2_DUMP: [15] parent=12 id=com.google.android.youtube:id/next_gen_watch_container_layout text='null' desc='null' bounds=(0,0,1080,2330) class=android.view.ViewGroup
         1789127519.428 20544 20544 D YTV2_DUMP: [16] parent=12 id=com.google.android.youtube:id/bottom_bar_container text='null' desc='null' bounds=(0,2330,1080,2330) class=android.widget.LinearLayout
         1789127519.428 20544 20544 D YTV2_DUMP: [17] parent=15 id=com.google.android.youtube:id/watch_while_layout_coordinator_layout text='null' desc='null' bounds=(0,0,1080,2330) class=android.view.ViewGroup
         1789127519.428 20544 20544 D YTV2_DUMP: [18] parent=17 id=com.google.android.youtube:id/fab_container text='null' desc='null' bounds=(0,0,1080,2330) class=android.widget.FrameLayout
         1789127519.428 20544 20544 D YTV2_DUMP: [19] parent=17 id=com.google.android.youtube:id/pane_fragment_container text='null' desc='null' bounds=(0,0,1080,2330) class=android.widget.FrameLayout
         1789127519.428 20544 20544 D YTV2_DUMP: [20] parent=17 id=com.google.android.youtube:id/root_pill_container text='null' desc='null' bounds=(0,2220,1080,2220) class=android.widget.FrameLayout
         1789127519.428 20544 20544 D YTV2_DUMP: [21] parent=17 id=com.google.android.youtube:id/pane_fragment_footer_container text='null' desc='null' bounds=(0,2330,1080,2330) class=android.widget.FrameLayout
         1789127519.428 20544 20544 D YTV2_DUMP: [22] parent=19 id=com.google.android.youtube:id/browse_fragment_layout_coordinator_layout text='null' desc='null' bounds=(0,0,1080,2330) class=android.widget.ScrollView
         1789127519.429 20544 20544 D YTV2_DUMP: [23] parent=22 id=com.google.android.youtube:id/appbar_layout text='null' desc='null' bounds=(0,0,1080,0) class=android.widget.LinearLayout
         1789127519.429 20544 20544 D YTV2_DUMP: [24] parent=22 id=com.google.android.youtube:id/pane_fragment_background_container text='null' desc='null' bounds=(0,0,1080,2330) class=android.widget.FrameLayout
         1789127519.429 20544 20544 D YTV2_DUMP: [25] parent=22 id=com.google.android.youtube:id/pane_fragment_contents text='null' desc='null' bounds=(0,0,1080,2330) class=android.widget.FrameLayout
         1789127519.429 20544 20544 D YTV2_DUMP: [26] parent=23 id=com.google.android.youtube:id/toolbar_container text='null' desc='null' bounds=(0,0,1080,0) class=android.widget.FrameLayout
         1789127519.429 20544 20544 D YTV2_DUMP: [27] parent=23 id=com.google.android.youtube:id/filter_bar text='null' desc='null' bounds=(0,0,1080,0) class=android.widget.LinearLayout
         1789127519.429 20544 20544 D YTV2_DUMP: [28] parent=24 id=com.google.android.youtube:id/pane_fragment_background_alpha_overlay text='null' desc='null' bounds=(0,0,1080,2330) class=android.view.View
         1789127519.429 20544 20544 D YTV2_DUMP: [29] parent=25 id=com.google.android.youtube:id/loading_layout text='null' desc='null' bounds=(0,0,1080,2330) class=android.widget.FrameLayout
         1789127519.429 20544 20544 D YTV2_DUMP: [30] parent=26 id=com.google.android.youtube:id/collapsing_header_container text='null' desc='null' bounds=(0,0,1080,-132) class=android.widget.FrameLayout
         1789127519.429 20544 20544 D YTV2_DUMP: [31] parent=26 id=com.google.android.youtube:id/toolbar text='null' desc='null' bounds=(0,0,1080,0) class=android.view.ViewGroup
         1789127519.429 20544 20544 D YTV2_DUMP: [32] parent=27 id=null text='null' desc='filters' bounds=(0,0,1080,0) class=android.support.v7.widget.RecyclerView
         1789127519.429 20544 20544 D YTV2_DUMP: [33] parent=29 id=null text='null' desc='null' bounds=(0,0,1080,2330) class=android.view.ViewGroup
         1789127519.429 20544 20544 D YTV2_DUMP: [34] parent=31 id=null text='null' desc='null' bounds=(0,0,816,0) class=android.widget.FrameLayout
         1789127519.429 20544 20544 D YTV2_DUMP: [35] parent=31 id=null text='null' desc='null' bounds=(816,0,1080,0) class=android.support.v7.widget.LinearLayoutCompat
         1789127519.429 20544 20544 D YTV2_DUMP: [36] parent=32 id=null text='null' desc='Explore menu' bounds=(33,0,149,-22) class=android.widget.Button
         1789127519.429 20544 20544 D YTV2_DUMP: [37] parent=32 id=null text='null' desc='null' bounds=(171,0,171,-22) class=android.view.View
         1789127519.429 20544 20544 D YTV2_DUMP: [38] parent=32 id=null text='null' desc='null' bounds=(193,0,310,-22) class=android.widget.LinearLayout
         1789127519.429 20544 20544 D YTV2_DUMP: [39] parent=32 id=null text='null' desc='null' bounds=(332,0,515,-22) class=android.widget.LinearLayout
         1789127519.430 20544 20544 D YTV2_DUMP: [40] parent=32 id=null text='null' desc='null' bounds=(537,0,784,-22) class=android.widget.LinearLayout
         1789127519.430 20544 20544 D YTV2_DUMP: [41] parent=32 id=null text='null' desc='null' bounds=(806,0,1080,-22) class=android.widget.LinearLayout
         1789127519.430 20544 20544 D YTV2_DUMP: [42] parent=33 id=com.google.android.youtube:id/results text='null' desc='null' bounds=(0,0,1080,2330) class=android.support.v7.widget.RecyclerView
         1789127519.430 20544 20544 D YTV2_DUMP: [43] parent=34 id=com.google.android.youtube:id/youtube_logo text='null' desc='YouTube' bounds=(0,0,336,0) class=android.widget.ImageView
         1789127519.430 20544 20544 D YTV2_DUMP: [44] parent=35 id=com.google.android.youtube:id/menu_item_0 text='null' desc='null' bounds=(816,0,948,0) class=android.widget.FrameLayout
         1789127519.430 20544 20544 D YTV2_DUMP: [45] parent=35 id=com.google.android.youtube:id/menu_item_1 text='null' desc='null' bounds=(948,0,1080,0) class=android.widget.FrameLayout
         1789127519.430 20544 20544 D YTV2_DUMP: [46] parent=36 id=null text='null' desc='null' bounds=(58,0,124,-33) class=android.widget.ImageView
         1789127519.430 20544 20544 D YTV2_DUMP: [47] parent=38 id=com.google.android.youtube:id/chip_cloud_chip_modern_text text='All' desc='null' bounds=(193,0,310,-22) class=android.widget.TextView
         1789127519.430 20544 20544 D YTV2_DUMP: [48] parent=39 id=com.google.android.youtube:id/chip_cloud_chip_modern_text text='Music' desc='null' bounds=(332,0,515,-22) class=android.widget.TextView
         1789127519.430 20544 20544 D YTV2_DUMP: [49] parent=40 id=com.google.android.youtube:id/chip_cloud_chip_modern_text text='Podcasts' desc='null' bounds=(537,0,784,-22) class=android.widget.TextView
         1789127519.430 20544 20544 D YTV2_DUMP: [50] parent=41 id=com.google.android.youtube:id/chip_cloud_chip_modern_text text='Combined Graduate Level Examination' desc='null' bounds=(806,0,1080,-22) class=android.widget.TextView
         1789127519.430 20544 20544 D YTV2_DUMP: [51] parent=42 id=null text='null' desc='null' bounds=(0,0,1080,559) class=android.view.ViewGroup
         1789127519.430 20544 20544 D YTV2_DUMP: [52] parent=42 id=null text='null' desc='null' bounds=(0,581,1080,1584) class=android.view.ViewGroup
         1789127519.430 20544 20544 D YTV2_DUMP: [53] parent=42 id=null text='null' desc='null' bounds=(0,1584,1080,1606) class=android.view.ViewGroup
         1789127519.430 20544 20544 D YTV2_DUMP: [54] parent=42 id=null text='null' desc='null' bounds=(0,1606,1080,1749) class=android.view.ViewGroup
         1789127519.430 20544 20544 D YTV2_DUMP: [55] parent=42 id=null text='null' desc='null' bounds=(0,1749,1080,2330) class=android.view.ViewGroup
         1789127519.430 20544 20544 D YTV2_DUMP: [56] parent=44 id=null text='null' desc='null' bounds=(816,0,948,0) class=android.view.ViewGroup
         1789127519.430 20544 20544 D YTV2_DUMP: [57] parent=45 id=null text='null' desc='null' bounds=(948,0,1080,0) class=android.view.ViewGroup
         1789127519.431 20544 20544 D YTV2_DUMP: [58] parent=51 id=null text='null' desc='Sponsored – Turn scattered data into instant insights with the Gemini Enterprise app – 16 seconds – Securely connect the Gemini Enterprise app to Microsoft 365, Jira, Hubspot, and more. – Google Cloud - Link opens in new window' bounds=(0,0,1080,559) class=android.widget.Button
         1789127519.431 20544 20544 D YTV2_DUMP: [59] parent=51 id=null text='null' desc='null' bounds=(0,284,1080,559) class=android.view.ViewGroup
         1789127519.431 20544 20544 D YTV2_DUMP: [60] parent=52 id=null text='null' desc='SSC CGL 2027 | PARMAR'S MATHS FOUNDATION BATCH | COMPLETE STRATEGY – 48 minutes, 41 seconds – Go to channel PARMAR SSC – PARMAR SSC, verified - 27K views - 5 hours ago – play video' bounds=(0,581,1080,1397) class=android.widget.Button
         1789127519.431 20544 20544 D YTV2_DUMP: [61] parent=52 id=null text='null' desc='null' bounds=(33,1430,1047,1518) class=android.view.ViewGroup
         1789127519.431 20544 20544 D YTV2_DUMP: [62] parent=54 id=null text='null' desc='null' bounds=(0,659,1080,802) class=android.view.ViewGroup
         1789127519.431 20544 20544 D YTV2_DUMP: [63] parent=55 id=null text='null' desc='null' bounds=(0,759,540,1504) class=android.view.ViewGroup
         1789127519.431 20544 20544 D YTV2_DUMP: [64] parent=55 id=null text='null' desc='null' bounds=(540,733,1080,1478) class=android.view.ViewGroup
         1789127519.431 20544 20544 D YTV2_DUMP: [65] parent=56 id=com.google.android.youtube:id/menu_item_view text='null' desc='Notifications' bounds=(816,0,948,0) class=android.widget.ImageView
         1789127519.431 20544 20544 D YTV2_DUMP: [66] parent=57 id=com.google.android.youtube:id/menu_item_view text='null' desc='Search' bounds=(948,0,1080,0) class=android.widget.ImageView
         1789127519.431 20544 20544 D YTV2_DUMP: [67] parent=58 id=null text='null' desc='null' bounds=(0,0,1080,283) class=android.view.ViewGroup
         1789127519.431 20544 20544 D YTV2_DUMP: [68] parent=58 id=null text='null' desc='null' bounds=(989,192,1066,269) class=android.widget.ImageView
         1789127519.431 20544 20544 D YTV2_DUMP: [69] parent=58 id=null text='null' desc='null' bounds=(0,283,1080,526) class=android.view.ViewGroup
         1789127519.431 20544 20544 D YTV2_DUMP: [70] parent=58 id=null text='null' desc='null' bounds=(551,526,1047,526) class=android.view.ViewGroup
         1789127519.431 20544 20544 D YTV2_DUMP: [71] parent=58 id=null text='null' desc='null' bounds=(33,526,529,526) class=android.view.ViewGroup
         1789127519.431 20544 20544 D YTV2_DUMP: [72] parent=60 id=null text='null' desc='null' bounds=(0,581,1080,1188) class=android.view.ViewGroup
         1789127519.431 20544 20544 D YTV2_DUMP: [73] parent=60 id=null text='null' desc='null' bounds=(0,1188,1080,1397) class=android.view.ViewGroup
         1789127519.431 20544 20544 D YTV2_DUMP: [74] parent=61 id=null text='null' desc='null' bounds=(33,381,1047,469) class=android.view.ViewGroup
         1789127519.431 20544 20544 D YTV2_DUMP: [75] parent=62 id=null text='null' desc='null' bounds=(44,681,143,780) class=android.widget.ImageView
         1789127519.431 20544 20544 D YTV2_DUMP: [76] parent=62 id=null text='null' desc='Shorts' bounds=(176,699,339,763) class=android.view.ViewGroup
         1789127519.432 20544 20544 D YTV2_DUMP: [77] parent=62 id=null text='null' desc='Action menu' bounds=(970,698,1036,764) class=android.widget.Button
         1789127519.432 20544 20544 D YTV2_DUMP: [78] parent=63 id=null text='null' desc='Discipline mindset… – play Short' bounds=(33,759,530,1504) class=android.widget.Button
         1789127519.432 20544 20544 D YTV2_DUMP: [79] parent=64 id=null text='null' desc='NEPAL FLASH FLOOD REASON ! – play Short' bounds=(550,733,1047,1478) class=android.widget.Button
         1789127519.432 20544 20544 D YTV2_DUMP: [80] parent=67 id=null text='null' desc='null' bounds=(0,0,1080,283) class=android.widget.ImageView
         1789127519.432 20544 20544 D YTV2_DUMP: [81] parent=67 id=null text='null' desc='null' bounds=(0,0,1080,283) class=android.view.ViewGroup
         1789127519.432 20544 20544 D YTV2_DUMP: [82] parent=69 id=null text='null' desc='null' bounds=(33,316,132,415) class=android.widget.ImageView
         1789127519.432 20544 20544 D YTV2_DUMP: [83] parent=69 id=null text='null' desc='More options' bounds=(970,316,1036,382) class=android.widget.Button
         1789127519.432 20544 20544 D YTV2_DUMP: [84] parent=69 id=null text='null' desc='null' bounds=(165,433,165,433) class=android.view.ViewGroup
         1789127519.432 20544 20544 D YTV2_DUMP: [85] parent=69 id=null text='null' desc='null' bounds=(165,444,377,493) class=android.view.ViewGroup
         1789127519.432 20544 20544 D YTV2_DUMP: [86] parent=69 id=null text='null' desc='null' bounds=(388,444,616,493) class=android.view.ViewGroup
         1789127519.432 20544 20544 D YTV2_DUMP: [87] parent=72 id=null text='null' desc='null' bounds=(0,581,1080,1188) class=android.widget.ImageView
         1789127519.432 20544 20544 D YTV2_DUMP: [88] parent=72 id=null text='null' desc='null' bounds=(0,581,1080,1188) class=android.view.ViewGroup
         1789127519.432 20544 20544 D YTV2_DUMP: [89] parent=73 id=null text='null' desc='null' bounds=(0,119,1080,328) class=android.view.ViewGroup
         1789127519.432 20544 20544 D YTV2_DUMP: [90] parent=74 id=null text='null' desc='null' bounds=(67,364,122,419) class=android.widget.ImageView
         1789127519.432 20544 20544 D YTV2_DUMP: [91] parent=74 id=null text='2 products' desc='2 products' bounds=(140,365,320,414) class=android.view.ViewGroup
         1789127519.432 20544 20544 D YTV2_DUMP: [92] parent=74 id=null text='·' desc='·' bounds=(334,365,352,414) class=android.view.ViewGroup
         1789127519.432 20544 20544 D YTV2_DUMP: [93] parent=74 id=null text='Earns commission' desc='Earns commission' bounds=(358,365,660,414) class=android.view.ViewGroup
         1789127519.432 20544 20544 D YTV2_DUMP: [94] parent=74 id=null text='null' desc='null' bounds=(948,356,1014,422) class=android.widget.ImageView
         1789127519.432 20544 20544 D YTV2_DUMP: [95] parent=76 id=null text='Shorts' desc='Shorts' bounds=(176,699,339,763) class=android.view.ViewGroup
         1789127519.432 20544 20544 D YTV2_DUMP: [96] parent=78 id=null text='null' desc='null' bounds=(33,759,530,1504) class=android.view.ViewGroup
         1789127519.433 20544 20544 D YTV2_DUMP: [97] parent=79 id=null text='null' desc='null' bounds=(550,733,1047,1478) class=android.view.ViewGroup
         1789127519.433 20544 20544 D YTV2_DUMP: [98] parent=81 id=null text='null' desc='null' bounds=(0,0,1080,283) class=android.widget.ImageView
         1789127519.433 20544 20544 D YTV2_DUMP: [99] parent=85 id=null text='Sponsored' desc='Sponsored' bounds=(165,444,348,493) class=android.view.ViewGroup
         1789127519.433 20544 20544 D YTV2_DUMP: [100] parent=86 id=null text='Google Cloud' desc='Google Cloud' bounds=(388,444,616,493) class=android.view.ViewGroup
         1789127519.433 20544 20544 D YTV2_DUMP: [101] parent=88 id=null text='null' desc='null' bounds=(0,581,1080,1188) class=android.widget.ImageView
         1789127519.433 20544 20544 D YTV2_DUMP: [102] parent=88 id=null text='null' desc='48 minutes, 41 seconds' bounds=(932,1111,1058,1166) class=android.view.ViewGroup
         1789127519.433 20544 20544 D YTV2_DUMP: [103] parent=88 id=null text='null' desc='null' bounds=(0,1180,108,1188) class=android.widget.ImageView
         1789127519.433 20544 20544 D YTV2_DUMP: [104] parent=89 id=null text='null' desc='Go to channel PARMAR SSC' bounds=(33,152,132,251) class=android.widget.Button
         1789127519.433 20544 20544 D YTV2_DUMP: [105] parent=89 id=null text='null' desc='null' bounds=(154,152,926,328) class=android.view.ViewGroup
         1789127519.433 20544 20544 D YTV2_DUMP: [106] parent=89 id=null text='null' desc='Action menu for SSC CGL 2027 | PARMAR'S MATHS FOUNDATION BATCH | COMPLETE STRATEGY' bounds=(948,152,1014,218) class=android.widget.Button
         1789127519.433 20544 20544 D YTV2_DUMP: [107] parent=96 id=null text='null' desc='null' bounds=(33,759,530,1504) class=android.widget.ImageView
         1789127519.433 20544 20544 D YTV2_DUMP: [108] parent=96 id=null text='null' desc='null' bounds=(33,759,530,1504) class=android.view.ViewGroup
         1789127519.433 20544 20544 D YTV2_DUMP: [109] parent=96 id=null text='null' desc='null' bounds=(420,759,530,869) class=android.view.ViewGroup
         1789127519.433 20544 20544 D YTV2_DUMP: [110] parent=96 id=null text='null' desc='null' bounds=(33,1424,530,1504) class=android.view.ViewGroup
         1789127519.433 20544 20544 D YTV2_DUMP: [111] parent=97 id=null text='null' desc='null' bounds=(550,733,1047,1478) class=android.widget.ImageView
         1789127519.433 20544 20544 D YTV2_DUMP: [112] parent=97 id=null text='null' desc='null' bounds=(550,733,1047,1478) class=android.view.ViewGroup
         1789127519.433 20544 20544 D YTV2_DUMP: [113] parent=97 id=null text='null' desc='null' bounds=(937,733,1047,843) class=android.view.ViewGroup
         1789127519.434 20544 20544 D YTV2_DUMP: [114] parent=97 id=null text='null' desc='null' bounds=(550,1341,1047,1478) class=android.view.ViewGroup
         1789127519.434 20544 20544 D YTV2_DUMP: [115] parent=102 id=null text='48:41' desc='48:41' bounds=(949,1114,1041,1162) class=android.view.ViewGroup
         1789127519.434 20544 20544 D YTV2_DUMP: [116] parent=105 id=null text='null' desc='null' bounds=(154,152,926,328) class=android.view.ViewGroup
         1789127519.434 20544 20544 D YTV2_DUMP: [117] parent=108 id=null text='null' desc='null' bounds=(33,759,530,1504) class=android.widget.ImageView
         1789127519.434 20544 20544 D YTV2_DUMP: [118] parent=108 id=null text='null' desc='null' bounds=(33,759,530,1504) class=android.view.ViewGroup
         1789127519.434 20544 20544 D YTV2_DUMP: [119] parent=109 id=null text='null' desc='More actions' bounds=(469,781,519,831) class=android.widget.Button
         1789127519.434 20544 20544 D YTV2_DUMP: [120] parent=110 id=null text='null' desc='null' bounds=(55,1424,508,1482) class=android.view.ViewGroup
         1789127519.434 20544 20544 D YTV2_DUMP: [121] parent=112 id=null text='null' desc='null' bounds=(550,733,1047,1478) class=android.widget.ImageView
         1789127519.434 20544 20544 D YTV2_DUMP: [122] parent=112 id=null text='null' desc='null' bounds=(550,733,1047,1478) class=android.view.ViewGroup
         1789127519.434 20544 20544 D YTV2_DUMP: [123] parent=113 id=null text='null' desc='More actions' bounds=(986,755,1036,805) class=android.widget.Button
         1789127519.434 20544 20544 D YTV2_DUMP: [124] parent=114 id=null text='null' desc='null' bounds=(572,1341,1025,1456) class=android.view.ViewGroup
         1789127519.434 20544 20544 D YTV2_DUMP: [125] parent=116 id=null text='null' desc='null' bounds=(154,152,926,328) class=android.view.ViewGroup
         1789127519.434 20544 20544 D YTV2_DUMP: [126] parent=118 id=null text='null' desc='null' bounds=(33,759,530,1504) class=android.widget.ImageView
         1789127519.434 20544 20544 D YTV2_DUMP: [127] parent=120 id=null text='null' desc='null' bounds=(55,1424,508,1482) class=android.view.ViewGroup
         1789127519.434 20544 20544 D YTV2_DUMP: [128] parent=122 id=null text='null' desc='null' bounds=(550,733,1047,1478) class=android.widget.ImageView
         1789127519.434 20544 20544 D YTV2_DUMP: [129] parent=124 id=null text='null' desc='null' bounds=(572,1341,1025,1456) class=android.view.ViewGroup
         1789127519.434 20544 20544 D YTV2_DUMP: [130] parent=125 id=null text='null' desc='null' bounds=(154,152,926,269) class=android.view.ViewGroup
         1789127519.435 20544 20544 D YTV2_DUMP: [131] parent=125 id=null text='null' desc='null' bounds=(154,269,926,328) class=android.view.ViewGroup
         1789127519.435 20544 20544 D YTV2_DUMP: [132] parent=127 id=null text='Discipline mindset…' desc='Discipline mindset…' bounds=(55,1424,508,1482) class=android.view.ViewGroup
         1789127519.435 20544 20544 D YTV2_DUMP: [133] parent=129 id=null text='NEPAL FLASH FLOOD REASON !' desc='NEPAL FLASH FLOOD REASON !' bounds=(572,1341,1025,1456) class=android.view.ViewGroup
         1789127519.435 20544 20544 D YTV2_DUMP: [134] parent=130 id=null text='SSC CGL 2027 | PARMAR'S MATHS FOUNDATION BATCH | COMPLETE STRATEGY' desc='SSC CGL 2027 | PARMAR'S MATHS FOUNDATION BATCH | COMPLETE STRATEGY' bounds=(154,152,926,269) class=android.view.ViewGroup
         1789127519.435 20544 20544 D YTV2_DUMP: [135] parent=131 id=null text='PARMAR SSC, verified, 27K views, 5 hours ago' desc='PARMAR SSC, verified, 27K views, 5 hours ago' bounds=(154,280,926,328) class=android.view.ViewGroup
         1789127519.447 20544 20544 D YTV2_DUMP: --> PARSED: kind=NON_PLAYBACK watchConfirmed=false title='null' handle='null' display='null' channelId='null'
         1789127520.115 20544 20544 D YTV2_DUMP: [0] parent=null id=null text='null' desc='null' bounds=(0,0,1080,2460) class=android.widget.FrameLayout
         1789127520.115 20544 20544 D YTV2_DUMP: [1] parent=0 id=null text='null' desc='null' bounds=(0,0,1080,2460) class=android.widget.LinearLayout
         1789127520.115 20544 20544 D YTV2_DUMP: [2] parent=0 id=android:id/navigationBarBackground text='null' desc='null' bounds=(0,2330,1080,2460) class=android.view.View
         1789127520.115 20544 20544 D YTV2_DUMP: [3] parent=1 id=null text='null' desc='null' bounds=(0,0,1080,2460) class=android.widget.FrameLayout
         1789127520.115 20544 20544 D YTV2_DUMP: [4] parent=3 id=com.google.android.youtube:id/action_bar_root text='null' desc='null' bounds=(0,0,1080,2460) class=android.widget.LinearLayout
         1789127520.115 20544 20544 D YTV2_DUMP: [5] parent=4 id=android:id/content text='null' desc='null' bounds=(0,0,1080,2460) class=android.widget.FrameLayout
         1789127520.115 20544 20544 D YTV2_DUMP: [6] parent=5 id=com.google.android.youtube:id/reel_time_bar text='null' desc='null' bounds=(0,0,0,0) class=android.view.ViewGroup
         1789127520.115 20544 20544 D YTV2_DUMP: [7] parent=5 id=com.google.android.youtube:id/more_drawer_container text='null' desc='null' bounds=(0,0,1080,2460) class=androidx.drawerlayout.widget.DrawerLayout
         1789127520.116 20544 20544 D YTV2_DUMP: [8] parent=7 id=com.google.android.youtube:id/slim_status_bar_player_container text='null' desc='null' bounds=(0,0,1080,2460) class=android.widget.FrameLayout
         1789127520.116 20544 20544 D YTV2_DUMP: [9] parent=8 id=com.google.android.youtube:id/navigation_bar_divider_frame text='null' desc='null' bounds=(0,0,1080,2330) class=android.view.ViewGroup
         1789127520.117 20544 20544 D YTV2_DUMP: [10] parent=8 id=null text='null' desc='null' bounds=(0,0,1080,104) class=android.widget.FrameLayout
         1789127520.117 20544 20544 D YTV2_DUMP: [11] parent=8 id=null text='null' desc='null' bounds=(0,0,3,3) class=android.view.View
         1789127520.118 20544 20544 D YTV2_DUMP: [12] parent=9 id=com.google.android.youtube:id/global_slim_status_bar_container text='null' desc='null' bounds=(0,0,1080,2330) class=android.widget.FrameLayout
         1789127520.120 20544 20544 D YTV2_DUMP: [13] parent=9 id=com.google.android.youtube:id/accessibility_layer_container text='null' desc='null' bounds=(0,0,1080,2330) class=android.widget.FrameLayout
         1789127520.120 20544 20544 D YTV2_DUMP: [14] parent=10 id=com.google.android.youtube:id/global_status_bar_view text='null' desc='null' bounds=(0,0,1080,104) class=android.view.View
         1789127520.121 20544 20544 D YTV2_DUMP: [15] parent=13 id=com.google.android.youtube:id/fullscreen_mode_container text='null' desc='null' bounds=(0,0,1080,0) class=android.widget.FrameLayout
         1789127520.121 20544 20544 D YTV2_DUMP: [16] parent=13 id=com.google.android.youtube:id/next_gen_watch_container_layout text='null' desc='null' bounds=(0,0,1080,2330) class=android.view.ViewGroup
         1789127520.121 20544 20544 D YTV2_DUMP: [17] parent=13 id=com.google.android.youtube:id/bottom_bar_container text='null' desc='null' bounds=(0,2330,1080,2330) class=android.widget.LinearLayout
         1789127520.121 20544 20544 D YTV2_DUMP: [18] parent=16 id=com.google.android.youtube:id/watch_while_layout_coordinator_layout text='null' desc='null' bounds=(0,0,1080,2330) class=android.view.ViewGroup
         1789127520.121 20544 20544 D YTV2_DUMP: [19] parent=18 id=com.google.android.youtube:id/fab_container text='null' desc='null' bounds=(0,0,1080,2330) class=android.widget.FrameLayout
         1789127520.123 20544 20544 D YTV2_DUMP: [20] parent=18 id=com.google.android.youtube:id/pane_fragment_container text='null' desc='null' bounds=(0,0,1080,2330) class=android.widget.FrameLayout
         1789127520.123 20544 20544 D YTV2_DUMP: [21] parent=18 id=com.google.android.youtube:id/root_pill_container text='null' desc='null' bounds=(0,2220,1080,2220) class=android.widget.FrameLayout
         1789127520.123 20544 20544 D YTV2_DUMP: [22] parent=18 id=com.google.android.youtube:id/pane_fragment_footer_container text='null' desc='null' bounds=(0,2330,1080,2330) class=android.widget.FrameLayout
         1789127520.123 20544 20544 D YTV2_DUMP: [23] parent=20 id=com.google.android.youtube:id/browse_fragment_layout_coordinator_layout text='null' desc='null' bounds=(0,0,1080,2330) class=android.widget.ScrollView
         1789127520.123 20544 20544 D YTV2_DUMP: [24] parent=23 id=com.google.android.youtube:id/appbar_layout text='null' desc='null' bounds=(0,0,1080,0) class=android.widget.LinearLayout
         1789127520.123 20544 20544 D YTV2_DUMP: [25] parent=23 id=com.google.android.youtube:id/pane_fragment_background_container text='null' desc='null' bounds=(0,0,1080,2330) class=android.widget.FrameLayout
         1789127520.123 20544 20544 D YTV2_DUMP: [26] parent=23 id=com.google.android.youtube:id/pane_fragment_contents text='null' desc='null' bounds=(0,0,1080,2330) class=android.widget.FrameLayout
         1789127520.124 20544 20544 D YTV2_DUMP: [27] parent=24 id=com.google.android.youtube:id/toolbar_container text='null' desc='null' bounds=(0,0,1080,0) class=android.widget.FrameLayout
         1789127520.124 20544 20544 D YTV2_DUMP: [28] parent=24 id=com.google.android.youtube:id/filter_bar text='null' desc='null' bounds=(0,0,1080,0) class=android.widget.LinearLayout
         1789127520.124 20544 20544 D YTV2_DUMP: [29] parent=25 id=com.google.android.youtube:id/pane_fragment_background_alpha_overlay text='null' desc='null' bounds=(0,0,1080,2330) class=android.view.View
         1789127520.124 20544 20544 D YTV2_DUMP: [30] parent=26 id=com.google.android.youtube:id/loading_layout text='null' desc='null' bounds=(0,0,1080,2330) class=android.widget.FrameLayout
         1789127520.124 20544 20544 D YTV2_DUMP: [31] parent=27 id=com.google.android.youtube:id/collapsing_header_container text='null' desc='null' bounds=(0,0,1080,-132) class=android.widget.FrameLayout
         1789127520.124 20544 20544 D YTV2_DUMP: [32] parent=27 id=com.google.android.youtube:id/toolbar text='null' desc='null' bounds=(0,0,1080,0) class=android.view.ViewGroup
         1789127520.124 20544 20544 D YTV2_DUMP: [33] parent=28 id=null text='null' desc='filters' bounds=(0,0,1080,0) class=android.support.v7.widget.RecyclerView
         1789127520.124 20544 20544 D YTV2_DUMP: [34] parent=30 id=null text='null' desc='null' bounds=(0,0,1080,2330) class=android.view.ViewGroup
         1789127520.124 20544 20544 D YTV2_DUMP: [35] parent=32 id=null text='null' desc='null' bounds=(0,0,816,0) class=android.widget.FrameLayout
         1789127520.124 20544 20544 D YTV2_DUMP: [36] parent=32 id=null text='null' desc='null' bounds=(816,0,1080,0) class=android.support.v7.widget.LinearLayoutCompat
         1789127520.124 20544 20544 D YTV2_DUMP: [37] parent=33 id=null text='null' desc='Explore menu' bounds=(33,0,149,-22) class=android.widget.Button
         1789127520.124 20544 20544 D YTV2_DUMP: [38] parent=33 id=null text='null' desc='null' bounds=(171,0,171,-22) class=android.view.View
         1789127520.125 20544 20544 D YTV2_DUMP: [39] parent=33 id=null text='null' desc='null' bounds=(193,0,310,-22) class=android.widget.LinearLayout
         1789127520.125 20544 20544 D YTV2_DUMP: [40] parent=33 id=null text='null' desc='null' bounds=(332,0,515,-22) class=android.widget.LinearLayout
         1789127520.125 20544 20544 D YTV2_DUMP: [41] parent=33 id=null text='null' desc='null' bounds=(537,0,784,-22) class=android.widget.LinearLayout
         1789127520.125 20544 20544 D YTV2_DUMP: [42] parent=33 id=null text='null' desc='null' bounds=(806,0,1080,-22) class=android.widget.LinearLayout
         1789127520.125 20544 20544 D YTV2_DUMP: [43] parent=34 id=com.google.android.youtube:id/results text='null' desc='null' bounds=(0,0,1080,2330) class=android.support.v7.widget.RecyclerView
         1789127520.125 20544 20544 D YTV2_DUMP: [44] parent=35 id=com.google.android.youtube:id/youtube_logo text='null' desc='YouTube' bounds=(0,0,336,0) class=android.widget.ImageView
         1789127520.125 20544 20544 D YTV2_DUMP: [45] parent=36 id=com.google.android.youtube:id/menu_item_0 text='null' desc='null' bounds=(816,0,948,0) class=android.widget.FrameLayout
         1789127520.125 20544 20544 D YTV2_DUMP: [46] parent=36 id=com.google.android.youtube:id/menu_item_1 text='null' desc='null' bounds=(948,0,1080,0) class=android.widget.FrameLayout
         1789127520.125 20544 20544 D YTV2_DUMP: [47] parent=37 id=null text='null' desc='null' bounds=(58,0,124,-33) class=android.widget.ImageView
         1789127520.127 20544 20544 D YTV2_DUMP: [48] parent=39 id=com.google.android.youtube:id/chip_cloud_chip_modern_text text='All' desc='null' bounds=(193,0,310,-22) class=android.widget.TextView
         1789127520.127 20544 20544 D YTV2_DUMP: [49] parent=40 id=com.google.android.youtube:id/chip_cloud_chip_modern_text text='Music' desc='null' bounds=(332,0,515,-22) class=android.widget.TextView
         1789127520.127 20544 20544 D YTV2_DUMP: [50] parent=41 id=com.google.android.youtube:id/chip_cloud_chip_modern_text text='Podcasts' desc='null' bounds=(537,0,784,-22) class=android.widget.TextView
         1789127520.127 20544 20544 D YTV2_DUMP: [51] parent=42 id=com.google.android.youtube:id/chip_cloud_chip_modern_text text='Combined Graduate Level Examination' desc='null' bounds=(806,0,1080,-22) class=android.widget.TextView
         1789127520.127 20544 20544 D YTV2_DUMP: [52] parent=43 id=null text='null' desc='null' bounds=(0,0,1080,499) class=android.view.ViewGroup
         1789127520.127 20544 20544 D YTV2_DUMP: [53] parent=43 id=null text='null' desc='null' bounds=(0,499,1080,521) class=android.view.ViewGroup
         1789127520.127 20544 20544 D YTV2_DUMP: [54] parent=43 id=null text='null' desc='null' bounds=(0,521,1080,664) class=android.view.ViewGroup
         1789127520.127 20544 20544 D YTV2_DUMP: [55] parent=43 id=null text='null' desc='null' bounds=(0,664,1080,1409) class=android.view.ViewGroup
         1789127520.128 20544 20544 D YTV2_DUMP: [56] parent=43 id=null text='null' desc='null' bounds=(0,1409,1080,1472) class=android.view.ViewGroup
         1789127520.128 20544 20544 D YTV2_DUMP: [57] parent=43 id=null text='null' desc='null' bounds=(0,1494,1080,2317) class=android.view.ViewGroup
         1789127520.128 20544 20544 D YTV2_DUMP: [58] parent=43 id=null text='null' desc='null' bounds=(0,2339,1080,2330) class=android.view.ViewGroup
         1789127520.128 20544 20544 D YTV2_DUMP: [59] parent=45 id=null text='null' desc='null' bounds=(816,0,948,0) class=android.view.ViewGroup
         1789127520.128 20544 20544 D YTV2_DUMP: [60] parent=46 id=null text='null' desc='null' bounds=(948,0,1080,0) class=android.view.ViewGroup
         1789127520.128 20544 20544 D YTV2_DUMP: [61] parent=52 id=null text='null' desc='SSC CGL 2027 | PARMAR'S MATHS FOUNDATION BATCH | COMPLETE STRATEGY – 48 minutes, 41 seconds – Go to channel PARMAR SSC – PARMAR SSC, verified - 27K views - 5 hours ago – play video' bounds=(0,0,1080,312) class=android.widget.Button
         1789127520.128 20544 20544 D YTV2_DUMP: [62] parent=52 id=null text='null' desc='null' bounds=(33,345,1047,433) class=android.view.ViewGroup
         1789127520.128 20544 20544 D YTV2_DUMP: [63] parent=54 id=null text='null' desc='null' bounds=(0,521,1080,664) class=android.view.ViewGroup
         1789127520.128 20544 20544 D YTV2_DUMP: [64] parent=55 id=null text='null' desc='null' bounds=(0,660,540,1405) class=android.view.ViewGroup
         1789127520.128 20544 20544 D YTV2_DUMP: [65] parent=55 id=null text='null' desc='null' bounds=(540,660,1080,1405) class=android.view.ViewGroup
         1789127520.128 20544 20544 D YTV2_DUMP: [66] parent=57 id=null text='null' desc='AIB - Mobile Bechna hai? – 2 minutes, 40 seconds – Go to channel Quikr – Quikr, verified - 68 lakh views - 11 years ago – play video' bounds=(0,1490,1080,2247) class=android.widget.Button
         1789127520.128 20544 20544 D YTV2_DUMP: [67] parent=59 id=com.google.android.youtube:id/menu_item_view text='null' desc='Notifications' bounds=(816,0,948,0) class=android.widget.ImageView
         1789127520.128 20544 20544 D YTV2_DUMP: [68] parent=60 id=com.google.android.youtube:id/menu_item_view text='null' desc='Search' bounds=(948,0,1080,0) class=android.widget.ImageView
         1789127520.129 20544 20544 D YTV2_DUMP: [69] parent=61 id=null text='null' desc='null' bounds=(0,0,1080,103) class=android.view.ViewGroup
         1789127520.129 20544 20544 D YTV2_DUMP: [70] parent=61 id=null text='null' desc='null' bounds=(0,103,1080,312) class=android.view.ViewGroup
         1789127520.129 20544 20544 D YTV2_DUMP: [71] parent=62 id=null text='null' desc='null' bounds=(33,341,1047,429) class=android.view.ViewGroup
         1789127520.129 20544 20544 D YTV2_DUMP: [72] parent=63 id=null text='null' desc='null' bounds=(44,543,143,642) class=android.widget.ImageView
         1789127520.129 20544 20544 D YTV2_DUMP: [73] parent=63 id=null text='null' desc='Shorts' bounds=(176,561,339,625) class=android.view.ViewGroup
         1789127520.129 20544 20544 D YTV2_DUMP: [74] parent=63 id=null text='null' desc='Action menu' bounds=(970,560,1036,626) class=android.widget.Button
         1789127520.129 20544 20544 D YTV2_DUMP: [75] parent=64 id=null text='null' desc='Discipline mindset… – play Short' bounds=(33,660,530,1405) class=android.widget.Button
         1789127520.129 20544 20544 D YTV2_DUMP: [76] parent=65 id=null text='null' desc='NEPAL FLASH FLOOD REASON ! – play Short' bounds=(550,660,1047,1405) class=android.widget.Button
         1789127520.129 20544 20544 D YTV2_DUMP: [77] parent=66 id=null text='null' desc='null' bounds=(0,1490,1080,2097) class=android.view.ViewGroup
         1789127520.129 20544 20544 D YTV2_DUMP: [78] parent=66 id=null text='null' desc='null' bounds=(0,2097,1080,2247) class=android.view.ViewGroup
         1789127520.129 20544 20544 D YTV2_DUMP: [79] parent=69 id=null text='null' desc='null' bounds=(0,0,1080,103) class=android.widget.ImageView
         1789127520.129 20544 20544 D YTV2_DUMP: [80] parent=69 id=null text='null' desc='null' bounds=(0,0,1080,103) class=android.view.ViewGroup
         1789127520.129 20544 20544 D YTV2_DUMP: [81] parent=70 id=null text='null' desc='null' bounds=(0,99,1080,308) class=android.view.ViewGroup
         1789127520.129 20544 20544 D YTV2_DUMP: [82] parent=71 id=null text='null' desc='null' bounds=(67,358,122,413) class=android.widget.ImageView
         1789127520.129 20544 20544 D YTV2_DUMP: [83] parent=71 id=null text='2 products' desc='2 products' bounds=(140,361,320,410) class=android.view.ViewGroup
         1789127520.130 20544 20544 D YTV2_DUMP: [84] parent=71 id=null text='·' desc='·' bounds=(334,361,352,410) class=android.view.ViewGroup
         1789127520.130 20544 20544 D YTV2_DUMP: [85] parent=71 id=null text='Earns commission' desc='Earns commission' bounds=(358,361,660,410) class=android.view.ViewGroup
         1789127520.130 20544 20544 D YTV2_DUMP: [86] parent=71 id=null text='null' desc='null' bounds=(948,352,1014,418) class=android.widget.ImageView
         1789127520.130 20544 20544 D YTV2_DUMP: [87] parent=73 id=null text='Shorts' desc='Shorts' bounds=(176,561,339,625) class=android.view.ViewGroup
         1789127520.130 20544 20544 D YTV2_DUMP: [88] parent=75 id=null text='null' desc='null' bounds=(33,660,530,1405) class=android.view.ViewGroup
         1789127520.130 20544 20544 D YTV2_DUMP: [89] parent=76 id=null text='null' desc='null' bounds=(550,660,1047,1405) class=android.view.ViewGroup
         1789127520.130 20544 20544 D YTV2_DUMP: [90] parent=77 id=null text='null' desc='null' bounds=(0,1490,1080,2097) class=android.widget.ImageView
         1789127520.130 20544 20544 D YTV2_DUMP: [91] parent=77 id=null text='null' desc='null' bounds=(0,1490,1080,2097) class=android.view.ViewGroup
         1789127520.130 20544 20544 D YTV2_DUMP: [92] parent=78 id=null text='null' desc='Go to channel Quikr' bounds=(33,2130,132,2229) class=android.widget.Button
         1789127520.130 20544 20544 D YTV2_DUMP: [93] parent=78 id=null text='null' desc='null' bounds=(154,2130,926,2247) class=android.view.ViewGroup
         1789127520.130 20544 20544 D YTV2_DUMP: [94] parent=78 id=null text='null' desc='Action menu for AIB - Mobile Bechna hai?' bounds=(948,2130,1014,2196) class=android.widget.Button
         1789127520.130 20544 20544 D YTV2_DUMP: [95] parent=80 id=null text='null' desc='null' bounds=(0,0,1080,99) class=android.widget.ImageView
         1789127520.130 20544 20544 D YTV2_DUMP: [96] parent=80 id=null text='null' desc='48 minutes, 41 seconds' bounds=(932,22,1058,77) class=android.view.ViewGroup
         1789127520.130 20544 20544 D YTV2_DUMP: [97] parent=80 id=null text='null' desc='null' bounds=(0,91,108,99) class=android.widget.ImageView
         1789127520.130 20544 20544 D YTV2_DUMP: [98] parent=81 id=null text='null' desc='Go to channel PARMAR SSC' bounds=(33,132,132,231) class=android.widget.Button
         1789127520.130 20544 20544 D YTV2_DUMP: [99] parent=81 id=null text='null' desc='null' bounds=(154,132,926,308) class=android.view.ViewGroup
         1789127520.130 20544 20544 D YTV2_DUMP: [100] parent=81 id=null text='null' desc='Action menu for SSC CGL 2027 | PARMAR'S MATHS FOUNDATION BATCH | COMPLETE STRATEGY' bounds=(948,132,1014,198) class=android.widget.Button
         1789127520.131 20544 20544 D YTV2_DUMP: [101] parent=88 id=null text='null' desc='null' bounds=(33,660,530,1405) class=android.widget.ImageView
         1789127520.131 20544 20544 D YTV2_DUMP: [102] parent=88 id=null text='null' desc='null' bounds=(33,660,530,1405) class=android.view.ViewGroup
         1789127520.131 20544 20544 D YTV2_DUMP: [103] parent=88 id=null text='null' desc='null' bounds=(420,660,530,770) class=android.view.ViewGroup
         1789127520.131 20544 20544 D YTV2_DUMP: [104] parent=88 id=null text='null' desc='null' bounds=(33,1325,530,1405) class=android.view.ViewGroup
         1789127520.131 20544 20544 D YTV2_DUMP: [105] parent=89 id=null text='null' desc='null' bounds=(550,660,1047,1405) class=android.widget.ImageView
         1789127520.131 20544 20544 D YTV2_DUMP: [106] parent=89 id=null text='null' desc='null' bounds=(550,660,1047,1405) class=android.view.ViewGroup
         1789127520.131 20544 20544 D YTV2_DUMP: [107] parent=89 id=null text='null' desc='null' bounds=(937,660,1047,770) class=android.view.ViewGroup
         1789127520.131 20544 20544 D YTV2_DUMP: [108] parent=89 id=null text='null' desc='null' bounds=(550,1268,1047,1405) class=android.view.ViewGroup
         1789127520.131 20544 20544 D YTV2_DUMP: [109] parent=91 id=null text='null' desc='null' bounds=(0,1490,1080,2097) class=android.widget.ImageView
         1789127520.131 20544 20544 D YTV2_DUMP: [110] parent=91 id=null text='null' desc='2 minutes, 40 seconds' bounds=(948,2020,1058,2075) class=android.view.ViewGroup
         1789127520.131 20544 20544 D YTV2_DUMP: [111] parent=93 id=null text='null' desc='null' bounds=(154,2130,926,2247) class=android.view.ViewGroup
         1789127520.131 20544 20544 D YTV2_DUMP: [112] parent=96 id=null text='48:41' desc='48:41' bounds=(949,25,1041,73) class=android.view.ViewGroup
         1789127520.131 20544 20544 D YTV2_DUMP: [113] parent=99 id=null text='null' desc='null' bounds=(154,132,926,308) class=android.view.ViewGroup
         1789127520.131 20544 20544 D YTV2_DUMP: [114] parent=102 id=null text='null' desc='null' bounds=(33,660,530,1405) class=android.widget.ImageView
         1789127520.131 20544 20544 D YTV2_DUMP: [115] parent=102 id=null text='null' desc='null' bounds=(33,660,530,1405) class=android.view.ViewGroup
         1789127520.132 20544 20544 D YTV2_DUMP: [116] parent=103 id=null text='null' desc='More actions' bounds=(469,682,519,732) class=android.widget.Button
         1789127520.132 20544 20544 D YTV2_DUMP: [117] parent=104 id=null text='null' desc='null' bounds=(55,1325,508,1383) class=android.view.ViewGroup
         1789127520.132 20544 20544 D YTV2_DUMP: [118] parent=106 id=null text='null' desc='null' bounds=(550,660,1047,1405) class=android.widget.ImageView
         1789127520.132 20544 20544 D YTV2_DUMP: [119] parent=106 id=null text='null' desc='null' bounds=(550,660,1047,1405) class=android.view.ViewGroup
         1789127520.132 20544 20544 D YTV2_DUMP: [120] parent=107 id=null text='null' desc='More actions' bounds=(986,682,1036,732) class=android.widget.Button
         1789127520.132 20544 20544 D YTV2_DUMP: [121] parent=108 id=null text='null' desc='null' bounds=(572,1268,1025,1383) class=android.view.ViewGroup
         1789127520.132 20544 20544 D YTV2_DUMP: [122] parent=110 id=null text='2:40' desc='2:40' bounds=(965,2023,1041,2071) class=android.view.ViewGroup
         1789127520.132 20544 20544 D YTV2_DUMP: [123] parent=111 id=null text='null' desc='null' bounds=(154,2130,926,2247) class=android.view.ViewGroup
         1789127520.132 20544 20544 D YTV2_DUMP: [124] parent=113 id=null text='null' desc='null' bounds=(154,132,926,308) class=android.view.ViewGroup
         1789127520.132 20544 20544 D YTV2_DUMP: [125] parent=115 id=null text='null' desc='null' bounds=(33,660,530,1405) class=android.widget.ImageView
         1789127520.132 20544 20544 D YTV2_DUMP: [126] parent=117 id=null text='null' desc='null' bounds=(55,1325,508,1383) class=android.view.ViewGroup
         1789127520.132 20544 20544 D YTV2_DUMP: [127] parent=119 id=null text='null' desc='null' bounds=(550,660,1047,1405) class=android.widget.ImageView
         1789127520.132 20544 20544 D YTV2_DUMP: [128] parent=121 id=null text='null' desc='null' bounds=(572,1268,1025,1383) class=android.view.ViewGroup
         1789127520.132 20544 20544 D YTV2_DUMP: [129] parent=123 id=null text='null' desc='null' bounds=(154,2130,926,2188) class=android.view.ViewGroup
         1789127520.132 20544 20544 D YTV2_DUMP: [130] parent=123 id=null text='null' desc='null' bounds=(154,2188,926,2247) class=android.view.ViewGroup
         1789127520.132 20544 20544 D YTV2_DUMP: [131] parent=124 id=null text='null' desc='null' bounds=(154,132,926,249) class=android.view.ViewGroup
         1789127520.132 20544 20544 D YTV2_DUMP: [132] parent=124 id=null text='null' desc='null' bounds=(154,249,926,308) class=android.view.ViewGroup
         1789127520.132 20544 20544 D YTV2_DUMP: [133] parent=126 id=null text='Discipline mindset…' desc='Discipline mindset…' bounds=(55,1325,508,1383) class=android.view.ViewGroup
         1789127520.132 20544 20544 D YTV2_DUMP: [134] parent=128 id=null text='NEPAL FLASH FLOOD REASON !' desc='NEPAL FLASH FLOOD REASON !' bounds=(572,1268,1025,1383) class=android.view.ViewGroup
         1789127520.133 20544 20544 D YTV2_DUMP: [135] parent=129 id=null text='AIB - Mobile Bechna hai?' desc='AIB - Mobile Bechna hai?' bounds=(154,2130,722,2188) class=android.view.ViewGroup
         1789127520.133 20544 20544 D YTV2_DUMP: [136] parent=130 id=null text='Quikr, verified, 68 lakh views, 11 years ago' desc='Quikr, verified, 68 lakh views, 11 years ago' bounds=(154,2199,926,2247) class=android.view.ViewGroup
         1789127520.133 20544 20544 D YTV2_DUMP: [137] parent=131 id=null text='SSC CGL 2027 | PARMAR'S MATHS FOUNDATION BATCH | COMPLETE STRATEGY' desc='SSC CGL 2027 | PARMAR'S MATHS FOUNDATION BATCH | COMPLETE STRATEGY' bounds=(154,132,926,249) class=android.view.ViewGroup
         1789127520.133 20544 20544 D YTV2_DUMP: [138] parent=132 id=null text='PARMAR SSC, verified, 27K views, 5 hours ago' desc='PARMAR SSC, verified, 27K views, 5 hours ago' bounds=(154,260,926,308) class=android.view.ViewGroup
         1789127520.144 20544 20544 D YTV2_DUMP: --> PARSED: kind=NON_PLAYBACK watchConfirmed=false title='null' handle='null' display='null' channelId='null'
         1789127532.160 20544 20544 D YTV2_DUMP: [0] parent=null id=null text='null' desc='null' bounds=(0,0,1080,2460) class=android.widget.FrameLayout
         1789127532.160 20544 20544 D YTV2_DUMP: [1] parent=0 id=null text='null' desc='null' bounds=(0,0,1080,2460) class=android.widget.LinearLayout
         1789127532.160 20544 20544 D YTV2_DUMP: [2] parent=0 id=android:id/navigationBarBackground text='null' desc='null' bounds=(0,2330,1080,2460) class=android.view.View
         1789127532.160 20544 20544 D YTV2_DUMP: [3] parent=1 id=null text='null' desc='null' bounds=(0,0,1080,2460) class=android.widget.FrameLayout
         1789127532.160 20544 20544 D YTV2_DUMP: [4] parent=3 id=com.google.android.youtube:id/action_bar_root text='null' desc='null' bounds=(0,0,1080,2460) class=android.widget.LinearLayout
         1789127532.160 20544 20544 D YTV2_DUMP: [5] parent=4 id=android:id/content text='null' desc='null' bounds=(0,0,1080,2460) class=android.widget.FrameLayout
         1789127532.160 20544 20544 D YTV2_DUMP: [6] parent=5 id=com.google.android.youtube:id/more_drawer_container text='null' desc='null' bounds=(0,0,1080,2460) class=androidx.drawerlayout.widget.DrawerLayout
         1789127532.160 20544 20544 D YTV2_DUMP: [7] parent=5 id=com.google.android.youtube:id/reel_time_bar text='null' desc='null' bounds=(0,0,1080,2460) class=android.view.ViewGroup
         1789127532.160 20544 20544 D YTV2_DUMP: [8] parent=6 id=com.google.android.youtube:id/slim_status_bar_player_container text='null' desc='null' bounds=(0,0,1080,2460) class=android.widget.FrameLayout
         1789127532.161 20544 20544 D YTV2_DUMP: [9] parent=7 id=null text='null' desc='0 minutes 3 seconds of 2 minutes 41 seconds' bounds=(0,2131,1080,2263) class=android.widget.SeekBar
         1789127532.161 20544 20544 D YTV2_DUMP: [10] parent=8 id=com.google.android.youtube:id/navigation_bar_divider_frame text='null' desc='null' bounds=(0,0,1080,2330) class=android.view.ViewGroup
         1789127532.161 20544 20544 D YTV2_DUMP: [11] parent=8 id=null text='null' desc='null' bounds=(0,0,1080,104) class=android.widget.FrameLayout
         1789127532.161 20544 20544 D YTV2_DUMP: [12] parent=8 id=null text='null' desc='null' bounds=(0,0,3,3) class=android.view.View
         1789127532.161 20544 20544 D YTV2_DUMP: [13] parent=10 id=com.google.android.youtube:id/global_slim_status_bar_container text='null' desc='null' bounds=(0,0,1080,2330) class=android.widget.FrameLayout
         1789127532.161 20544 20544 D YTV2_DUMP: [14] parent=10 id=com.google.android.youtube:id/accessibility_layer_container text='null' desc='null' bounds=(0,0,1080,2330) class=android.widget.FrameLayout
         1789127532.161 20544 20544 D YTV2_DUMP: [15] parent=11 id=com.google.android.youtube:id/global_status_bar_view text='null' desc='null' bounds=(0,0,1080,104) class=android.view.View
         1789127532.161 20544 20544 D YTV2_DUMP: [16] parent=14 id=com.google.android.youtube:id/fullscreen_mode_container text='null' desc='null' bounds=(0,0,1080,0) class=android.widget.FrameLayout
         1789127532.161 20544 20544 D YTV2_DUMP: [17] parent=14 id=com.google.android.youtube:id/next_gen_watch_container_layout text='null' desc='null' bounds=(0,0,1080,2330) class=android.view.ViewGroup
         1789127532.161 20544 20544 D YTV2_DUMP: [18] parent=14 id=com.google.android.youtube:id/bottom_bar_container text='null' desc='null' bounds=(0,2198,1080,2330) class=android.widget.LinearLayout
         1789127532.161 20544 20544 D YTV2_DUMP: [19] parent=17 id=com.google.android.youtube:id/watch_while_layout_coordinator_layout text='null' desc='null' bounds=(0,0,1080,2330) class=android.view.ViewGroup
         1789127532.161 20544 20544 D YTV2_DUMP: [20] parent=18 id=com.google.android.youtube:id/pivot_bar text='null' desc='null' bounds=(0,2198,1080,2330) class=android.widget.HorizontalScrollView
         1789127532.161 20544 20544 D YTV2_DUMP: [21] parent=19 id=com.google.android.youtube:id/fab_container text='null' desc='null' bounds=(0,0,1080,2330) class=android.widget.FrameLayout
         1789127532.161 20544 20544 D YTV2_DUMP: [22] parent=19 id=com.google.android.youtube:id/pane_fragment_container text='null' desc='null' bounds=(0,0,1080,2330) class=android.widget.FrameLayout
         1789127532.161 20544 20544 D YTV2_DUMP: [23] parent=19 id=com.google.android.youtube:id/root_pill_container text='null' desc='null' bounds=(0,2220,1080,2220) class=android.widget.FrameLayout
         1789127532.162 20544 20544 D YTV2_DUMP: [24] parent=19 id=com.google.android.youtube:id/pane_fragment_footer_container text='null' desc='null' bounds=(0,2330,1080,2330) class=android.widget.FrameLayout
         1789127532.162 20544 20544 D YTV2_DUMP: [25] parent=20 id=null text='null' desc='null' bounds=(0,2198,1080,2330) class=android.widget.LinearLayout
         1789127532.162 20544 20544 D YTV2_DUMP: [26] parent=22 id=com.google.android.youtube:id/browse_fragment_layout_coordinator_layout text='null' desc='null' bounds=(0,0,1080,2198) class=android.widget.ScrollView
         1789127532.162 20544 20544 D YTV2_DUMP: [27] parent=25 id=null text='null' desc='Home' bounds=(0,2198,216,2330) class=android.widget.Button
         1789127532.162 20544 20544 D YTV2_DUMP: [28] parent=25 id=null text='null' desc='Shorts' bounds=(216,2198,432,2330) class=android.widget.Button
         1789127532.162 20544 20544 D YTV2_DUMP: [29] parent=25 id=null text='null' desc='Create' bounds=(432,2198,648,2330) class=android.widget.Button
         1789127532.162 20544 20544 D YTV2_DUMP: [30] parent=25 id=null text='null' desc='Subscriptions: New content is available' bounds=(648,2198,864,2330) class=android.widget.Button
         1789127532.162 20544 20544 D YTV2_DUMP: [31] parent=25 id=null text='null' desc='You' bounds=(864,2198,1080,2330) class=android.widget.Button
         1789127532.162 20544 20544 D YTV2_DUMP: [32] parent=26 id=com.google.android.youtube:id/pane_fragment_contents text='null' desc='null' bounds=(0,0,1080,2198) class=android.widget.FrameLayout
         1789127532.162 20544 20544 D YTV2_DUMP: [33] parent=26 id=com.google.android.youtube:id/appbar_layout text='null' desc='null' bounds=(0,0,1080,236) class=android.widget.LinearLayout
         1789127532.162 20544 20544 D YTV2_DUMP: [34] parent=27 id=com.google.android.youtube:id/thumbnail_layout text='null' desc='null' bounds=(75,2210,141,2276) class=android.widget.FrameLayout
         1789127532.162 20544 20544 D YTV2_DUMP: [35] parent=27 id=com.google.android.youtube:id/text text='Home' desc='null' bounds=(67,2282,150,2319) class=android.widget.TextView
         1789127532.163 20544 20544 D YTV2_DUMP: [36] parent=28 id=com.google.android.youtube:id/thumbnail_layout text='null' desc='null' bounds=(291,2210,357,2276) class=android.widget.FrameLayout
         1789127532.163 20544 20544 D YTV2_DUMP: [37] parent=28 id=com.google.android.youtube:id/text text='Shorts' desc='null' bounds=(279,2282,369,2319) class=android.widget.TextView
         1789127532.163 20544 20544 D YTV2_DUMP: [38] parent=29 id=com.google.android.youtube:id/image text='null' desc='null' bounds=(491,2216,590,2315) class=android.widget.ImageView
         1789127532.163 20544 20544 D YTV2_DUMP: [39] parent=30 id=com.google.android.youtube:id/thumbnail_layout text='null' desc='null' bounds=(723,2210,789,2276) class=android.widget.FrameLayout
         1789127532.163 20544 20544 D YTV2_DUMP: [40] parent=30 id=com.google.android.youtube:id/new_content_dot text='null' desc='New content available' bounds=(761,2204,794,2237) class=android.view.View
         1789127532.163 20544 20544 D YTV2_DUMP: [41] parent=30 id=com.google.android.youtube:id/text text='Subscriptions' desc='null' bounds=(666,2282,847,2319) class=android.widget.TextView
         1789127532.163 20544 20544 D YTV2_DUMP: [42] parent=31 id=com.google.android.youtube:id/thumbnail_layout text='null' desc='null' bounds=(939,2210,1005,2276) class=android.widget.FrameLayout
         1789127532.163 20544 20544 D YTV2_DUMP: [43] parent=31 id=com.google.android.youtube:id/text text='You' desc='null' bounds=(946,2282,999,2319) class=android.widget.TextView
         1789127532.163 20544 20544 D YTV2_DUMP: [44] parent=32 id=null text='null' desc='null' bounds=(0,0,1080,2198) class=android.widget.FrameLayout
         1789127532.163 20544 20544 D YTV2_DUMP: [45] parent=33 id=com.google.android.youtube:id/toolbar_container text='null' desc='null' bounds=(0,0,1080,236) class=android.widget.FrameLayout
         1789127532.163 20544 20544 D YTV2_DUMP: [46] parent=34 id=com.google.android.youtube:id/image text='null' desc='null' bounds=(75,2210,141,2276) class=android.widget.ImageView
         1789127532.163 20544 20544 D YTV2_DUMP: [47] parent=36 id=com.google.android.youtube:id/image text='null' desc='null' bounds=(291,2210,357,2276) class=android.widget.ImageView
         1789127532.163 20544 20544 D YTV2_DUMP: [48] parent=39 id=com.google.android.youtube:id/image text='null' desc='null' bounds=(723,2210,789,2276) class=android.widget.ImageView
         1789127532.163 20544 20544 D YTV2_DUMP: [49] parent=42 id=com.google.android.youtube:id/pivot_bar_thumbnail text='null' desc='null' bounds=(939,2210,1005,2276) class=android.widget.ImageView
         1789127532.163 20544 20544 D YTV2_DUMP: [50] parent=44 id=com.google.android.youtube:id/fragment_container_view text='null' desc='null' bounds=(0,0,1080,2198) class=android.widget.FrameLayout
         1789127532.164 20544 20544 D YTV2_DUMP: [51] parent=45 id=com.google.android.youtube:id/collapsing_header_container text='null' desc='null' bounds=(0,104,1080,104) class=android.widget.FrameLayout
         1789127532.164 20544 20544 D YTV2_DUMP: [52] parent=45 id=com.google.android.youtube:id/toolbar text='null' desc='null' bounds=(0,104,1080,236) class=android.view.ViewGroup
         1789127532.164 20544 20544 D YTV2_DUMP: [53] parent=50 id=null text='null' desc='null' bounds=(0,0,1080,2198) class=android.widget.LinearLayout
         1789127532.164 20544 20544 D YTV2_DUMP: [54] parent=52 id=null text='null' desc='Navigate up' bounds=(0,104,154,236) class=android.widget.ImageButton
         1789127532.164 20544 20544 D YTV2_DUMP: [55] parent=52 id=null text='null' desc='null' bounds=(154,104,1080,236) class=android.widget.FrameLayout
         1789127532.164 20544 20544 D YTV2_DUMP: [56] parent=52 id=null text='null' desc='null' bounds=(1080,104,1080,236) class=android.support.v7.widget.LinearLayoutCompat
         1789127532.164 20544 20544 D YTV2_DUMP: [57] parent=53 id=com.google.android.youtube:id/reel_watch_fragment_root text='null' desc='null' bounds=(0,104,1080,2198) class=android.widget.FrameLayout
         1789127532.164 20544 20544 D YTV2_DUMP: [58] parent=55 id=null text='null' desc='null' bounds=(154,104,1080,236) class=android.widget.FrameLayout
         1789127532.164 20544 20544 D YTV2_DUMP: [59] parent=55 id=null text='null' desc='null' bounds=(154,104,1080,236) class=android.widget.FrameLayout
         1789127532.164 20544 20544 D YTV2_DUMP: [60] parent=57 id=com.google.android.youtube:id/reel_player_underlay text='null' desc='null' bounds=(0,104,1080,2198) class=android.widget.FrameLayout
         1789127532.164 20544 20544 D YTV2_DUMP: [61] parent=57 id=com.google.android.youtube:id/nerd_stats_container text='null' desc='null' bounds=(0,104,1080,2198) class=android.widget.FrameLayout
         1789127532.164 20544 20544 D YTV2_DUMP: [62] parent=57 id=com.google.android.youtube:id/reel_watch_refresher text='null' desc='null' bounds=(0,104,1080,2198) class=android.view.ViewGroup
         1789127532.164 20544 20544 D YTV2_DUMP: [63] parent=57 id=com.google.android.youtube:id/reel_watch_player text='null' desc='null' bounds=(0,104,1080,2198) class=android.view.ViewGroup
         1789127532.164 20544 20544 D YTV2_DUMP: [64] parent=57 id=com.google.android.youtube:id/reel_scrim_shorts_while_top text='null' desc='null' bounds=(0,104,1080,368) class=android.view.View
         1789127532.164 20544 20544 D YTV2_DUMP: [65] parent=59 id=null text='null' desc='null' bounds=(154,104,1080,236) class=android.view.ViewGroup
         1789127532.164 20544 20544 D YTV2_DUMP: [66] parent=61 id=null text='null' desc='null' bounds=(0,104,1080,2198) class=android.widget.RelativeLayout
         1789127532.164 20544 20544 D YTV2_DUMP: [67] parent=62 id=com.google.android.youtube:id/reel_recycler text='null' desc='null' bounds=(0,104,1080,2198) class=android.support.v7.widget.RecyclerView
         1789127532.165 20544 20544 D YTV2_DUMP: [68] parent=63 id=null text='null' desc='null' bounds=(0,104,1080,2198) class=android.view.ViewGroup
         1789127532.165 20544 20544 D YTV2_DUMP: [69] parent=63 id=null text='null' desc='null' bounds=(0,104,1080,2198) class=android.widget.FrameLayout
         1789127532.165 20544 20544 D YTV2_DUMP: [70] parent=65 id=null text='null' desc='Search' bounds=(849,137,915,203) class=android.widget.Button
         1789127532.165 20544 20544 D YTV2_DUMP: [71] parent=65 id=null text='null' desc='More actions' bounds=(981,137,1047,203) class=android.widget.Button
         1789127532.165 20544 20544 D YTV2_DUMP: [72] parent=67 id=com.google.android.youtube:id/reel_player_page_container text='null' desc='null' bounds=(0,104,1080,2198) class=android.widget.FrameLayout
         1789127532.165 20544 20544 D YTV2_DUMP: [73] parent=68 id=null text='null' desc='null' bounds=(0,104,1080,2198) class=android.view.ViewGroup
         1789127532.165 20544 20544 D YTV2_DUMP: [74] parent=72 id=com.google.android.youtube:id/reel_player_page_content text='null' desc='null' bounds=(0,104,1080,2198) class=android.widget.FrameLayout
         1789127532.165 20544 20544 D YTV2_DUMP: [75] parent=73 id=null text='null' desc='null' bounds=(0,104,1080,2198) class=android.view.View
         1789127532.165 20544 20544 D YTV2_DUMP: [76] parent=73 id=null text='null' desc='null' bounds=(0,104,1080,2198) class=android.view.View
         1789127532.165 20544 20544 D YTV2_DUMP: [77] parent=74 id=null text='null' desc='null' bounds=(0,104,1080,2198) class=android.widget.FrameLayout
         1789127532.165 20544 20544 D YTV2_DUMP: [78] parent=77 id=com.google.android.youtube:id/reel_player_overlay_root text='null' desc='null' bounds=(0,104,1080,2198) class=android.widget.FrameLayout
         1789127532.165 20544 20544 D YTV2_DUMP: [79] parent=78 id=com.google.android.youtube:id/reel_player_overlay_container text='null' desc='null' bounds=(0,104,1080,2198) class=android.widget.FrameLayout
         1789127532.165 20544 20544 D YTV2_DUMP: [80] parent=79 id=com.google.android.youtube:id/reel_video_interactions text='null' desc='null' bounds=(0,104,1080,2198) class=android.widget.FrameLayout
         1789127532.165 20544 20544 D YTV2_DUMP: [81] parent=79 id=com.google.android.youtube:id/reel_player_footer_container text='null' desc='null' bounds=(0,1196,1080,2198) class=android.widget.FrameLayout
         1789127532.165 20544 20544 D YTV2_DUMP: [82] parent=79 id=com.google.android.youtube:id/reel_scrim_shorts_while_bottom_gradient text='null' desc='null' bounds=(0,1758,1080,2198) class=android.view.View
         1789127532.165 20544 20544 D YTV2_DUMP: [83] parent=81 id=null text='null' desc='null' bounds=(0,1196,1080,2198) class=android.widget.FrameLayout
         1789127532.166 20544 20544 D YTV2_DUMP: [84] parent=83 id=com.google.android.youtube:id/player_overlay text='null' desc='null' bounds=(0,1196,1080,2198) class=android.widget.FrameLayout
         1789127532.166 20544 20544 D YTV2_DUMP: [85] parent=84 id=null text='null' desc='null' bounds=(0,1196,1080,2198) class=android.view.ViewGroup
         1789127532.166 20544 20544 D YTV2_DUMP: [86] parent=85 id=null text='null' desc='null' bounds=(0,1977,904,1980) class=android.view.ViewGroup
         1789127532.166 20544 20544 D YTV2_DUMP: [87] parent=85 id=null text='null' desc='null' bounds=(0,1980,904,2090) class=android.view.ViewGroup
         1789127532.166 20544 20544 D YTV2_DUMP: [88] parent=85 id=null text='null' desc='null' bounds=(0,2090,904,2165) class=android.view.ViewGroup
         1789127532.166 20544 20544 D YTV2_DUMP: [89] parent=85 id=null text='null' desc='null' bounds=(904,1196,1080,2198) class=android.view.ViewGroup
         1789127532.166 20544 20544 D YTV2_DUMP: [90] parent=87 id=null text='null' desc='null' bounds=(44,1991,423,2079) class=android.view.ViewGroup
         1789127532.166 20544 20544 D YTV2_DUMP: [91] parent=87 id=null text='null' desc='Subscribe to @parmarssc.' bounds=(423,1991,655,2079) class=android.widget.Button
         1789127532.166 20544 20544 D YTV2_DUMP: [92] parent=88 id=null text='null' desc='null' bounds=(0,2090,904,2165) class=android.view.ViewGroup
         1789127532.166 20544 20544 D YTV2_DUMP: [93] parent=89 id=null text='null' desc='like this video along with 28K other people' bounds=(904,1196,1080,1361) class=android.widget.RadioButton
         1789127532.166 20544 20544 D YTV2_DUMP: [94] parent=89 id=null text='null' desc='View 341 comments' bounds=(904,1361,1080,1526) class=android.widget.Button
         1789127532.166 20544 20544 D YTV2_DUMP: [95] parent=89 id=null text='null' desc='Save' bounds=(904,1526,1080,1691) class=android.widget.RadioButton
         1789127532.166 20544 20544 D YTV2_DUMP: [96] parent=89 id=null text='null' desc='Share this video' bounds=(904,1691,1080,1856) class=android.widget.Button
         1789127532.166 20544 20544 D YTV2_DUMP: [97] parent=89 id=null text='null' desc='Remix' bounds=(904,1856,1080,2021) class=android.widget.Button
         1789127532.166 20544 20544 D YTV2_DUMP: [98] parent=89 id=null text='null' desc='See more videos using this sound' bounds=(904,2021,1080,2198) class=android.widget.Button
         1789127532.167 20544 20544 D YTV2_DUMP: [99] parent=90 id=null text='null' desc='null' bounds=(44,1991,132,2079) class=android.widget.Button
         1789127532.167 20544 20544 D YTV2_DUMP: [100] parent=90 id=null text='null' desc='null' bounds=(154,1991,423,2079) class=android.view.ViewGroup
         1789127532.167 20544 20544 D YTV2_DUMP: [101] parent=91 id=null text='Subscribe' desc='Subscribe' bounds=(456,2011,622,2059) class=android.view.ViewGroup
         1789127532.167 20544 20544 D YTV2_DUMP: [102] parent=92 id=null text='null' desc='null' bounds=(44,2101,904,2154) class=android.view.ViewGroup
         1789127532.167 20544 20544 D YTV2_DUMP: [103] parent=93 id=null text='null' desc='null' bounds=(959,1216,1025,1282) class=android.view.ViewGroup
         1789127532.167 20544 20544 D YTV2_DUMP: [104] parent=93 id=null text='28K' desc='28K' bounds=(904,1292,1080,1341) class=android.view.ViewGroup
         1789127532.167 20544 20544 D YTV2_DUMP: [105] parent=94 id=null text='null' desc='null' bounds=(959,1381,1025,1447) class=android.view.ViewGroup
         1789127532.167 20544 20544 D YTV2_DUMP: [106] parent=94 id=null text='341' desc='341' bounds=(904,1457,1080,1506) class=android.view.ViewGroup
         1789127532.167 20544 20544 D YTV2_DUMP: [107] parent=95 id=null text='null' desc='null' bounds=(959,1546,1025,1612) class=android.view.ViewGroup
         1789127532.167 20544 20544 D YTV2_DUMP: [108] parent=95 id=null text='Save' desc='Save' bounds=(904,1622,1080,1671) class=android.view.ViewGroup
         1789127532.167 20544 20544 D YTV2_DUMP: [109] parent=96 id=null text='null' desc='null' bounds=(959,1711,1025,1777) class=android.view.ViewGroup
         1789127532.167 20544 20544 D YTV2_DUMP: [110] parent=96 id=null text='Share' desc='Share' bounds=(904,1787,1080,1836) class=android.view.ViewGroup
         1789127532.167 20544 20544 D YTV2_DUMP: [111] parent=97 id=null text='null' desc='null' bounds=(959,1876,1025,1942) class=android.view.ViewGroup
         1789127532.167 20544 20544 D YTV2_DUMP: [112] parent=97 id=null text='Remix' desc='Remix' bounds=(904,1952,1080,2001) class=android.view.ViewGroup
         1789127532.167 20544 20544 D YTV2_DUMP: [113] parent=98 id=null text='null' desc='null' bounds=(954,2060,1031,2137) class=android.widget.ImageView
         1789127532.167 20544 20544 D YTV2_DUMP: [114] parent=99 id=null text='null' desc='Go to channel @parmarssc' bounds=(44,1991,132,2079) class=android.widget.ImageView
         1789127532.167 20544 20544 D YTV2_DUMP: [115] parent=100 id=null text='@parmarssc' desc='@parmarssc' bounds=(154,1991,401,2079) class=android.view.ViewGroup
         1789127532.168 20544 20544 D YTV2_DUMP: [116] parent=102 id=null text='NEPAL FLASH FLOOD REASON !' desc='NEPAL FLASH FLOOD REASON !' bounds=(44,2101,904,2154) class=android.view.ViewGroup
         1789127532.168 20544 20544 D YTV2_DUMP: [117] parent=103 id=null text='null' desc='null' bounds=(959,1216,1025,1282) class=android.widget.ImageView
         1789127532.168 20544 20544 D YTV2_DUMP: [118] parent=105 id=null text='null' desc='null' bounds=(959,1381,1025,1447) class=android.widget.ImageView
         1789127532.168 20544 20544 D YTV2_DUMP: [119] parent=107 id=null text='null' desc='null' bounds=(959,1546,1025,1612) class=android.widget.ImageView
         1789127532.168 20544 20544 D YTV2_DUMP: [120] parent=109 id=null text='null' desc='null' bounds=(959,1711,1025,1777) class=android.widget.ImageView
         1789127532.168 20544 20544 D YTV2_DUMP: [121] parent=111 id=null text='null' desc='null' bounds=(959,1876,1025,1942) class=android.widget.ImageView
         1789127532.168 20544 20544 D YTV2_DUMP: [122] parent=115 id=null text='@parmarssc' desc='null' bounds=(154,1991,400,2079) class=android.widget.Button
         1789127532.179 20544 20544 D YTV2_DUMP: --> PARSED: kind=SHORTS watchConfirmed=true title='null' handle='null' display='null' channelId='null'
         1789127534.421 20544 20544 D YTV2_DUMP: [0] parent=null id=null text='null' desc='null' bounds=(0,0,1080,2460) class=android.widget.FrameLayout
         1789127534.421 20544 20544 D YTV2_DUMP: [1] parent=0 id=null text='null' desc='null' bounds=(0,0,1080,2460) class=android.widget.LinearLayout
         1789127534.421 20544 20544 D YTV2_DUMP: [2] parent=0 id=android:id/navigationBarBackground text='null' desc='null' bounds=(0,2330,1080,2460) class=android.view.View
         1789127534.422 20544 20544 D YTV2_DUMP: [3] parent=1 id=null text='null' desc='null' bounds=(0,0,1080,2460) class=android.widget.FrameLayout
         1789127534.422 20544 20544 D YTV2_DUMP: [4] parent=3 id=com.google.android.youtube:id/action_bar_root text='null' desc='null' bounds=(0,0,1080,2460) class=android.widget.LinearLayout
         1789127534.422 20544 20544 D YTV2_DUMP: [5] parent=4 id=android:id/content text='null' desc='null' bounds=(0,0,1080,2460) class=android.widget.FrameLayout
         1789127534.422 20544 20544 D YTV2_DUMP: [6] parent=5 id=com.google.android.youtube:id/more_drawer_container text='null' desc='null' bounds=(0,0,1080,2460) class=androidx.drawerlayout.widget.DrawerLayout
         1789127534.422 20544 20544 D YTV2_DUMP: [7] parent=5 id=com.google.android.youtube:id/reel_time_bar text='null' desc='null' bounds=(0,0,1080,2460) class=android.view.ViewGroup
         1789127534.422 20544 20544 D YTV2_DUMP: [8] parent=6 id=com.google.android.youtube:id/slim_status_bar_player_container text='null' desc='null' bounds=(0,0,1080,2460) class=android.widget.FrameLayout
         1789127534.422 20544 20544 D YTV2_DUMP: [9] parent=8 id=com.google.android.youtube:id/navigation_bar_divider_frame text='null' desc='null' bounds=(0,0,1080,2330) class=android.view.ViewGroup
         1789127534.422 20544 20544 D YTV2_DUMP: [10] parent=8 id=null text='null' desc='null' bounds=(0,0,1080,104) class=android.widget.FrameLayout
         1789127534.422 20544 20544 D YTV2_DUMP: [11] parent=8 id=null text='null' desc='null' bounds=(0,0,3,3) class=android.view.View
         1789127534.422 20544 20544 D YTV2_DUMP: [12] parent=9 id=com.google.android.youtube:id/global_slim_status_bar_container text='null' desc='null' bounds=(0,0,1080,2330) class=android.widget.FrameLayout
         1789127534.422 20544 20544 D YTV2_DUMP: [13] parent=9 id=com.google.android.youtube:id/accessibility_layer_container text='null' desc='null' bounds=(0,0,1080,2330) class=android.widget.FrameLayout
         1789127534.422 20544 20544 D YTV2_DUMP: [14] parent=10 id=com.google.android.youtube:id/global_status_bar_view text='null' desc='null' bounds=(0,0,1080,104) class=android.view.View
         1789127534.423 20544 20544 D YTV2_DUMP: [15] parent=13 id=com.google.android.youtube:id/fullscreen_mode_container text='null' desc='null' bounds=(0,0,1080,0) class=android.widget.FrameLayout
         1789127534.423 20544 20544 D YTV2_DUMP: [16] parent=13 id=com.google.android.youtube:id/next_gen_watch_container_layout text='null' desc='null' bounds=(0,0,1080,2330) class=android.view.ViewGroup
         1789127534.423 20544 20544 D YTV2_DUMP: [17] parent=13 id=com.google.android.youtube:id/bottom_bar_container text='null' desc='null' bounds=(0,2198,1080,2330) class=android.widget.LinearLayout
         1789127534.423 20544 20544 D YTV2_DUMP: [18] parent=16 id=com.google.android.youtube:id/watch_while_layout_coordinator_layout text='null' desc='null' bounds=(0,0,1080,2330) class=android.view.ViewGroup
         1789127534.423 20544 20544 D YTV2_DUMP: [19] parent=17 id=com.google.android.youtube:id/pivot_bar text='null' desc='null' bounds=(0,2198,1080,2330) class=android.widget.HorizontalScrollView
         1789127534.423 20544 20544 D YTV2_DUMP: [20] parent=18 id=com.google.android.youtube:id/fab_container text='null' desc='null' bounds=(0,0,1080,2330) class=android.widget.FrameLayout
         1789127534.423 20544 20544 D YTV2_DUMP: [21] parent=18 id=com.google.android.youtube:id/pane_fragment_container text='null' desc='null' bounds=(0,0,1080,2330) class=android.widget.FrameLayout
         1789127534.423 20544 20544 D YTV2_DUMP: [22] parent=18 id=com.google.android.youtube:id/root_pill_container text='null' desc='null' bounds=(0,2220,1080,2220) class=android.widget.FrameLayout
         1789127534.423 20544 20544 D YTV2_DUMP: [23] parent=18 id=com.google.android.youtube:id/pane_fragment_footer_container text='null' desc='null' bounds=(0,2330,1080,2330) class=android.widget.FrameLayout
         1789127534.424 20544 20544 D YTV2_DUMP: [24] parent=19 id=null text='null' desc='null' bounds=(0,2198,1080,2330) class=android.widget.LinearLayout
         1789127534.424 20544 20544 D YTV2_DUMP: [25] parent=21 id=com.google.android.youtube:id/browse_fragment_layout_coordinator_layout text='null' desc='null' bounds=(0,0,1080,2198) class=android.widget.ScrollView
         1789127534.424 20544 20544 D YTV2_DUMP: [26] parent=24 id=null text='null' desc='Home' bounds=(0,2198,216,2330) class=android.widget.Button
         1789127534.424 20544 20544 D YTV2_DUMP: [27] parent=24 id=null text='null' desc='Shorts' bounds=(216,2198,432,2330) class=android.widget.Button
         1789127534.424 20544 20544 D YTV2_DUMP: [28] parent=24 id=null text='null' desc='Create' bounds=(432,2198,648,2330) class=android.widget.Button
         1789127534.424 20544 20544 D YTV2_DUMP: [29] parent=24 id=null text='null' desc='Subscriptions: New content is available' bounds=(648,2198,864,2330) class=android.widget.Button
         1789127534.424 20544 20544 D YTV2_DUMP: [30] parent=24 id=null text='null' desc='You' bounds=(864,2198,1080,2330) class=android.widget.Button
         1789127534.424 20544 20544 D YTV2_DUMP: [31] parent=25 id=com.google.android.youtube:id/pane_fragment_background_container text='null' desc='null' bounds=(0,0,1080,2198) class=android.widget.FrameLayout
         1789127534.424 20544 20544 D YTV2_DUMP: [32] parent=25 id=com.google.android.youtube:id/appbar_layout text='null' desc='null' bounds=(0,0,1080,368) class=android.widget.LinearLayout
         1789127534.424 20544 20544 D YTV2_DUMP: [33] parent=25 id=com.google.android.youtube:id/pane_fragment_contents text='null' desc='null' bounds=(0,368,1080,2198) class=android.widget.FrameLayout
         1789127534.424 20544 20544 D YTV2_DUMP: [34] parent=26 id=com.google.android.youtube:id/thumbnail_layout text='null' desc='null' bounds=(75,2210,141,2276) class=android.widget.FrameLayout
         1789127534.424 20544 20544 D YTV2_DUMP: [35] parent=26 id=com.google.android.youtube:id/text text='Home' desc='null' bounds=(67,2282,150,2319) class=android.widget.TextView
         1789127534.424 20544 20544 D YTV2_DUMP: [36] parent=27 id=com.google.android.youtube:id/thumbnail_layout text='null' desc='null' bounds=(291,2210,357,2276) class=android.widget.FrameLayout
         1789127534.425 20544 20544 D YTV2_DUMP: [37] parent=27 id=com.google.android.youtube:id/text text='Shorts' desc='null' bounds=(279,2282,369,2319) class=android.widget.TextView
         1789127534.425 20544 20544 D YTV2_DUMP: [38] parent=28 id=com.google.android.youtube:id/image text='null' desc='null' bounds=(491,2216,590,2315) class=android.widget.ImageView
         1789127534.425 20544 20544 D YTV2_DUMP: [39] parent=29 id=com.google.android.youtube:id/thumbnail_layout text='null' desc='null' bounds=(723,2210,789,2276) class=android.widget.FrameLayout
         1789127534.425 20544 20544 D YTV2_DUMP: [40] parent=29 id=com.google.android.youtube:id/new_content_dot text='null' desc='New content available' bounds=(761,2204,794,2237) class=android.view.View
         1789127534.425 20544 20544 D YTV2_DUMP: [41] parent=29 id=com.google.android.youtube:id/text text='Subscriptions' desc='null' bounds=(666,2282,847,2319) class=android.widget.TextView
         1789127534.425 20544 20544 D YTV2_DUMP: [42] parent=30 id=com.google.android.youtube:id/thumbnail_layout text='null' desc='null' bounds=(939,2210,1005,2276) class=android.widget.FrameLayout
         1789127534.425 20544 20544 D YTV2_DUMP: [43] parent=30 id=com.google.android.youtube:id/text text='You' desc='null' bounds=(946,2282,999,2319) class=android.widget.TextView
         1789127534.425 20544 20544 D YTV2_DUMP: [44] parent=31 id=com.google.android.youtube:id/pane_fragment_background_alpha_overlay text='null' desc='null' bounds=(0,0,1080,2198) class=android.view.View
         1789127534.425 20544 20544 D YTV2_DUMP: [45] parent=32 id=com.google.android.youtube:id/toolbar_container text='null' desc='null' bounds=(0,0,1080,236) class=android.widget.FrameLayout
         1789127534.426 20544 20544 D YTV2_DUMP: [46] parent=32 id=com.google.android.youtube:id/filter_bar text='null' desc='null' bounds=(0,236,1080,368) class=android.widget.LinearLayout
         1789127534.426 20544 20544 D YTV2_DUMP: [47] parent=33 id=com.google.android.youtube:id/loading_layout text='null' desc='null' bounds=(0,368,1080,2198) class=android.widget.FrameLayout
         1789127534.426 20544 20544 D YTV2_DUMP: [48] parent=34 id=com.google.android.youtube:id/image text='null' desc='null' bounds=(75,2210,141,2276) class=android.widget.ImageView
         1789127534.426 20544 20544 D YTV2_DUMP: [49] parent=36 id=com.google.android.youtube:id/image text='null' desc='null' bounds=(291,2210,357,2276) class=android.widget.ImageView
         1789127534.426 20544 20544 D YTV2_DUMP: [50] parent=39 id=com.google.android.youtube:id/image text='null' desc='null' bounds=(723,2210,789,2276) class=android.widget.ImageView
         1789127534.426 20544 20544 D YTV2_DUMP: [51] parent=42 id=com.google.android.youtube:id/pivot_bar_thumbnail text='null' desc='null' bounds=(939,2210,1005,2276) class=android.widget.ImageView
         1789127534.426 20544 20544 D YTV2_DUMP: [52] parent=45 id=com.google.android.youtube:id/collapsing_header_container text='null' desc='null' bounds=(0,104,1080,104) class=android.widget.FrameLayout
         1789127534.426 20544 20544 D YTV2_DUMP: [53] parent=45 id=com.google.android.youtube:id/toolbar text='null' desc='null' bounds=(0,104,1080,236) class=android.view.ViewGroup
         1789127534.426 20544 20544 D YTV2_DUMP: [54] parent=46 id=null text='null' desc='filters' bounds=(0,236,1080,368) class=android.support.v7.widget.RecyclerView
         1789127534.426 20544 20544 D YTV2_DUMP: [55] parent=47 id=null text='null' desc='null' bounds=(0,368,1080,2198) class=android.view.ViewGroup
         1789127534.426 20544 20544 D YTV2_DUMP: [56] parent=53 id=null text='null' desc='null' bounds=(0,104,816,236) class=android.widget.FrameLayout
         1789127534.426 20544 20544 D YTV2_DUMP: [57] parent=53 id=null text='null' desc='null' bounds=(816,104,1080,236) class=android.support.v7.widget.LinearLayoutCompat
         1789127534.426 20544 20544 D YTV2_DUMP: [58] parent=54 id=null text='null' desc='Explore menu' bounds=(33,258,149,346) class=android.widget.Button
         1789127534.426 20544 20544 D YTV2_DUMP: [59] parent=54 id=null text='null' desc='null' bounds=(171,258,171,346) class=android.view.View
         1789127534.427 20544 20544 D YTV2_DUMP: [60] parent=54 id=null text='null' desc='null' bounds=(193,258,310,346) class=android.widget.LinearLayout
         1789127534.427 20544 20544 D YTV2_DUMP: [61] parent=54 id=null text='null' desc='null' bounds=(332,258,515,346) class=android.widget.LinearLayout
         1789127534.427 20544 20544 D YTV2_DUMP: [62] parent=54 id=null text='null' desc='null' bounds=(537,258,784,346) class=android.widget.LinearLayout
         1789127534.427 20544 20544 D YTV2_DUMP: [63] parent=54 id=null text='null' desc='null' bounds=(806,258,1080,346) class=android.widget.LinearLayout
         1789127534.427 20544 20544 D YTV2_DUMP: [64] parent=54 id=null text='null' desc='null' bounds=(1598,258,1080,346) class=android.widget.LinearLayout
         1789127534.427 20544 20544 D YTV2_DUMP: [65] parent=54 id=null text='null' desc='null' bounds=(1800,258,1080,346) class=android.widget.LinearLayout
         1789127534.427 20544 20544 D YTV2_DUMP: [66] parent=54 id=null text='null' desc='null' bounds=(2005,258,1080,346) class=android.widget.LinearLayout
         1789127534.427 20544 20544 D YTV2_DUMP: [67] parent=55 id=com.google.android.youtube:id/results text='null' desc='null' bounds=(0,368,1080,2198) class=android.support.v7.widget.RecyclerView
         1789127534.427 20544 20544 D YTV2_DUMP: [68] parent=56 id=com.google.android.youtube:id/youtube_logo text='null' desc='YouTube' bounds=(0,104,336,236) class=android.widget.ImageView
         1789127534.427 20544 20544 D YTV2_DUMP: [69] parent=57 id=com.google.android.youtube:id/menu_item_0 text='null' desc='null' bounds=(816,104,948,236) class=android.widget.FrameLayout
         1789127534.427 20544 20544 D YTV2_DUMP: [70] parent=57 id=com.google.android.youtube:id/menu_item_1 text='null' desc='null' bounds=(948,104,1080,236) class=android.widget.FrameLayout
         1789127534.427 20544 20544 D YTV2_DUMP: [71] parent=58 id=null text='null' desc='null' bounds=(58,269,124,335) class=android.widget.ImageView
         1789127534.427 20544 20544 D YTV2_DUMP: [72] parent=60 id=com.google.android.youtube:id/chip_cloud_chip_modern_text text='All' desc='null' bounds=(193,258,310,346) class=android.widget.TextView
         1789127534.427 20544 20544 D YTV2_DUMP: [73] parent=61 id=com.google.android.youtube:id/chip_cloud_chip_modern_text text='Music' desc='null' bounds=(332,258,515,346) class=android.widget.TextView
         1789127534.427 20544 20544 D YTV2_DUMP: [74] parent=62 id=com.google.android.youtube:id/chip_cloud_chip_modern_text text='Podcasts' desc='null' bounds=(537,258,784,346) class=android.widget.TextView
         1789127534.428 20544 20544 D YTV2_DUMP: [75] parent=63 id=com.google.android.youtube:id/chip_cloud_chip_modern_text text='Combined Graduate Level Examination' desc='null' bounds=(806,258,1080,346) class=android.widget.TextView
         1789127534.428 20544 20544 D YTV2_DUMP: [76] parent=64 id=com.google.android.youtube:id/chip_cloud_chip_modern_text text='Mixes' desc='null' bounds=(1598,258,1080,346) class=android.widget.TextView
         1789127534.428 20544 20544 D YTV2_DUMP: [77] parent=65 id=com.google.android.youtube:id/chip_cloud_chip_modern_text text='Satire' desc='null' bounds=(1800,258,1080,346) class=android.widget.TextView
         1789127534.428 20544 20544 D YTV2_DUMP: [78] parent=66 id=com.google.android.youtube:id/chip_cloud_chip_modern_text text='Live' desc='null' bounds=(2005,258,1080,346) class=android.widget.TextView
         1789127534.428 20544 20544 D YTV2_DUMP: [79] parent=67 id=null text='null' desc='null' bounds=(0,368,1080,1724) class=android.view.ViewGroup
         1789127534.428 20544 20544 D YTV2_DUMP: [80] parent=67 id=null text='null' desc='null' bounds=(0,1746,1080,2198) class=android.view.ViewGroup
         1789127534.428 20544 20544 D YTV2_DUMP: [81] parent=69 id=null text='null' desc='null' bounds=(816,104,948,236) class=android.view.ViewGroup
         1789127534.428 20544 20544 D YTV2_DUMP: [82] parent=70 id=null text='null' desc='null' bounds=(948,104,1080,236) class=android.view.ViewGroup
         1789127534.428 20544 20544 D YTV2_DUMP: [83] parent=79 id=null text='null' desc='Sponsored – Turn scattered data into instant insights with the Gemini Enterprise app – 16 seconds – Securely connect the Gemini Enterprise app to Microsoft 365, Jira, Hubspot, and more. – Google Cloud - Link opens in new window' bounds=(0,368,1080,1724) class=android.widget.Button
         1789127534.428 20544 20544 D YTV2_DUMP: [84] parent=79 id=null text='null' desc='null' bounds=(0,1449,1080,1724) class=android.view.ViewGroup
         1789127534.428 20544 20544 D YTV2_DUMP: [85] parent=80 id=null text='null' desc='SSC CGL 2027 | PARMAR'S MATHS FOUNDATION BATCH | COMPLETE STRATEGY – 48 minutes, 41 seconds – Go to channel PARMAR SSC – PARMAR SSC, verified - 27K views - 5 hours ago – play video' bounds=(0,1746,1080,2198) class=android.widget.Button
         1789127534.428 20544 20544 D YTV2_DUMP: [86] parent=81 id=com.google.android.youtube:id/menu_item_view text='null' desc='Notifications' bounds=(816,104,948,236) class=android.widget.ImageView
         1789127534.428 20544 20544 D YTV2_DUMP: [87] parent=82 id=com.google.android.youtube:id/menu_item_view text='null' desc='Search' bounds=(948,104,1080,236) class=android.widget.ImageView
         1789127534.428 20544 20544 D YTV2_DUMP: [88] parent=83 id=null text='null' desc='null' bounds=(0,368,1080,1448) class=android.view.ViewGroup
         1789127534.428 20544 20544 D YTV2_DUMP: [89] parent=83 id=null text='null' desc='null' bounds=(989,1357,1066,1434) class=android.widget.ImageView
         1789127534.429 20544 20544 D YTV2_DUMP: [90] parent=83 id=null text='null' desc='null' bounds=(0,1448,1080,1691) class=android.view.ViewGroup
         1789127534.429 20544 20544 D YTV2_DUMP: [91] parent=83 id=null text='null' desc='null' bounds=(551,1691,1047,1691) class=android.view.ViewGroup
         1789127534.429 20544 20544 D YTV2_DUMP: [92] parent=83 id=null text='null' desc='null' bounds=(33,1691,529,1691) class=android.view.ViewGroup
         1789127534.429 20544 20544 D YTV2_DUMP: [93] parent=85 id=null text='null' desc='null' bounds=(0,1746,1080,2198) class=android.view.ViewGroup
         1789127534.429 20544 20544 D YTV2_DUMP: [94] parent=88 id=null text='null' desc='null' bounds=(0,368,1080,1448) class=android.widget.ImageView
         1789127534.429 20544 20544 D YTV2_DUMP: [95] parent=88 id=null text='null' desc='null' bounds=(0,368,1080,1448) class=android.view.ViewGroup
         1789127534.429 20544 20544 D YTV2_DUMP: [96] parent=90 id=null text='null' desc='null' bounds=(33,1481,132,1580) class=android.widget.ImageView
         1789127534.429 20544 20544 D YTV2_DUMP: [97] parent=90 id=null text='null' desc='More options' bounds=(970,1481,1036,1547) class=android.widget.Button
         1789127534.429 20544 20544 D YTV2_DUMP: [98] parent=90 id=null text='null' desc='null' bounds=(165,1598,165,1598) class=android.view.ViewGroup
         1789127534.429 20544 20544 D YTV2_DUMP: [99] parent=90 id=null text='null' desc='null' bounds=(165,1609,377,1658) class=android.view.ViewGroup
         1789127534.429 20544 20544 D YTV2_DUMP: [100] parent=90 id=null text='null' desc='null' bounds=(388,1609,616,1658) class=android.view.ViewGroup
         1789127534.429 20544 20544 D YTV2_DUMP: [101] parent=93 id=null text='null' desc='null' bounds=(0,1746,1080,2198) class=android.widget.ImageView
         1789127534.429 20544 20544 D YTV2_DUMP: [102] parent=93 id=null text='null' desc='null' bounds=(0,1746,1080,2198) class=android.view.ViewGroup
         1789127534.429 20544 20544 D YTV2_DUMP: [103] parent=95 id=null text='null' desc='null' bounds=(0,368,1080,1448) class=android.widget.ImageView
         1789127534.429 20544 20544 D YTV2_DUMP: [104] parent=99 id=null text='Sponsored' desc='Sponsored' bounds=(165,1609,348,1658) class=android.view.ViewGroup
         1789127534.429 20544 20544 D YTV2_DUMP: [105] parent=100 id=null text='Google Cloud' desc='Google Cloud' bounds=(388,1609,616,1658) class=android.view.ViewGroup
         1789127534.430 20544 20544 D YTV2_DUMP: [106] parent=102 id=null text='null' desc='null' bounds=(0,1746,1080,2198) class=android.widget.ImageView
         1789127534.442 20544 20544 D YTV2_DUMP: --> PARSED: kind=NON_PLAYBACK watchConfirmed=false title='null' handle='null' display='null' channelId='null'
         1789127534.932 20544 20544 D YTV2_DUMP: [0] parent=null id=null text='null' desc='null' bounds=(0,0,1080,2460) class=android.widget.FrameLayout
         1789127534.933 20544 20544 D YTV2_DUMP: [1] parent=0 id=null text='null' desc='null' bounds=(0,0,1080,2460) class=android.widget.LinearLayout
         1789127534.933 20544 20544 D YTV2_DUMP: [2] parent=0 id=android:id/navigationBarBackground text='null' desc='null' bounds=(0,2330,1080,2460) class=android.view.View
         1789127534.934 20544 20544 D YTV2_DUMP: [3] parent=1 id=null text='null' desc='null' bounds=(0,0,1080,2460) class=android.widget.FrameLayout
         1789127534.934 20544 20544 D YTV2_DUMP: [4] parent=3 id=com.google.android.youtube:id/action_bar_root text='null' desc='null' bounds=(0,0,1080,2460) class=android.widget.LinearLayout
         1789127534.934 20544 20544 D YTV2_DUMP: [5] parent=4 id=android:id/content text='null' desc='null' bounds=(0,0,1080,2460) class=android.widget.FrameLayout
         1789127534.934 20544 20544 D YTV2_DUMP: [6] parent=5 id=com.google.android.youtube:id/more_drawer_container text='null' desc='null' bounds=(0,0,1080,2460) class=androidx.drawerlayout.widget.DrawerLayout
         1789127534.934 20544 20544 D YTV2_DUMP: [7] parent=5 id=com.google.android.youtube:id/reel_time_bar text='null' desc='null' bounds=(0,0,1080,2460) class=android.view.ViewGroup
         1789127534.935 20544 20544 D YTV2_DUMP: [8] parent=6 id=com.google.android.youtube:id/slim_status_bar_player_container text='null' desc='null' bounds=(0,0,1080,2460) class=android.widget.FrameLayout
         1789127534.935 20544 20544 D YTV2_DUMP: [9] parent=8 id=com.google.android.youtube:id/navigation_bar_divider_frame text='null' desc='null' bounds=(0,0,1080,2330) class=android.view.ViewGroup
         1789127534.935 20544 20544 D YTV2_DUMP: [10] parent=8 id=null text='null' desc='null' bounds=(0,0,1080,104) class=android.widget.FrameLayout
         1789127534.935 20544 20544 D YTV2_DUMP: [11] parent=8 id=null text='null' desc='null' bounds=(0,0,3,3) class=android.view.View
         1789127534.936 20544 20544 D YTV2_DUMP: [12] parent=9 id=com.google.android.youtube:id/global_slim_status_bar_container text='null' desc='null' bounds=(0,0,1080,2330) class=android.widget.FrameLayout
         1789127534.936 20544 20544 D YTV2_DUMP: [13] parent=9 id=com.google.android.youtube:id/accessibility_layer_container text='null' desc='null' bounds=(0,0,1080,2330) class=android.widget.FrameLayout
         1789127534.936 20544 20544 D YTV2_DUMP: [14] parent=10 id=com.google.android.youtube:id/global_status_bar_view text='null' desc='null' bounds=(0,0,1080,104) class=android.view.View
         1789127534.936 20544 20544 D YTV2_DUMP: [15] parent=13 id=com.google.android.youtube:id/fullscreen_mode_container text='null' desc='null' bounds=(0,0,1080,0) class=android.widget.FrameLayout
         1789127534.936 20544 20544 D YTV2_DUMP: [16] parent=13 id=com.google.android.youtube:id/next_gen_watch_container_layout text='null' desc='null' bounds=(0,0,1080,2330) class=android.view.ViewGroup
         1789127534.936 20544 20544 D YTV2_DUMP: [17] parent=13 id=com.google.android.youtube:id/bottom_bar_container text='null' desc='null' bounds=(0,2198,1080,2330) class=android.widget.LinearLayout
         1789127534.937 20544 20544 D YTV2_DUMP: [18] parent=16 id=com.google.android.youtube:id/watch_while_layout_coordinator_layout text='null' desc='null' bounds=(0,0,1080,2330) class=android.view.ViewGroup
         1789127534.937 20544 20544 D YTV2_DUMP: [19] parent=17 id=com.google.android.youtube:id/pivot_bar text='null' desc='null' bounds=(0,2198,1080,2330) class=android.widget.HorizontalScrollView
         1789127534.937 20544 20544 D YTV2_DUMP: [20] parent=18 id=com.google.android.youtube:id/fab_container text='null' desc='null' bounds=(0,0,1080,2330) class=android.widget.FrameLayout
         1789127534.937 20544 20544 D YTV2_DUMP: [21] parent=18 id=com.google.android.youtube:id/pane_fragment_container text='null' desc='null' bounds=(0,0,1080,2330) class=android.widget.FrameLayout
         1789127534.937 20544 20544 D YTV2_DUMP: [22] parent=18 id=com.google.android.youtube:id/root_pill_container text='null' desc='null' bounds=(0,2220,1080,2220) class=android.widget.FrameLayout
         1789127534.937 20544 20544 D YTV2_DUMP: [23] parent=18 id=com.google.android.youtube:id/pane_fragment_footer_container text='null' desc='null' bounds=(0,2330,1080,2330) class=android.widget.FrameLayout
         1789127534.938 20544 20544 D YTV2_DUMP: [24] parent=19 id=null text='null' desc='null' bounds=(0,2198,1080,2330) class=android.widget.LinearLayout
         1789127534.938 20544 20544 D YTV2_DUMP: [25] parent=21 id=com.google.android.youtube:id/inline_player_container text='null' desc='null' bounds=(0,0,1080,2198) class=android.view.ViewGroup
         1789127534.938 20544 20544 D YTV2_DUMP: [26] parent=21 id=com.google.android.youtube:id/inline_player_overlay_container text='null' desc='null' bounds=(0,0,1080,2198) class=android.view.ViewGroup
         1789127534.938 20544 20544 D YTV2_DUMP: [27] parent=21 id=com.google.android.youtube:id/browse_fragment_layout_coordinator_layout text='null' desc='null' bounds=(0,0,1080,2198) class=android.widget.ScrollView
         1789127534.938 20544 20544 D YTV2_DUMP: [28] parent=24 id=null text='null' desc='Home' bounds=(0,2198,216,2330) class=android.widget.Button
         1789127534.938 20544 20544 D YTV2_DUMP: [29] parent=24 id=null text='null' desc='Shorts' bounds=(216,2198,432,2330) class=android.widget.Button
         1789127534.939 20544 20544 D YTV2_DUMP: [30] parent=24 id=null text='null' desc='Create' bounds=(432,2198,648,2330) class=android.widget.Button
         1789127534.939 20544 20544 D YTV2_DUMP: [31] parent=24 id=null text='null' desc='Subscriptions: New content is available' bounds=(648,2198,864,2330) class=android.widget.Button
         1789127534.939 20544 20544 D YTV2_DUMP: [32] parent=24 id=null text='null' desc='You' bounds=(864,2198,1080,2330) class=android.widget.Button
         1789127534.939 20544 20544 D YTV2_DUMP: [33] parent=25 id=com.google.android.youtube:id/player_fragment_container text='null' desc='null' bounds=(0,368,1080,1448) class=android.widget.FrameLayout
         1789127534.939 20544 20544 D YTV2_DUMP: [34] parent=26 id=null text='null' desc='null' bounds=(0,368,1080,2198) class=android.widget.FrameLayout
         1789127534.939 20544 20544 D YTV2_DUMP: [35] parent=26 id=com.google.android.youtube:id/player_overlays text='null' desc='null' bounds=(0,368,1080,1448) class=android.view.ViewGroup
         1789127534.939 20544 20544 D YTV2_DUMP: [36] parent=27 id=com.google.android.youtube:id/pane_fragment_background_container text='null' desc='null' bounds=(0,0,1080,2198) class=android.widget.FrameLayout
         1789127534.939 20544 20544 D YTV2_DUMP: [37] parent=27 id=com.google.android.youtube:id/appbar_layout text='null' desc='null' bounds=(0,0,1080,368) class=android.widget.LinearLayout
         1789127534.939 20544 20544 D YTV2_DUMP: [38] parent=27 id=com.google.android.youtube:id/pane_fragment_contents text='null' desc='null' bounds=(0,368,1080,2198) class=android.widget.FrameLayout
         1789127534.939 20544 20544 D YTV2_DUMP: [39] parent=28 id=com.google.android.youtube:id/thumbnail_layout text='null' desc='null' bounds=(75,2210,141,2276) class=android.widget.FrameLayout
         1789127534.939 20544 20544 D YTV2_DUMP: [40] parent=28 id=com.google.android.youtube:id/text text='Home' desc='null' bounds=(67,2282,150,2319) class=android.widget.TextView
         1789127534.939 20544 20544 D YTV2_DUMP: [41] parent=29 id=com.google.android.youtube:id/thumbnail_layout text='null' desc='null' bounds=(291,2210,357,2276) class=android.widget.FrameLayout
         1789127534.940 20544 20544 D YTV2_DUMP: [42] parent=29 id=com.google.android.youtube:id/text text='Shorts' desc='null' bounds=(279,2282,369,2319) class=android.widget.TextView
         1789127534.940 20544 20544 D YTV2_DUMP: [43] parent=30 id=com.google.android.youtube:id/image text='null' desc='null' bounds=(491,2216,590,2315) class=android.widget.ImageView
         1789127534.940 20544 20544 D YTV2_DUMP: [44] parent=31 id=com.google.android.youtube:id/thumbnail_layout text='null' desc='null' bounds=(723,2210,789,2276) class=android.widget.FrameLayout
         1789127534.940 20544 20544 D YTV2_DUMP: [45] parent=31 id=com.google.android.youtube:id/new_content_dot text='null' desc='New content available' bounds=(761,2204,794,2237) class=android.view.View
         1789127534.940 20544 20544 D YTV2_DUMP: [46] parent=31 id=com.google.android.youtube:id/text text='Subscriptions' desc='null' bounds=(666,2282,847,2319) class=android.widget.TextView
         1789127534.940 20544 20544 D YTV2_DUMP: [47] parent=32 id=com.google.android.youtube:id/thumbnail_layout text='null' desc='null' bounds=(939,2210,1005,2276) class=android.widget.FrameLayout
         1789127534.940 20544 20544 D YTV2_DUMP: [48] parent=32 id=com.google.android.youtube:id/text text='You' desc='null' bounds=(946,2282,999,2319) class=android.widget.TextView
         1789127534.940 20544 20544 D YTV2_DUMP: [49] parent=33 id=com.google.android.youtube:id/player_view text='null' desc='null' bounds=(0,368,1080,1448) class=android.view.ViewGroup
         1789127534.940 20544 20544 D YTV2_DUMP: [50] parent=34 id=com.google.android.youtube:id/inline_playback_time_bar text='null' desc='null' bounds=(0,368,1080,1495) class=android.view.ViewGroup
         1789127534.940 20544 20544 D YTV2_DUMP: [51] parent=35 id=com.google.android.youtube:id/player_overlays_custom_views_container text='null' desc='null' bounds=(0,368,1080,1448) class=android.widget.FrameLayout
         1789127534.940 20544 20544 D YTV2_DUMP: [52] parent=35 id=null text='null' desc='null' bounds=(0,368,1080,1448) class=android.widget.FrameLayout
         1789127534.940 20544 20544 D YTV2_DUMP: [53] parent=36 id=com.google.android.youtube:id/pane_fragment_background_alpha_overlay text='null' desc='null' bounds=(0,0,1080,2198) class=android.view.View
         1789127534.940 20544 20544 D YTV2_DUMP: [54] parent=37 id=com.google.android.youtube:id/toolbar_container text='null' desc='null' bounds=(0,0,1080,236) class=android.widget.FrameLayout
         1789127534.940 20544 20544 D YTV2_DUMP: [55] parent=37 id=com.google.android.youtube:id/filter_bar text='null' desc='null' bounds=(0,236,1080,368) class=android.widget.LinearLayout
         1789127534.940 20544 20544 D YTV2_DUMP: [56] parent=38 id=com.google.android.youtube:id/loading_layout text='null' desc='null' bounds=(0,368,1080,2198) class=android.widget.FrameLayout
         1789127534.940 20544 20544 D YTV2_DUMP: [57] parent=39 id=com.google.android.youtube:id/image text='null' desc='null' bounds=(75,2210,141,2276) class=android.widget.ImageView
         1789127534.940 20544 20544 D YTV2_DUMP: [58] parent=41 id=com.google.android.youtube:id/image text='null' desc='null' bounds=(291,2210,357,2276) class=android.widget.ImageView
         1789127534.940 20544 20544 D YTV2_DUMP: [59] parent=44 id=com.google.android.youtube:id/image text='null' desc='null' bounds=(723,2210,789,2276) class=android.widget.ImageView
         1789127534.940 20544 20544 D YTV2_DUMP: [60] parent=47 id=com.google.android.youtube:id/pivot_bar_thumbnail text='null' desc='null' bounds=(939,2210,1005,2276) class=android.widget.ImageView
         1789127534.941 20544 20544 D YTV2_DUMP: [61] parent=49 id=null text='null' desc='null' bounds=(0,368,1080,1448) class=android.view.ViewGroup
         1789127534.941 20544 20544 D YTV2_DUMP: [62] parent=52 id=null text='null' desc='null' bounds=(0,368,1080,1448) class=android.view.ViewGroup
         1789127534.941 20544 20544 D YTV2_DUMP: [63] parent=54 id=com.google.android.youtube:id/collapsing_header_container text='null' desc='null' bounds=(0,104,1080,104) class=android.widget.FrameLayout
         1789127534.941 20544 20544 D YTV2_DUMP: [64] parent=54 id=com.google.android.youtube:id/toolbar text='null' desc='null' bounds=(0,104,1080,236) class=android.view.ViewGroup
         1789127534.941 20544 20544 D YTV2_DUMP: [65] parent=55 id=null text='null' desc='filters' bounds=(0,236,1080,368) class=android.support.v7.widget.RecyclerView
         1789127534.941 20544 20544 D YTV2_DUMP: [66] parent=56 id=null text='null' desc='null' bounds=(0,368,1080,2198) class=android.view.ViewGroup
         1789127534.941 20544 20544 D YTV2_DUMP: [67] parent=61 id=null text='null' desc='null' bounds=(0,368,1080,1448) class=android.view.ViewGroup
         1789127534.941 20544 20544 D YTV2_DUMP: [68] parent=62 id=com.google.android.youtube:id/subtitle text='null' desc='null' bounds=(0,368,1080,1372) class=android.widget.FrameLayout
         1789127534.941 20544 20544 D YTV2_DUMP: [69] parent=62 id=com.google.android.youtube:id/top_ui_controls text='null' desc='null' bounds=(948,368,1058,632) class=android.widget.LinearLayout
         1789127534.941 20544 20544 D YTV2_DUMP: [70] parent=62 id=com.google.android.youtube:id/status_bar text='null' desc='null' bounds=(1058,1371,1080,1448) class=android.widget.LinearLayout
         1789127534.941 20544 20544 D YTV2_DUMP: [71] parent=64 id=null text='null' desc='null' bounds=(0,104,816,236) class=android.widget.FrameLayout
         1789127534.941 20544 20544 D YTV2_DUMP: [72] parent=64 id=null text='null' desc='null' bounds=(816,104,1080,236) class=android.support.v7.widget.LinearLayoutCompat
         1789127534.941 20544 20544 D YTV2_DUMP: [73] parent=65 id=null text='null' desc='Explore menu' bounds=(33,258,149,346) class=android.widget.Button
         1789127534.941 20544 20544 D YTV2_DUMP: [74] parent=65 id=null text='null' desc='null' bounds=(171,258,171,346) class=android.view.View
         1789127534.941 20544 20544 D YTV2_DUMP: [75] parent=65 id=null text='null' desc='null' bounds=(193,258,310,346) class=android.widget.LinearLayout
         1789127534.941 20544 20544 D YTV2_DUMP: [76] parent=65 id=null text='null' desc='null' bounds=(332,258,515,346) class=android.widget.LinearLayout
         1789127534.941 20544 20544 D YTV2_DUMP: [77] parent=65 id=null text='null' desc='null' bounds=(537,258,784,346) class=android.widget.LinearLayout
         1789127534.941 20544 20544 D YTV2_DUMP: [78] parent=65 id=null text='null' desc='null' bounds=(806,258,1080,346) class=android.widget.LinearLayout
         1789127534.942 20544 20544 D YTV2_DUMP: [79] parent=65 id=null text='null' desc='null' bounds=(1598,258,1080,346) class=android.widget.LinearLayout
         1789127534.942 20544 20544 D YTV2_DUMP: [80] parent=65 id=null text='null' desc='null' bounds=(1800,258,1080,346) class=android.widget.LinearLayout
         1789127534.942 20544 20544 D YTV2_DUMP: [81] parent=65 id=null text='null' desc='null' bounds=(2005,258,1080,346) class=android.widget.LinearLayout
         1789127534.942 20544 20544 D YTV2_DUMP: [82] parent=66 id=com.google.android.youtube:id/results text='null' desc='null' bounds=(0,368,1080,2198) class=android.support.v7.widget.RecyclerView
         1789127534.942 20544 20544 D YTV2_DUMP: [83] parent=67 id=null text='null' desc='null' bounds=(0,368,1080,1448) class=android.view.View
         1789127534.942 20544 20544 D YTV2_DUMP: [84] parent=67 id=null text='null' desc='null' bounds=(0,368,1080,1448) class=android.view.View
         1789127534.942 20544 20544 D YTV2_DUMP: [85] parent=69 id=com.google.android.youtube:id/audio_cc_button_layout text='null' desc='null' bounds=(948,368,1058,632) class=android.widget.LinearLayout
         1789127534.942 20544 20544 D YTV2_DUMP: [86] parent=70 id=com.google.android.youtube:id/autoplay_loading_view_container text='null' desc='null' bounds=(1058,1423,1058,1423) class=android.widget.FrameLayout
         1789127534.942 20544 20544 D YTV2_DUMP: [87] parent=71 id=com.google.android.youtube:id/youtube_logo text='null' desc='YouTube' bounds=(0,104,336,236) class=android.widget.ImageView
         1789127534.942 20544 20544 D YTV2_DUMP: [88] parent=72 id=com.google.android.youtube:id/menu_item_0 text='null' desc='null' bounds=(816,104,948,236) class=android.widget.FrameLayout
         1789127534.942 20544 20544 D YTV2_DUMP: [89] parent=72 id=com.google.android.youtube:id/menu_item_1 text='null' desc='null' bounds=(948,104,1080,236) class=android.widget.FrameLayout
         1789127534.942 20544 20544 D YTV2_DUMP: [90] parent=73 id=null text='null' desc='null' bounds=(58,269,124,335) class=android.widget.ImageView
         1789127534.942 20544 20544 D YTV2_DUMP: [91] parent=75 id=com.google.android.youtube:id/chip_cloud_chip_modern_text text='All' desc='null' bounds=(193,258,310,346) class=android.widget.TextView
         1789127534.942 20544 20544 D YTV2_DUMP: [92] parent=76 id=com.google.android.youtube:id/chip_cloud_chip_modern_text text='Music' desc='null' bounds=(332,258,515,346) class=android.widget.TextView
         1789127534.943 20544 20544 D YTV2_DUMP: [93] parent=77 id=com.google.android.youtube:id/chip_cloud_chip_modern_text text='Podcasts' desc='null' bounds=(537,258,784,346) class=android.widget.TextView
         1789127534.943 20544 20544 D YTV2_DUMP: [94] parent=78 id=com.google.android.youtube:id/chip_cloud_chip_modern_text text='Combined Graduate Level Examination' desc='null' bounds=(806,258,1080,346) class=android.widget.TextView
         1789127534.943 20544 20544 D YTV2_DUMP: [95] parent=79 id=com.google.android.youtube:id/chip_cloud_chip_modern_text text='Mixes' desc='null' bounds=(1598,258,1080,346) class=android.widget.TextView
         1789127534.943 20544 20544 D YTV2_DUMP: [96] parent=80 id=com.google.android.youtube:id/chip_cloud_chip_modern_text text='Satire' desc='null' bounds=(1800,258,1080,346) class=android.widget.TextView
         1789127534.943 20544 20544 D YTV2_DUMP: [97] parent=81 id=com.google.android.youtube:id/chip_cloud_chip_modern_text text='Live' desc='null' bounds=(2005,258,1080,346) class=android.widget.TextView
         1789127534.943 20544 20544 D YTV2_DUMP: [98] parent=82 id=null text='null' desc='null' bounds=(0,368,1080,1724) class=android.view.ViewGroup
         1789127534.943 20544 20544 D YTV2_DUMP: [99] parent=82 id=null text='null' desc='null' bounds=(0,1746,1080,2198) class=android.view.ViewGroup
         1789127534.943 20544 20544 D YTV2_DUMP: [100] parent=85 id=com.google.android.youtube:id/audio_toggle_container text='null' desc='null' bounds=(948,390,1058,500) class=android.widget.FrameLayout
         1789127534.943 20544 20544 D YTV2_DUMP: [101] parent=85 id=com.google.android.youtube:id/caption_toggle_container text='null' desc='null' bounds=(948,522,1058,632) class=android.widget.FrameLayout
         1789127534.943 20544 20544 D YTV2_DUMP: [102] parent=88 id=null text='null' desc='null' bounds=(816,104,948,236) class=android.view.ViewGroup
         1789127534.943 20544 20544 D YTV2_DUMP: [103] parent=89 id=null text='null' desc='null' bounds=(948,104,1080,236) class=android.view.ViewGroup
         1789127534.943 20544 20544 D YTV2_DUMP: [104] parent=98 id=null text='null' desc='Sponsored – Turn scattered data into instant insights with the Gemini Enterprise app – 16 seconds – Securely connect the Gemini Enterprise app to Microsoft 365, Jira, Hubspot, and more. – Google Cloud - Link opens in new window' bounds=(0,368,1080,1724) class=android.widget.Button
         1789127534.943 20544 20544 D YTV2_DUMP: [105] parent=98 id=null text='null' desc='null' bounds=(0,1449,1080,1724) class=android.view.ViewGroup
         1789127534.943 20544 20544 D YTV2_DUMP: [106] parent=99 id=null text='null' desc='SSC CGL 2027 | PARMAR'S MATHS FOUNDATION BATCH | COMPLETE STRATEGY – 48 minutes, 41 seconds – Go to channel PARMAR SSC – PARMAR SSC, verified - 27K views - 5 hours ago – play video' bounds=(0,1746,1080,2198) class=android.widget.Button
         1789127534.943 20544 20544 D YTV2_DUMP: [107] parent=100 id=com.google.android.youtube:id/audio_toggle text='null' desc='Tap to mute or unmute playback audio' bounds=(948,390,1058,500) class=android.widget.ImageView
         1789127534.943 20544 20544 D YTV2_DUMP: [108] parent=101 id=com.google.android.youtube:id/caption_toggle text='null' desc='Captions unavailable' bounds=(948,522,1058,632) class=android.widget.TextView
         1789127534.943 20544 20544 D YTV2_DUMP: [109] parent=102 id=com.google.android.youtube:id/menu_item_view text='null' desc='Notifications' bounds=(816,104,948,236) class=android.widget.ImageView
         1789127534.943 20544 20544 D YTV2_DUMP: [110] parent=103 id=com.google.android.youtube:id/menu_item_view text='null' desc='Search' bounds=(948,104,1080,236) class=android.widget.ImageView
         1789127534.943 20544 20544 D YTV2_DUMP: [111] parent=104 id=null text='null' desc='null' bounds=(0,368,1080,1448) class=android.view.ViewGroup
         1789127534.944 20544 20544 D YTV2_DUMP: [112] parent=104 id=null text='null' desc='null' bounds=(989,1357,1066,1434) class=android.widget.ImageView
         1789127534.944 20544 20544 D YTV2_DUMP: [113] parent=104 id=null text='null' desc='null' bounds=(0,1448,1080,1691) class=android.view.ViewGroup
         1789127534.944 20544 20544 D YTV2_DUMP: [114] parent=104 id=null text='null' desc='null' bounds=(551,1691,1047,1691) class=android.view.ViewGroup
         1789127534.944 20544 20544 D YTV2_DUMP: [115] parent=104 id=null text='null' desc='null' bounds=(33,1691,529,1691) class=android.view.ViewGroup
         1789127534.944 20544 20544 D YTV2_DUMP: [116] parent=106 id=null text='null' desc='null' bounds=(0,1746,1080,2198) class=android.view.ViewGroup
         1789127534.944 20544 20544 D YTV2_DUMP: [117] parent=111 id=null text='null' desc='null' bounds=(0,368,1080,1448) class=android.widget.ImageView
         1789127534.944 20544 20544 D YTV2_DUMP: [118] parent=111 id=null text='null' desc='null' bounds=(0,368,1080,1448) class=android.view.ViewGroup
         1789127534.944 20544 20544 D YTV2_DUMP: [119] parent=113 id=null text='null' desc='null' bounds=(33,1481,132,1580) class=android.widget.ImageView
         1789127534.944 20544 20544 D YTV2_DUMP: [120] parent=113 id=null text='null' desc='More options' bounds=(970,1481,1036,1547) class=android.widget.Button
         1789127534.944 20544 20544 D YTV2_DUMP: [121] parent=113 id=null text='null' desc='null' bounds=(165,1598,165,1598) class=android.view.ViewGroup
         1789127534.944 20544 20544 D YTV2_DUMP: [122] parent=113 id=null text='null' desc='null' bounds=(165,1609,377,1658) class=android.view.ViewGroup
         1789127534.944 20544 20544 D YTV2_DUMP: [123] parent=113 id=null text='null' desc='null' bounds=(388,1609,616,1658) class=android.view.ViewGroup
         1789127534.944 20544 20544 D YTV2_DUMP: [124] parent=116 id=null text='null' desc='null' bounds=(0,1746,1080,2198) class=android.widget.ImageView
         1789127534.944 20544 20544 D YTV2_DUMP: [125] parent=116 id=null text='null' desc='null' bounds=(0,1746,1080,2198) class=android.view.ViewGroup
         1789127534.944 20544 20544 D YTV2_DUMP: [126] parent=118 id=null text='null' desc='null' bounds=(0,368,1080,1448) class=android.widget.ImageView
         1789127534.944 20544 20544 D YTV2_DUMP: [127] parent=122 id=null text='Sponsored' desc='Sponsored' bounds=(165,1609,348,1658) class=android.view.ViewGroup
         1789127534.944 20544 20544 D YTV2_DUMP: [128] parent=123 id=null text='Google Cloud' desc='Google Cloud' bounds=(388,1609,616,1658) class=android.view.ViewGroup
         1789127534.944 20544 20544 D YTV2_DUMP: [129] parent=125 id=null text='null' desc='null' bounds=(0,1746,1080,2198) class=android.widget.ImageView
         1789127534.960 20544 20544 D YTV2_DUMP: --> PARSED: kind=NON_PLAYBACK watchConfirmed=false title='null' handle='null' display='null' channelId='null'
         1789127534.975 20544 20544 D YTV2_DUMP: [0] parent=null id=null text='null' desc='null' bounds=(0,0,1080,2460) class=android.widget.FrameLayout
         1789127534.975 20544 20544 D YTV2_DUMP: [1] parent=0 id=null text='null' desc='null' bounds=(0,0,1080,2460) class=android.widget.LinearLayout
         1789127534.975 20544 20544 D YTV2_DUMP: [2] parent=0 id=android:id/navigationBarBackground text='null' desc='null' bounds=(0,2330,1080,2460) class=android.view.View
         1789127534.975 20544 20544 D YTV2_DUMP: [3] parent=1 id=null text='null' desc='null' bounds=(0,0,1080,2460) class=android.widget.FrameLayout
         1789127534.975 20544 20544 D YTV2_DUMP: [4] parent=3 id=com.google.android.youtube:id/action_bar_root text='null' desc='null' bounds=(0,0,1080,2460) class=android.widget.LinearLayout
         1789127534.975 20544 20544 D YTV2_DUMP: [5] parent=4 id=android:id/content text='null' desc='null' bounds=(0,0,1080,2460) class=android.widget.FrameLayout
         1789127534.975 20544 20544 D YTV2_DUMP: [6] parent=5 id=com.google.android.youtube:id/more_drawer_container text='null' desc='null' bounds=(0,0,1080,2460) class=androidx.drawerlayout.widget.DrawerLayout
         1789127534.976 20544 20544 D YTV2_DUMP: [7] parent=5 id=com.google.android.youtube:id/reel_time_bar text='null' desc='null' bounds=(0,0,1080,2460) class=android.view.ViewGroup
         1789127534.976 20544 20544 D YTV2_DUMP: [8] parent=6 id=com.google.android.youtube:id/slim_status_bar_player_container text='null' desc='null' bounds=(0,0,1080,2460) class=android.widget.FrameLayout
         1789127534.976 20544 20544 D YTV2_DUMP: [9] parent=8 id=com.google.android.youtube:id/navigation_bar_divider_frame text='null' desc='null' bounds=(0,0,1080,2330) class=android.view.ViewGroup
         1789127534.976 20544 20544 D YTV2_DUMP: [10] parent=8 id=null text='null' desc='null' bounds=(0,0,1080,104) class=android.widget.FrameLayout
         1789127534.976 20544 20544 D YTV2_DUMP: [11] parent=8 id=null text='null' desc='null' bounds=(0,0,3,3) class=android.view.View
         1789127534.976 20544 20544 D YTV2_DUMP: [12] parent=9 id=com.google.android.youtube:id/global_slim_status_bar_container text='null' desc='null' bounds=(0,0,1080,2330) class=android.widget.FrameLayout
         1789127534.976 20544 20544 D YTV2_DUMP: [13] parent=9 id=com.google.android.youtube:id/accessibility_layer_container text='null' desc='null' bounds=(0,0,1080,2330) class=android.widget.FrameLayout
         1789127534.976 20544 20544 D YTV2_DUMP: [14] parent=10 id=com.google.android.youtube:id/global_status_bar_view text='null' desc='null' bounds=(0,0,1080,104) class=android.view.View
         1789127534.976 20544 20544 D YTV2_DUMP: [15] parent=13 id=com.google.android.youtube:id/fullscreen_mode_container text='null' desc='null' bounds=(0,0,1080,0) class=android.widget.FrameLayout
         1789127534.976 20544 20544 D YTV2_DUMP: [16] parent=13 id=com.google.android.youtube:id/next_gen_watch_container_layout text='null' desc='null' bounds=(0,0,1080,2330) class=android.view.ViewGroup
         1789127534.976 20544 20544 D YTV2_DUMP: [17] parent=13 id=com.google.android.youtube:id/bottom_bar_container text='null' desc='null' bounds=(0,2198,1080,2330) class=android.widget.LinearLayout
         1789127534.976 20544 20544 D YTV2_DUMP: [18] parent=16 id=com.google.android.youtube:id/watch_while_layout_coordinator_layout text='null' desc='null' bounds=(0,0,1080,2330) class=android.view.ViewGroup
         1789127534.976 20544 20544 D YTV2_DUMP: [19] parent=17 id=com.google.android.youtube:id/pivot_bar text='null' desc='null' bounds=(0,2198,1080,2330) class=android.widget.HorizontalScrollView
         1789127534.976 20544 20544 D YTV2_DUMP: [20] parent=18 id=com.google.android.youtube:id/fab_container text='null' desc='null' bounds=(0,0,1080,2330) class=android.widget.FrameLayout
         1789127534.976 20544 20544 D YTV2_DUMP: [21] parent=18 id=com.google.android.youtube:id/pane_fragment_container text='null' desc='null' bounds=(0,0,1080,2330) class=android.widget.FrameLayout
         1789127534.977 20544 20544 D YTV2_DUMP: [22] parent=18 id=com.google.android.youtube:id/root_pill_container text='null' desc='null' bounds=(0,2220,1080,2220) class=android.widget.FrameLayout
         1789127534.977 20544 20544 D YTV2_DUMP: [23] parent=18 id=com.google.android.youtube:id/pane_fragment_footer_container text='null' desc='null' bounds=(0,2330,1080,2330) class=android.widget.FrameLayout
         1789127534.977 20544 20544 D YTV2_DUMP: [24] parent=19 id=null text='null' desc='null' bounds=(0,2198,1080,2330) class=android.widget.LinearLayout
         1789127534.977 20544 20544 D YTV2_DUMP: [25] parent=21 id=com.google.android.youtube:id/inline_player_container text='null' desc='null' bounds=(0,0,1080,2198) class=android.view.ViewGroup
         1789127534.977 20544 20544 D YTV2_DUMP: [26] parent=21 id=com.google.android.youtube:id/inline_player_overlay_container text='null' desc='null' bounds=(0,0,1080,2198) class=android.view.ViewGroup
         1789127534.977 20544 20544 D YTV2_DUMP: [27] parent=21 id=com.google.android.youtube:id/browse_fragment_layout_coordinator_layout text='null' desc='null' bounds=(0,0,1080,2198) class=android.widget.ScrollView
         1789127534.977 20544 20544 D YTV2_DUMP: [28] parent=24 id=null text='null' desc='Home' bounds=(0,2198,216,2330) class=android.widget.Button
         1789127534.977 20544 20544 D YTV2_DUMP: [29] parent=24 id=null text='null' desc='Shorts' bounds=(216,2198,432,2330) class=android.widget.Button
         1789127534.977 20544 20544 D YTV2_DUMP: [30] parent=24 id=null text='null' desc='Create' bounds=(432,2198,648,2330) class=android.widget.Button
         1789127534.977 20544 20544 D YTV2_DUMP: [31] parent=24 id=null text='null' desc='Subscriptions: New content is available' bounds=(648,2198,864,2330) class=android.widget.Button
         1789127534.977 20544 20544 D YTV2_DUMP: [32] parent=24 id=null text='null' desc='You' bounds=(864,2198,1080,2330) class=android.widget.Button
         1789127534.977 20544 20544 D YTV2_DUMP: [33] parent=25 id=com.google.android.youtube:id/player_fragment_container text='null' desc='null' bounds=(0,368,1080,1448) class=android.widget.FrameLayout
         1789127534.977 20544 20544 D YTV2_DUMP: [34] parent=26 id=null text='null' desc='null' bounds=(0,368,1080,2198) class=android.widget.FrameLayout
         1789127534.977 20544 20544 D YTV2_DUMP: [35] parent=26 id=com.google.android.youtube:id/player_overlays text='null' desc='null' bounds=(0,368,1080,1448) class=android.view.ViewGroup
         1789127534.977 20544 20544 D YTV2_DUMP: [36] parent=27 id=com.google.android.youtube:id/pane_fragment_background_container text='null' desc='null' bounds=(0,0,1080,2198) class=android.widget.FrameLayout
         1789127534.977 20544 20544 D YTV2_DUMP: [37] parent=27 id=com.google.android.youtube:id/appbar_layout text='null' desc='null' bounds=(0,0,1080,368) class=android.widget.LinearLayout
         1789127534.978 20544 20544 D YTV2_DUMP: [38] parent=27 id=com.google.android.youtube:id/pane_fragment_contents text='null' desc='null' bounds=(0,368,1080,2198) class=android.widget.FrameLayout
         1789127534.978 20544 20544 D YTV2_DUMP: [39] parent=28 id=com.google.android.youtube:id/thumbnail_layout text='null' desc='null' bounds=(75,2210,141,2276) class=android.widget.FrameLayout
         1789127534.978 20544 20544 D YTV2_DUMP: [40] parent=28 id=com.google.android.youtube:id/text text='Home' desc='null' bounds=(67,2282,150,2319) class=android.widget.TextView
         1789127534.978 20544 20544 D YTV2_DUMP: [41] parent=29 id=com.google.android.youtube:id/thumbnail_layout text='null' desc='null' bounds=(291,2210,357,2276) class=android.widget.FrameLayout
         1789127534.978 20544 20544 D YTV2_DUMP: [42] parent=29 id=com.google.android.youtube:id/text text='Shorts' desc='null' bounds=(279,2282,369,2319) class=android.widget.TextView
         1789127534.978 20544 20544 D YTV2_DUMP: [43] parent=30 id=com.google.android.youtube:id/image text='null' desc='null' bounds=(491,2216,590,2315) class=android.widget.ImageView
         1789127534.978 20544 20544 D YTV2_DUMP: [44] parent=31 id=com.google.android.youtube:id/thumbnail_layout text='null' desc='null' bounds=(723,2210,789,2276) class=android.widget.FrameLayout
         1789127534.978 20544 20544 D YTV2_DUMP: [45] parent=31 id=com.google.android.youtube:id/new_content_dot text='null' desc='New content available' bounds=(761,2204,794,2237) class=android.view.View
         1789127534.978 20544 20544 D YTV2_DUMP: [46] parent=31 id=com.google.android.youtube:id/text text='Subscriptions' desc='null' bounds=(666,2282,847,2319) class=android.widget.TextView
         1789127534.978 20544 20544 D YTV2_DUMP: [47] parent=32 id=com.google.android.youtube:id/thumbnail_layout text='null' desc='null' bounds=(939,2210,1005,2276) class=android.widget.FrameLayout
         1789127534.978 20544 20544 D YTV2_DUMP: [48] parent=32 id=com.google.android.youtube:id/text text='You' desc='null' bounds=(946,2282,999,2319) class=android.widget.TextView
         1789127534.979 20544 20544 D YTV2_DUMP: [49] parent=33 id=com.google.android.youtube:id/player_view text='null' desc='null' bounds=(0,368,1080,1448) class=android.view.ViewGroup
         1789127534.979 20544 20544 D YTV2_DUMP: [50] parent=34 id=com.google.android.youtube:id/inline_playback_time_bar text='null' desc='null' bounds=(0,368,1080,1495) class=android.view.ViewGroup
         1789127534.979 20544 20544 D YTV2_DUMP: [51] parent=35 id=com.google.android.youtube:id/player_overlays_custom_views_container text='null' desc='null' bounds=(0,368,1080,1448) class=android.widget.FrameLayout
         1789127534.979 20544 20544 D YTV2_DUMP: [52] parent=35 id=null text='null' desc='null' bounds=(0,368,1080,1448) class=android.widget.FrameLayout
         1789127534.979 20544 20544 D YTV2_DUMP: [53] parent=36 id=com.google.android.youtube:id/pane_fragment_background_alpha_overlay text='null' desc='null' bounds=(0,0,1080,2198) class=android.view.View
         1789127534.979 20544 20544 D YTV2_DUMP: [54] parent=37 id=com.google.android.youtube:id/toolbar_container text='null' desc='null' bounds=(0,0,1080,236) class=android.widget.FrameLayout
         1789127534.979 20544 20544 D YTV2_DUMP: [55] parent=37 id=com.google.android.youtube:id/filter_bar text='null' desc='null' bounds=(0,236,1080,368) class=android.widget.LinearLayout
         1789127534.979 20544 20544 D YTV2_DUMP: [56] parent=38 id=com.google.android.youtube:id/loading_layout text='null' desc='null' bounds=(0,368,1080,2198) class=android.widget.FrameLayout
         1789127534.979 20544 20544 D YTV2_DUMP: [57] parent=39 id=com.google.android.youtube:id/image text='null' desc='null' bounds=(75,2210,141,2276) class=android.widget.ImageView
         1789127534.979 20544 20544 D YTV2_DUMP: [58] parent=41 id=com.google.android.youtube:id/image text='null' desc='null' bounds=(291,2210,357,2276) class=android.widget.ImageView
         1789127534.979 20544 20544 D YTV2_DUMP: [59] parent=44 id=com.google.android.youtube:id/image text='null' desc='null' bounds=(723,2210,789,2276) class=android.widget.ImageView
         1789127534.979 20544 20544 D YTV2_DUMP: [60] parent=47 id=com.google.android.youtube:id/pivot_bar_thumbnail text='null' desc='null' bounds=(939,2210,1005,2276) class=android.widget.ImageView
         1789127534.979 20544 20544 D YTV2_DUMP: [61] parent=49 id=null text='null' desc='null' bounds=(0,368,1080,1448) class=android.view.ViewGroup
         1789127534.979 20544 20544 D YTV2_DUMP: [62] parent=52 id=null text='null' desc='null' bounds=(0,368,1080,1448) class=android.view.ViewGroup
         1789127534.979 20544 20544 D YTV2_DUMP: [63] parent=54 id=com.google.android.youtube:id/collapsing_header_container text='null' desc='null' bounds=(0,104,1080,104) class=android.widget.FrameLayout
         1789127534.980 20544 20544 D YTV2_DUMP: [64] parent=54 id=com.google.android.youtube:id/toolbar text='null' desc='null' bounds=(0,104,1080,236) class=android.view.ViewGroup
         1789127534.980 20544 20544 D YTV2_DUMP: [65] parent=55 id=null text='null' desc='filters' bounds=(0,236,1080,368) class=android.support.v7.widget.RecyclerView
         1789127534.980 20544 20544 D YTV2_DUMP: [66] parent=56 id=null text='null' desc='null' bounds=(0,368,1080,2198) class=android.view.ViewGroup
         1789127534.980 20544 20544 D YTV2_DUMP: [67] parent=61 id=null text='null' desc='null' bounds=(0,368,1080,1448) class=android.view.ViewGroup
         1789127534.980 20544 20544 D YTV2_DUMP: [68] parent=62 id=com.google.android.youtube:id/subtitle text='null' desc='null' bounds=(0,368,1080,1372) class=android.widget.FrameLayout
         1789127534.980 20544 20544 D YTV2_DUMP: [69] parent=62 id=com.google.android.youtube:id/top_ui_controls text='null' desc='null' bounds=(948,368,1058,632) class=android.widget.LinearLayout
         1789127534.980 20544 20544 D YTV2_DUMP: [70] parent=62 id=com.google.android.youtube:id/status_bar text='null' desc='null' bounds=(1058,1371,1080,1448) class=android.widget.LinearLayout
         1789127534.980 20544 20544 D YTV2_DUMP: [71] parent=64 id=null text='null' desc='null' bounds=(0,104,816,236) class=android.widget.FrameLayout
         1789127534.980 20544 20544 D YTV2_DUMP: [72] parent=64 id=null text='null' desc='null' bounds=(816,104,1080,236) class=android.support.v7.widget.LinearLayoutCompat
         1789127534.980 20544 20544 D YTV2_DUMP: [73] parent=65 id=null text='null' desc='Explore menu' bounds=(33,258,149,346) class=android.widget.Button
         1789127534.980 20544 20544 D YTV2_DUMP: [74] parent=65 id=null text='null' desc='null' bounds=(171,258,171,346) class=android.view.View
         1789127534.980 20544 20544 D YTV2_DUMP: [75] parent=65 id=null text='null' desc='null' bounds=(193,258,310,346) class=android.widget.LinearLayout
         1789127534.980 20544 20544 D YTV2_DUMP: [76] parent=65 id=null text='null' desc='null' bounds=(332,258,515,346) class=android.widget.LinearLayout
         1789127534.980 20544 20544 D YTV2_DUMP: [77] parent=65 id=null text='null' desc='null' bounds=(537,258,784,346) class=android.widget.LinearLayout
         1789127534.980 20544 20544 D YTV2_DUMP: [78] parent=65 id=null text='null' desc='null' bounds=(806,258,1080,346) class=android.widget.LinearLayout
         1789127534.981 20544 20544 D YTV2_DUMP: [79] parent=65 id=null text='null' desc='null' bounds=(1598,258,1080,346) class=android.widget.LinearLayout
         1789127534.981 20544 20544 D YTV2_DUMP: [80] parent=65 id=null text='null' desc='null' bounds=(1800,258,1080,346) class=android.widget.LinearLayout
         1789127534.981 20544 20544 D YTV2_DUMP: [81] parent=65 id=null text='null' desc='null' bounds=(2005,258,1080,346) class=android.widget.LinearLayout
         1789127534.981 20544 20544 D YTV2_DUMP: [82] parent=66 id=com.google.android.youtube:id/results text='null' desc='null' bounds=(0,368,1080,2198) class=android.support.v7.widget.RecyclerView
         1789127534.981 20544 20544 D YTV2_DUMP: [83] parent=67 id=null text='null' desc='null' bounds=(0,368,1080,1448) class=android.view.View
         1789127534.981 20544 20544 D YTV2_DUMP: [84] parent=67 id=null text='null' desc='null' bounds=(0,368,1080,1448) class=android.view.View
         1789127534.981 20544 20544 D YTV2_DUMP: [85] parent=69 id=com.google.android.youtube:id/audio_cc_button_layout text='null' desc='null' bounds=(948,368,1058,632) class=android.widget.LinearLayout
         1789127534.981 20544 20544 D YTV2_DUMP: [86] parent=70 id=com.google.android.youtube:id/autoplay_loading_view_container text='null' desc='null' bounds=(1058,1423,1058,1423) class=android.widget.FrameLayout
         1789127534.981 20544 20544 D YTV2_DUMP: [87] parent=71 id=com.google.android.youtube:id/youtube_logo text='null' desc='YouTube' bounds=(0,104,336,236) class=android.widget.ImageView
         1789127534.981 20544 20544 D YTV2_DUMP: [88] parent=72 id=com.google.android.youtube:id/menu_item_0 text='null' desc='null' bounds=(816,104,948,236) class=android.widget.FrameLayout
         1789127534.981 20544 20544 D YTV2_DUMP: [89] parent=72 id=com.google.android.youtube:id/menu_item_1 text='null' desc='null' bounds=(948,104,1080,236) class=android.widget.FrameLayout
         1789127534.981 20544 20544 D YTV2_DUMP: [90] parent=73 id=null text='null' desc='null' bounds=(58,269,124,335) class=android.widget.ImageView
         1789127534.981 20544 20544 D YTV2_DUMP: [91] parent=75 id=com.google.android.youtube:id/chip_cloud_chip_modern_text text='All' desc='null' bounds=(193,258,310,346) class=android.widget.TextView
         1789127534.981 20544 20544 D YTV2_DUMP: [92] parent=76 id=com.google.android.youtube:id/chip_cloud_chip_modern_text text='Music' desc='null' bounds=(332,258,515,346) class=android.widget.TextView
         1789127534.981 20544 20544 D YTV2_DUMP: [93] parent=77 id=com.google.android.youtube:id/chip_cloud_chip_modern_text text='Podcasts' desc='null' bounds=(537,258,784,346) class=android.widget.TextView
         1789127534.982 20544 20544 D YTV2_DUMP: [94] parent=78 id=com.google.android.youtube:id/chip_cloud_chip_modern_text text='Combined Graduate Level Examination' desc='null' bounds=(806,258,1080,346) class=android.widget.TextView
         1789127534.982 20544 20544 D YTV2_DUMP: [95] parent=79 id=com.google.android.youtube:id/chip_cloud_chip_modern_text text='Mixes' desc='null' bounds=(1598,258,1080,346) class=android.widget.TextView
         1789127534.982 20544 20544 D YTV2_DUMP: [96] parent=80 id=com.google.android.youtube:id/chip_cloud_chip_modern_text text='Satire' desc='null' bounds=(1800,258,1080,346) class=android.widget.TextView
         1789127534.982 20544 20544 D YTV2_DUMP: [97] parent=81 id=com.google.android.youtube:id/chip_cloud_chip_modern_text text='Live' desc='null' bounds=(2005,258,1080,346) class=android.widget.TextView
         1789127534.982 20544 20544 D YTV2_DUMP: [98] parent=82 id=null text='null' desc='null' bounds=(0,368,1080,1724) class=android.view.ViewGroup
         1789127534.982 20544 20544 D YTV2_DUMP: [99] parent=82 id=null text='null' desc='null' bounds=(0,1746,1080,2198) class=android.view.ViewGroup
         1789127534.982 20544 20544 D YTV2_DUMP: [100] parent=85 id=com.google.android.youtube:id/audio_toggle_container text='null' desc='null' bounds=(948,390,1058,500) class=android.widget.FrameLayout
         1789127534.982 20544 20544 D YTV2_DUMP: [101] parent=85 id=com.google.android.youtube:id/caption_toggle_container text='null' desc='null' bounds=(948,522,1058,632) class=android.widget.FrameLayout
         1789127534.982 20544 20544 D YTV2_DUMP: [102] parent=88 id=null text='null' desc='null' bounds=(816,104,948,236) class=android.view.ViewGroup
         1789127534.982 20544 20544 D YTV2_DUMP: [103] parent=89 id=null text='null' desc='null' bounds=(948,104,1080,236) class=android.view.ViewGroup
         1789127534.982 20544 20544 D YTV2_DUMP: [104] parent=98 id=null text='null' desc='Sponsored – Turn scattered data into instant insights with the Gemini Enterprise app – 16 seconds – Securely connect the Gemini Enterprise app to Microsoft 365, Jira, Hubspot, and more. – Google Cloud - Link opens in new window' bounds=(0,368,1080,1724) class=android.widget.Button
         1789127534.983 20544 20544 D YTV2_DUMP: [105] parent=98 id=null text='null' desc='null' bounds=(0,1449,1080,1724) class=android.view.ViewGroup
         1789127534.983 20544 20544 D YTV2_DUMP: [106] parent=99 id=null text='null' desc='SSC CGL 2027 | PARMAR'S MATHS FOUNDATION BATCH | COMPLETE STRATEGY – 48 minutes, 41 seconds – Go to channel PARMAR SSC – PARMAR SSC, verified - 27K views - 5 hours ago – play video' bounds=(0,1746,1080,2198) class=android.widget.Button
         1789127534.983 20544 20544 D YTV2_DUMP: [107] parent=100 id=com.google.android.youtube:id/audio_toggle text='null' desc='Tap to mute or unmute playback audio' bounds=(948,390,1058,500) class=android.widget.ImageView
         1789127534.983 20544 20544 D YTV2_DUMP: [108] parent=101 id=com.google.android.youtube:id/caption_toggle text='null' desc='Captions unavailable' bounds=(948,522,1058,632) class=android.widget.TextView
         1789127534.983 20544 20544 D YTV2_DUMP: [109] parent=102 id=com.google.android.youtube:id/menu_item_view text='null' desc='Notifications' bounds=(816,104,948,236) class=android.widget.ImageView
         1789127534.983 20544 20544 D YTV2_DUMP: [110] parent=103 id=com.google.android.youtube:id/menu_item_view text='null' desc='Search' bounds=(948,104,1080,236) class=android.widget.ImageView
         1789127534.983 20544 20544 D YTV2_DUMP: [111] parent=104 id=null text='null' desc='null' bounds=(0,368,1080,1448) class=android.view.ViewGroup
         1789127534.983 20544 20544 D YTV2_DUMP: [112] parent=104 id=null text='null' desc='null' bounds=(989,1357,1066,1434) class=android.widget.ImageView
         1789127534.983 20544 20544 D YTV2_DUMP: [113] parent=104 id=null text='null' desc='null' bounds=(0,1448,1080,1691) class=android.view.ViewGroup
         1789127534.983 20544 20544 D YTV2_DUMP: [114] parent=104 id=null text='null' desc='null' bounds=(551,1691,1047,1691) class=android.view.ViewGroup
         1789127534.983 20544 20544 D YTV2_DUMP: [115] parent=104 id=null text='null' desc='null' bounds=(33,1691,529,1691) class=android.view.ViewGroup
         1789127534.983 20544 20544 D YTV2_DUMP: [116] parent=106 id=null text='null' desc='null' bounds=(0,1746,1080,2198) class=android.view.ViewGroup
         1789127534.983 20544 20544 D YTV2_DUMP: [117] parent=111 id=null text='null' desc='null' bounds=(0,368,1080,1448) class=android.widget.ImageView
         1789127534.984 20544 20544 D YTV2_DUMP: [118] parent=111 id=null text='null' desc='null' bounds=(0,368,1080,1448) class=android.view.ViewGroup
         1789127534.984 20544 20544 D YTV2_DUMP: [119] parent=113 id=null text='null' desc='null' bounds=(33,1481,132,1580) class=android.widget.ImageView
         1789127534.984 20544 20544 D YTV2_DUMP: [120] parent=113 id=null text='null' desc='More options' bounds=(970,1481,1036,1547) class=android.widget.Button
         1789127534.984 20544 20544 D YTV2_DUMP: [121] parent=113 id=null text='null' desc='null' bounds=(165,1598,165,1598) class=android.view.ViewGroup
         1789127534.984 20544 20544 D YTV2_DUMP: [122] parent=113 id=null text='null' desc='null' bounds=(165,1609,377,1658) class=android.view.ViewGroup
         1789127534.984 20544 20544 D YTV2_DUMP: [123] parent=113 id=null text='null' desc='null' bounds=(388,1609,616,1658) class=android.view.ViewGroup
         1789127534.984 20544 20544 D YTV2_DUMP: [124] parent=116 id=null text='null' desc='null' bounds=(0,1746,1080,2198) class=android.widget.ImageView
         1789127534.984 20544 20544 D YTV2_DUMP: [125] parent=116 id=null text='null' desc='null' bounds=(0,1746,1080,2198) class=android.view.ViewGroup
         1789127534.984 20544 20544 D YTV2_DUMP: [126] parent=118 id=null text='null' desc='null' bounds=(0,368,1080,1448) class=android.widget.ImageView
         1789127534.984 20544 20544 D YTV2_DUMP: [127] parent=122 id=null text='Sponsored' desc='Sponsored' bounds=(165,1609,348,1658) class=android.view.ViewGroup
         1789127534.984 20544 20544 D YTV2_DUMP: [128] parent=123 id=null text='Google Cloud' desc='Google Cloud' bounds=(388,1609,616,1658) class=android.view.ViewGroup
         1789127534.984 20544 20544 D YTV2_DUMP: [129] parent=125 id=null text='null' desc='null' bounds=(0,1746,1080,2198) class=android.widget.ImageView
         1789127535.001 20544 20544 D YTV2_DUMP: --> PARSED: kind=NON_PLAYBACK watchConfirmed=false title='null' handle='null' display='null' channelId='null'
         1789127535.317 20544 20544 D YTV2_DUMP: [0] parent=null id=null text='null' desc='null' bounds=(0,0,1080,2460) class=android.widget.FrameLayout
         1789127535.317 20544 20544 D YTV2_DUMP: [1] parent=0 id=null text='null' desc='null' bounds=(0,0,1080,2460) class=android.widget.LinearLayout
         1789127535.317 20544 20544 D YTV2_DUMP: [2] parent=0 id=android:id/navigationBarBackground text='null' desc='null' bounds=(0,2330,1080,2460) class=android.view.View
         1789127535.317 20544 20544 D YTV2_DUMP: [3] parent=1 id=null text='null' desc='null' bounds=(0,0,1080,2460) class=android.widget.FrameLayout
         1789127535.317 20544 20544 D YTV2_DUMP: [4] parent=3 id=com.google.android.youtube:id/action_bar_root text='null' desc='null' bounds=(0,0,1080,2460) class=android.widget.LinearLayout
         1789127535.317 20544 20544 D YTV2_DUMP: [5] parent=4 id=android:id/content text='null' desc='null' bounds=(0,0,1080,2460) class=android.widget.FrameLayout
         1789127535.317 20544 20544 D YTV2_DUMP: [6] parent=5 id=com.google.android.youtube:id/more_drawer_container text='null' desc='null' bounds=(0,0,1080,2460) class=androidx.drawerlayout.widget.DrawerLayout
         1789127535.318 20544 20544 D YTV2_DUMP: [7] parent=5 id=com.google.android.youtube:id/reel_time_bar text='null' desc='null' bounds=(0,0,1080,2460) class=android.view.ViewGroup
         1789127535.318 20544 20544 D YTV2_DUMP: [8] parent=6 id=com.google.android.youtube:id/slim_status_bar_player_container text='null' desc='null' bounds=(0,0,1080,2460) class=android.widget.FrameLayout
         1789127535.318 20544 20544 D YTV2_DUMP: [9] parent=8 id=com.google.android.youtube:id/navigation_bar_divider_frame text='null' desc='null' bounds=(0,0,1080,2330) class=android.view.ViewGroup
         1789127535.318 20544 20544 D YTV2_DUMP: [10] parent=8 id=null text='null' desc='null' bounds=(0,0,1080,104) class=android.widget.FrameLayout
         1789127535.318 20544 20544 D YTV2_DUMP: [11] parent=8 id=null text='null' desc='null' bounds=(0,0,3,3) class=android.view.View
         1789127535.318 20544 20544 D YTV2_DUMP: [12] parent=9 id=com.google.android.youtube:id/global_slim_status_bar_container text='null' desc='null' bounds=(0,0,1080,2330) class=android.widget.FrameLayout
         1789127535.318 20544 20544 D YTV2_DUMP: [13] parent=9 id=com.google.android.youtube:id/accessibility_layer_container text='null' desc='null' bounds=(0,0,1080,2330) class=android.widget.FrameLayout
         1789127535.318 20544 20544 D YTV2_DUMP: [14] parent=10 id=com.google.android.youtube:id/global_status_bar_view text='null' desc='null' bounds=(0,0,1080,104) class=android.view.View
         1789127535.318 20544 20544 D YTV2_DUMP: [15] parent=13 id=com.google.android.youtube:id/fullscreen_mode_container text='null' desc='null' bounds=(0,0,1080,0) class=android.widget.FrameLayout
         1789127535.318 20544 20544 D YTV2_DUMP: [16] parent=13 id=com.google.android.youtube:id/next_gen_watch_container_layout text='null' desc='null' bounds=(0,0,1080,2330) class=android.view.ViewGroup
         1789127535.318 20544 20544 D YTV2_DUMP: [17] parent=13 id=com.google.android.youtube:id/bottom_bar_container text='null' desc='null' bounds=(0,2198,1080,2330) class=android.widget.LinearLayout
         1789127535.318 20544 20544 D YTV2_DUMP: [18] parent=16 id=com.google.android.youtube:id/watch_while_layout_coordinator_layout text='null' desc='null' bounds=(0,0,1080,2330) class=android.view.ViewGroup
         1789127535.318 20544 20544 D YTV2_DUMP: [19] parent=17 id=com.google.android.youtube:id/pivot_bar text='null' desc='null' bounds=(0,2198,1080,2330) class=android.widget.HorizontalScrollView
         1789127535.318 20544 20544 D YTV2_DUMP: [20] parent=18 id=com.google.android.youtube:id/fab_container text='null' desc='null' bounds=(0,0,1080,2330) class=android.widget.FrameLayout
         1789127535.318 20544 20544 D YTV2_DUMP: [21] parent=18 id=com.google.android.youtube:id/pane_fragment_container text='null' desc='null' bounds=(0,0,1080,2330) class=android.widget.FrameLayout
         1789127535.319 20544 20544 D YTV2_DUMP: [22] parent=18 id=com.google.android.youtube:id/root_pill_container text='null' desc='null' bounds=(0,2220,1080,2220) class=android.widget.FrameLayout
         1789127535.319 20544 20544 D YTV2_DUMP: [23] parent=18 id=com.google.android.youtube:id/pane_fragment_footer_container text='null' desc='null' bounds=(0,2330,1080,2330) class=android.widget.FrameLayout
         1789127535.319 20544 20544 D YTV2_DUMP: [24] parent=19 id=null text='null' desc='null' bounds=(0,2198,1080,2330) class=android.widget.LinearLayout
         1789127535.319 20544 20544 D YTV2_DUMP: [25] parent=21 id=com.google.android.youtube:id/inline_player_container text='null' desc='null' bounds=(0,0,1080,2198) class=android.view.ViewGroup
         1789127535.319 20544 20544 D YTV2_DUMP: [26] parent=21 id=com.google.android.youtube:id/inline_player_overlay_container text='null' desc='null' bounds=(0,0,1080,2198) class=android.view.ViewGroup
         1789127535.319 20544 20544 D YTV2_DUMP: [27] parent=21 id=com.google.android.youtube:id/browse_fragment_layout_coordinator_layout text='null' desc='null' bounds=(0,0,1080,2198) class=android.widget.ScrollView
         1789127535.319 20544 20544 D YTV2_DUMP: [28] parent=24 id=null text='null' desc='Home' bounds=(0,2198,216,2330) class=android.widget.Button
         1789127535.319 20544 20544 D YTV2_DUMP: [29] parent=24 id=null text='null' desc='Shorts' bounds=(216,2198,432,2330) class=android.widget.Button
         1789127535.319 20544 20544 D YTV2_DUMP: [30] parent=24 id=null text='null' desc='Create' bounds=(432,2198,648,2330) class=android.widget.Button
         1789127535.319 20544 20544 D YTV2_DUMP: [31] parent=24 id=null text='null' desc='Subscriptions: New content is available' bounds=(648,2198,864,2330) class=android.widget.Button
         1789127535.319 20544 20544 D YTV2_DUMP: [32] parent=24 id=null text='null' desc='You' bounds=(864,2198,1080,2330) class=android.widget.Button
         1789127535.319 20544 20544 D YTV2_DUMP: [33] parent=25 id=com.google.android.youtube:id/player_fragment_container text='null' desc='null' bounds=(0,368,1080,1448) class=android.widget.FrameLayout
         1789127535.319 20544 20544 D YTV2_DUMP: [34] parent=26 id=null text='null' desc='null' bounds=(0,368,1080,2198) class=android.widget.FrameLayout
         1789127535.319 20544 20544 D YTV2_DUMP: [35] parent=26 id=com.google.android.youtube:id/player_overlays text='null' desc='null' bounds=(0,368,1080,1448) class=android.view.ViewGroup
         1789127535.319 20544 20544 D YTV2_DUMP: [36] parent=27 id=com.google.android.youtube:id/pane_fragment_background_container text='null' desc='null' bounds=(0,0,1080,2198) class=android.widget.FrameLayout
         1789127535.319 20544 20544 D YTV2_DUMP: [37] parent=27 id=com.google.android.youtube:id/appbar_layout text='null' desc='null' bounds=(0,0,1080,368) class=android.widget.LinearLayout
         1789127535.319 20544 20544 D YTV2_DUMP: [38] parent=27 id=com.google.android.youtube:id/pane_fragment_contents text='null' desc='null' bounds=(0,368,1080,2198) class=android.widget.FrameLayout
         1789127535.319 20544 20544 D YTV2_DUMP: [39] parent=28 id=com.google.android.youtube:id/thumbnail_layout text='null' desc='null' bounds=(75,2210,141,2276) class=android.widget.FrameLayout
         1789127535.319 20544 20544 D YTV2_DUMP: [40] parent=28 id=com.google.android.youtube:id/text text='Home' desc='null' bounds=(67,2282,150,2319) class=android.widget.TextView
         1789127535.319 20544 20544 D YTV2_DUMP: [41] parent=29 id=com.google.android.youtube:id/thumbnail_layout text='null' desc='null' bounds=(291,2210,357,2276) class=android.widget.FrameLayout
         1789127535.319 20544 20544 D YTV2_DUMP: [42] parent=29 id=com.google.android.youtube:id/text text='Shorts' desc='null' bounds=(279,2282,369,2319) class=android.widget.TextView
         1789127535.320 20544 20544 D YTV2_DUMP: [43] parent=30 id=com.google.android.youtube:id/image text='null' desc='null' bounds=(491,2216,590,2315) class=android.widget.ImageView
         1789127535.320 20544 20544 D YTV2_DUMP: [44] parent=31 id=com.google.android.youtube:id/thumbnail_layout text='null' desc='null' bounds=(723,2210,789,2276) class=android.widget.FrameLayout
         1789127535.320 20544 20544 D YTV2_DUMP: [45] parent=31 id=com.google.android.youtube:id/new_content_dot text='null' desc='New content available' bounds=(761,2204,794,2237) class=android.view.View
         1789127535.320 20544 20544 D YTV2_DUMP: [46] parent=31 id=com.google.android.youtube:id/text text='Subscriptions' desc='null' bounds=(666,2282,847,2319) class=android.widget.TextView
         1789127535.320 20544 20544 D YTV2_DUMP: [47] parent=32 id=com.google.android.youtube:id/thumbnail_layout text='null' desc='null' bounds=(939,2210,1005,2276) class=android.widget.FrameLayout
         1789127535.320 20544 20544 D YTV2_DUMP: [48] parent=32 id=com.google.android.youtube:id/text text='You' desc='null' bounds=(946,2282,999,2319) class=android.widget.TextView
         1789127535.320 20544 20544 D YTV2_DUMP: [49] parent=33 id=com.google.android.youtube:id/player_view text='null' desc='null' bounds=(0,368,1080,1448) class=android.view.ViewGroup
         1789127535.320 20544 20544 D YTV2_DUMP: [50] parent=34 id=com.google.android.youtube:id/inline_playback_time_bar text='null' desc='null' bounds=(0,368,1080,1495) class=android.view.ViewGroup
         1789127535.320 20544 20544 D YTV2_DUMP: [51] parent=35 id=com.google.android.youtube:id/player_overlays_custom_views_container text='null' desc='null' bounds=(0,368,1080,1448) class=android.widget.FrameLayout
         1789127535.320 20544 20544 D YTV2_DUMP: [52] parent=35 id=null text='null' desc='null' bounds=(0,368,1080,1448) class=android.widget.FrameLayout
         1789127535.320 20544 20544 D YTV2_DUMP: [53] parent=36 id=com.google.android.youtube:id/pane_fragment_background_alpha_overlay text='null' desc='null' bounds=(0,0,1080,2198) class=android.view.View
         1789127535.320 20544 20544 D YTV2_DUMP: [54] parent=37 id=com.google.android.youtube:id/toolbar_container text='null' desc='null' bounds=(0,0,1080,236) class=android.widget.FrameLayout
         1789127535.320 20544 20544 D YTV2_DUMP: [55] parent=37 id=com.google.android.youtube:id/filter_bar text='null' desc='null' bounds=(0,236,1080,368) class=android.widget.LinearLayout
         1789127535.320 20544 20544 D YTV2_DUMP: [56] parent=38 id=com.google.android.youtube:id/loading_layout text='null' desc='null' bounds=(0,368,1080,2198) class=android.widget.FrameLayout
         1789127535.320 20544 20544 D YTV2_DUMP: [57] parent=39 id=com.google.android.youtube:id/image text='null' desc='null' bounds=(75,2210,141,2276) class=android.widget.ImageView
         1789127535.320 20544 20544 D YTV2_DUMP: [58] parent=41 id=com.google.android.youtube:id/image text='null' desc='null' bounds=(291,2210,357,2276) class=android.widget.ImageView
         1789127535.320 20544 20544 D YTV2_DUMP: [59] parent=44 id=com.google.android.youtube:id/image text='null' desc='null' bounds=(723,2210,789,2276) class=android.widget.ImageView
         1789127535.320 20544 20544 D YTV2_DUMP: [60] parent=47 id=com.google.android.youtube:id/pivot_bar_thumbnail text='null' desc='null' bounds=(939,2210,1005,2276) class=android.widget.ImageView
         1789127535.320 20544 20544 D YTV2_DUMP: [61] parent=49 id=null text='null' desc='null' bounds=(0,368,1080,1448) class=android.view.ViewGroup
         1789127535.320 20544 20544 D YTV2_DUMP: [62] parent=52 id=null text='null' desc='null' bounds=(0,368,1080,1448) class=android.view.ViewGroup
         1789127535.321 20544 20544 D YTV2_DUMP: [63] parent=54 id=com.google.android.youtube:id/collapsing_header_container text='null' desc='null' bounds=(0,104,1080,104) class=android.widget.FrameLayout
         1789127535.321 20544 20544 D YTV2_DUMP: [64] parent=54 id=com.google.android.youtube:id/toolbar text='null' desc='null' bounds=(0,104,1080,236) class=android.view.ViewGroup
         1789127535.321 20544 20544 D YTV2_DUMP: [65] parent=55 id=null text='null' desc='filters' bounds=(0,236,1080,368) class=android.support.v7.widget.RecyclerView
         1789127535.321 20544 20544 D YTV2_DUMP: [66] parent=56 id=null text='null' desc='null' bounds=(0,368,1080,2198) class=android.view.ViewGroup
         1789127535.321 20544 20544 D YTV2_DUMP: [67] parent=61 id=null text='null' desc='null' bounds=(0,368,1080,1448) class=android.view.ViewGroup
         1789127535.321 20544 20544 D YTV2_DUMP: [68] parent=62 id=com.google.android.youtube:id/subtitle text='null' desc='null' bounds=(0,368,1080,1372) class=android.widget.FrameLayout
         1789127535.321 20544 20544 D YTV2_DUMP: [69] parent=62 id=com.google.android.youtube:id/top_ui_controls text='null' desc='null' bounds=(948,368,1058,632) class=android.widget.LinearLayout
         1789127535.321 20544 20544 D YTV2_DUMP: [70] parent=62 id=com.google.android.youtube:id/status_bar text='null' desc='null' bounds=(1058,1371,1080,1448) class=android.widget.LinearLayout
         1789127535.321 20544 20544 D YTV2_DUMP: [71] parent=64 id=null text='null' desc='null' bounds=(0,104,816,236) class=android.widget.FrameLayout
         1789127535.321 20544 20544 D YTV2_DUMP: [72] parent=64 id=null text='null' desc='null' bounds=(816,104,1080,236) class=android.support.v7.widget.LinearLayoutCompat
         1789127535.321 20544 20544 D YTV2_DUMP: [73] parent=65 id=null text='null' desc='Explore menu' bounds=(33,258,149,346) class=android.widget.Button
         1789127535.321 20544 20544 D YTV2_DUMP: [74] parent=65 id=null text='null' desc='null' bounds=(171,258,171,346) class=android.view.View
         1789127535.321 20544 20544 D YTV2_DUMP: [75] parent=65 id=null text='null' desc='null' bounds=(193,258,310,346) class=android.widget.LinearLayout
         1789127535.321 20544 20544 D YTV2_DUMP: [76] parent=65 id=null text='null' desc='null' bounds=(332,258,515,346) class=android.widget.LinearLayout
         1789127535.321 20544 20544 D YTV2_DUMP: [77] parent=65 id=null text='null' desc='null' bounds=(537,258,784,346) class=android.widget.LinearLayout
         1789127535.322 20544 20544 D YTV2_DUMP: [78] parent=65 id=null text='null' desc='null' bounds=(806,258,1080,346) class=android.widget.LinearLayout
         1789127535.322 20544 20544 D YTV2_DUMP: [79] parent=65 id=null text='null' desc='null' bounds=(1598,258,1080,346) class=android.widget.LinearLayout
         1789127535.322 20544 20544 D YTV2_DUMP: [80] parent=65 id=null text='null' desc='null' bounds=(1800,258,1080,346) class=android.widget.LinearLayout
         1789127535.322 20544 20544 D YTV2_DUMP: [81] parent=65 id=null text='null' desc='null' bounds=(2005,258,1080,346) class=android.widget.LinearLayout
         1789127535.322 20544 20544 D YTV2_DUMP: [82] parent=66 id=com.google.android.youtube:id/results text='null' desc='null' bounds=(0,368,1080,2198) class=android.support.v7.widget.RecyclerView
         1789127535.322 20544 20544 D YTV2_DUMP: [83] parent=67 id=null text='null' desc='null' bounds=(0,368,1080,1448) class=android.view.View
         1789127535.322 20544 20544 D YTV2_DUMP: [84] parent=67 id=null text='null' desc='null' bounds=(0,368,1080,1448) class=android.view.View
         1789127535.322 20544 20544 D YTV2_DUMP: [85] parent=69 id=com.google.android.youtube:id/audio_cc_button_layout text='null' desc='null' bounds=(948,368,1058,632) class=android.widget.LinearLayout
         1789127535.322 20544 20544 D YTV2_DUMP: [86] parent=70 id=com.google.android.youtube:id/autoplay_loading_view_container text='null' desc='null' bounds=(1058,1423,1058,1423) class=android.widget.FrameLayout
         1789127535.322 20544 20544 D YTV2_DUMP: [87] parent=71 id=com.google.android.youtube:id/youtube_logo text='null' desc='YouTube' bounds=(0,104,336,236) class=android.widget.ImageView
         1789127535.322 20544 20544 D YTV2_DUMP: [88] parent=72 id=com.google.android.youtube:id/menu_item_0 text='null' desc='null' bounds=(816,104,948,236) class=android.widget.FrameLayout
         1789127535.322 20544 20544 D YTV2_DUMP: [89] parent=72 id=com.google.android.youtube:id/menu_item_1 text='null' desc='null' bounds=(948,104,1080,236) class=android.widget.FrameLayout
         1789127535.322 20544 20544 D YTV2_DUMP: [90] parent=73 id=null text='null' desc='null' bounds=(58,269,124,335) class=android.widget.ImageView
         1789127535.322 20544 20544 D YTV2_DUMP: [91] parent=75 id=com.google.android.youtube:id/chip_cloud_chip_modern_text text='All' desc='null' bounds=(193,258,310,346) class=android.widget.TextView
         1789127535.322 20544 20544 D YTV2_DUMP: [92] parent=76 id=com.google.android.youtube:id/chip_cloud_chip_modern_text text='Music' desc='null' bounds=(332,258,515,346) class=android.widget.TextView
         1789127535.322 20544 20544 D YTV2_DUMP: [93] parent=77 id=com.google.android.youtube:id/chip_cloud_chip_modern_text text='Podcasts' desc='null' bounds=(537,258,784,346) class=android.widget.TextView
         1789127535.322 20544 20544 D YTV2_DUMP: [94] parent=78 id=com.google.android.youtube:id/chip_cloud_chip_modern_text text='Combined Graduate Level Examination' desc='null' bounds=(806,258,1080,346) class=android.widget.TextView
         1789127535.322 20544 20544 D YTV2_DUMP: [95] parent=79 id=com.google.android.youtube:id/chip_cloud_chip_modern_text text='Mixes' desc='null' bounds=(1598,258,1080,346) class=android.widget.TextView
         1789127535.322 20544 20544 D YTV2_DUMP: [96] parent=80 id=com.google.android.youtube:id/chip_cloud_chip_modern_text text='Satire' desc='null' bounds=(1800,258,1080,346) class=android.widget.TextView
         1789127535.323 20544 20544 D YTV2_DUMP: [97] parent=81 id=com.google.android.youtube:id/chip_cloud_chip_modern_text text='Live' desc='null' bounds=(2005,258,1080,346) class=android.widget.TextView
         1789127535.323 20544 20544 D YTV2_DUMP: [98] parent=82 id=null text='null' desc='null' bounds=(0,368,1080,1724) class=android.view.ViewGroup
         1789127535.323 20544 20544 D YTV2_DUMP: [99] parent=82 id=null text='null' desc='null' bounds=(0,1746,1080,2198) class=android.view.ViewGroup
         1789127535.323 20544 20544 D YTV2_DUMP: [100] parent=85 id=com.google.android.youtube:id/audio_toggle_container text='null' desc='null' bounds=(948,390,1058,500) class=android.widget.FrameLayout
         1789127535.323 20544 20544 D YTV2_DUMP: [101] parent=85 id=com.google.android.youtube:id/caption_toggle_container text='null' desc='null' bounds=(948,522,1058,632) class=android.widget.FrameLayout
         1789127535.323 20544 20544 D YTV2_DUMP: [102] parent=88 id=null text='null' desc='null' bounds=(816,104,948,236) class=android.view.ViewGroup
         1789127535.323 20544 20544 D YTV2_DUMP: [103] parent=89 id=null text='null' desc='null' bounds=(948,104,1080,236) class=android.view.ViewGroup
         1789127535.323 20544 20544 D YTV2_DUMP: [104] parent=98 id=null text='null' desc='Sponsored – Turn scattered data into instant insights with the Gemini Enterprise app – 16 seconds – Securely connect the Gemini Enterprise app to Microsoft 365, Jira, Hubspot, and more. – Google Cloud - Link opens in new window' bounds=(0,368,1080,1724) class=android.widget.Button
         1789127535.323 20544 20544 D YTV2_DUMP: [105] parent=98 id=null text='null' desc='null' bounds=(0,1449,1080,1724) class=android.view.ViewGroup
         1789127535.323 20544 20544 D YTV2_DUMP: [106] parent=99 id=null text='null' desc='SSC CGL 2027 | PARMAR'S MATHS FOUNDATION BATCH | COMPLETE STRATEGY – 48 minutes, 41 seconds – Go to channel PARMAR SSC – PARMAR SSC, verified - 27K views - 5 hours ago – play video' bounds=(0,1746,1080,2198) class=android.widget.Button
         1789127535.323 20544 20544 D YTV2_DUMP: [107] parent=100 id=com.google.android.youtube:id/audio_toggle text='null' desc='Tap to mute or unmute playback audio' bounds=(948,390,1058,500) class=android.widget.ImageView
         1789127535.323 20544 20544 D YTV2_DUMP: [108] parent=101 id=com.google.android.youtube:id/caption_toggle text='null' desc='Captions unavailable' bounds=(948,522,1058,632) class=android.widget.TextView
         1789127535.323 20544 20544 D YTV2_DUMP: [109] parent=102 id=com.google.android.youtube:id/menu_item_view text='null' desc='Notifications' bounds=(816,104,948,236) class=android.widget.ImageView
         1789127535.323 20544 20544 D YTV2_DUMP: [110] parent=103 id=com.google.android.youtube:id/menu_item_view text='null' desc='Search' bounds=(948,104,1080,236) class=android.widget.ImageView
         1789127535.323 20544 20544 D YTV2_DUMP: [111] parent=104 id=null text='null' desc='null' bounds=(0,368,1080,1448) class=android.view.ViewGroup
         1789127535.324 20544 20544 D YTV2_DUMP: [112] parent=104 id=null text='null' desc='null' bounds=(989,1357,1066,1434) class=android.widget.ImageView
         1789127535.324 20544 20544 D YTV2_DUMP: [113] parent=104 id=null text='null' desc='null' bounds=(0,1448,1080,1691) class=android.view.ViewGroup
         1789127535.324 20544 20544 D YTV2_DUMP: [114] parent=104 id=null text='null' desc='null' bounds=(551,1691,1047,1691) class=android.view.ViewGroup
         1789127535.324 20544 20544 D YTV2_DUMP: [115] parent=104 id=null text='null' desc='null' bounds=(33,1691,529,1691) class=android.view.ViewGroup
         1789127535.324 20544 20544 D YTV2_DUMP: [116] parent=106 id=null text='null' desc='null' bounds=(0,1746,1080,2198) class=android.view.ViewGroup
         1789127535.324 20544 20544 D YTV2_DUMP: [117] parent=111 id=null text='null' desc='null' bounds=(0,368,1080,1448) class=android.widget.ImageView
         1789127535.324 20544 20544 D YTV2_DUMP: [118] parent=111 id=null text='null' desc='null' bounds=(0,368,1080,1448) class=android.view.ViewGroup
         1789127535.324 20544 20544 D YTV2_DUMP: [119] parent=113 id=null text='null' desc='null' bounds=(33,1481,132,1580) class=android.widget.ImageView
         1789127535.324 20544 20544 D YTV2_DUMP: [120] parent=113 id=null text='null' desc='More options' bounds=(970,1481,1036,1547) class=android.widget.Button
         1789127535.324 20544 20544 D YTV2_DUMP: [121] parent=113 id=null text='null' desc='null' bounds=(165,1598,165,1598) class=android.view.ViewGroup
         1789127535.324 20544 20544 D YTV2_DUMP: [122] parent=113 id=null text='null' desc='null' bounds=(165,1609,377,1658) class=android.view.ViewGroup
         1789127535.324 20544 20544 D YTV2_DUMP: [123] parent=113 id=null text='null' desc='null' bounds=(388,1609,616,1658) class=android.view.ViewGroup
         1789127535.324 20544 20544 D YTV2_DUMP: [124] parent=116 id=null text='null' desc='null' bounds=(0,1746,1080,2198) class=android.widget.ImageView
         1789127535.324 20544 20544 D YTV2_DUMP: [125] parent=116 id=null text='null' desc='null' bounds=(0,1746,1080,2198) class=android.view.ViewGroup
         1789127535.324 20544 20544 D YTV2_DUMP: [126] parent=118 id=null text='null' desc='null' bounds=(0,368,1080,1448) class=android.widget.ImageView
         1789127535.324 20544 20544 D YTV2_DUMP: [127] parent=122 id=null text='Sponsored' desc='Sponsored' bounds=(165,1609,348,1658) class=android.view.ViewGroup
         1789127535.325 20544 20544 D YTV2_DUMP: [128] parent=123 id=null text='Google Cloud' desc='Google Cloud' bounds=(388,1609,616,1658) class=android.view.ViewGroup
         1789127535.325 20544 20544 D YTV2_DUMP: [129] parent=125 id=null text='null' desc='null' bounds=(0,1746,1080,2198) class=android.widget.ImageView
         1789127535.340 20544 20544 D YTV2_DUMP: --> PARSED: kind=NON_PLAYBACK watchConfirmed=false title='null' handle='null' display='null' channelId='null'
         1789128312.675 30365 30365 D YTV2_DEBUG: t=331796334 tapAgeMs=-1 OBSERVATION fullscreen=false ad=false
         1789128312.675 30365 30365 D YTV2_DUMP: --> PARSED: kind=NON_PLAYBACK watchConfirmed=false title='null' handle='null' display='null' channelId='null'
         1789128315.846 30365 30365 D YTV2_DEBUG: t=331799504 tapAgeMs=-1 OBSERVATION fullscreen=false ad=false
         1789128315.846 30365 30365 D YTV2_DUMP: --> PARSED: kind=SHORTS watchConfirmed=true title='null' handle='null' display='null' channelId='null'
         1789128315.852 30365 30365 D YTV2_DEBUG: t=331799510 tapAgeMs=-1 SHEET shorts
         1789128315.869 30365 30365 D YTV2_DEBUG: t=331799527 tapAgeMs=5 CLICK id=null label=null
         1789128316.482 30365 30365 D YTV2_DEBUG: t=331800141 tapAgeMs=14 CLICK id=null label=Home
         1789128316.696 30365 30365 D YTV2_DEBUG: t=331800354 tapAgeMs=3 CLICK id=null label=Home
         1789128317.242 30365 30365 D YTV2_DEBUG: t=331800901 tapAgeMs=550 OBSERVATION fullscreen=false ad=false
         1789128317.242 30365 30365 D YTV2_DUMP: --> PARSED: kind=NON_PLAYBACK watchConfirmed=false title='null' handle='null' display='null' channelId='null'
         1789128317.265 30365 30365 D YTV2_DEBUG: t=331800924 tapAgeMs=0 CLICK id=null label=Home
         1789128319.099 30365 30365 D YTV2_DEBUG: t=331802757 tapAgeMs=10 CLICK id=null label=null
         1789128319.320 30365 30365 D YTV2_DEBUG: t=331802978 tapAgeMs=231 OBSERVATION fullscreen=false ad=false
         1789128319.320 30365 30365 D YTV2_DUMP: --> PARSED: kind=VIDEO watchConfirmed=true title='SSC CGL 2027 | PARMAR'S MATHS FOUNDATION BATCH | COMPLETE STRATEGY' handle='null' display='null' channelId='null'
         1789128320.456 30365 30365 D YTV2_DEBUG: t=331804114 tapAgeMs=1367 OBSERVATION fullscreen=false ad=false
         1789128320.456 30365 30365 D YTV2_DUMP: --> PARSED: kind=VIDEO watchConfirmed=true title='like this video along with 1,119 other people' handle='null' display='PARMAR SSC' channelId='null'
         1789128321.747 30365 30365 D YTV2_DEBUG: decide() START: title='like this video along with 1,119 other people' handle='null' display='PARMAR SSC' channelId='null'
         1789128321.750 30365 30405 D YTV2_DEBUG: initial evaluation: decision=BLOCK channelId=null classification=OTHERS
         1789128321.763 30365 30428 D YTV2_DEBUG: registerDiscoveredHandle result: identity=null
         1789128321.764 30365 30428 D YTV2_DEBUG: final evaluation: decision=BLOCK channelId=null classification=OTHERS
         1789128330.427 30365 30365 D YTV2_DEBUG: t=331814085 tapAgeMs=11338 ACTION return_home
