key,screens,English,Hindi,Hinglish,audit flags,review status
achievement_unlocked_body,DashboardViewModel,You unlocked: %1$s,आपने अनलॉक किया: %1$s,apne unlock kiya: %1$s,,Needs human review
achievement_unlocked_title,DashboardViewModel,Achievement Unlocked! 🏆,नई अचीवमेंट मिली! 🏆,Achievement Unlocked! 🏆,,Needs human review
achievements_active,AchievementsScreen,Set active,Active,Active,Latin text in Hindi: inspect names/technical terms,Needs human review
achievements_earned_count,AchievementsScreen,%1$d Earned,%1$d मिले,%1$d mile,,Needs human review
achievements_earned_mark,AchievementsScreen,✓ Earned,✓ मिल गया,✓ mila gaya,,Needs human review
achievements_empty,AchievementsScreen,No achievements currently,अभी कोई achievement नहीं है,abhi koi achievement nahi hai,Latin text in Hindi: inspect names/technical terms,Needs human review
achievements_filter_badges,AchievementsScreen,Achievements filter badges,Badges,Badges,Latin text in Hindi: inspect names/technical terms,Needs human review
achievements_filter_earned,AchievementsScreen,Achievements filter earned,मिले हुए,mile hue,,Needs human review
achievements_filter_titles,AchievementsScreen,Achievements filter titles,Titles,Titles,Latin text in Hindi: inspect names/technical terms,Needs human review
achievements_locked,AchievementsScreen,Locked,Locked,Locked,Latin text in Hindi: inspect names/technical terms,Needs human review
achievements_locked_count,AchievementsScreen,%1$d Earned,%1$d locked,%1$d locked,Latin text in Hindi: inspect names/technical terms,Needs human review
achievements_set_active,AchievementsScreen,Set active,Active करें,Active karein,Latin text in Hindi: inspect names/technical terms,Needs human review
achievements_title,AchievementsScreen,Achievements & Titles,Achievements और titles,Achievements aur titles,Latin text in Hindi: inspect names/technical terms,Needs human review
achievements_total_count,AchievementsScreen,%1$d Total,कुल %1$d,kul %1$d,,Needs human review
activity_result_invalid_parameters,,Invalid payment parameters. Please try again.,पेमेंट की जानकारी सही नहीं है। फिर से कोशिश करें।,Payment details sahi nahi hain. Phir se try karein.,,Needs human review
activity_result_invalid_url,,Invalid payment URL. Please try again.,पेमेंट लिंक सही नहीं है। फिर से कोशिश करें।,Payment link sahi nahi hai. Phir se try karein.,,Needs human review
admin_bell_destination,AdminNotificationComposerScreen,In-App Bell Destination,इन-ऐप बेल डेस्टिनेशन,in-app bela destinesana,,Needs human review
admin_body,AdminNotificationComposerScreen,Body,मैसेज बॉडी,message bodi,,Needs human review
admin_compose_help,AdminNotificationComposerScreen,"Write the message once, then choose push (tray) or Home bell. Use both if you need both.","मैसेज एक बार लिखें, फिर push (tray) या Home bell चुनें। दोनों जगह चाहिए तो दोनों इस्तेमाल करें।","message ek baar likhein, phir push (tray) ya Home bell chunein. dono jagah chahiye to dono istemal karein.",Latin text in Hindi: inspect names/technical terms,Needs human review
admin_compose_notification,AdminNotificationComposerScreen,Compose a notification,नोटिफ़िकेशन बनाएँ,notification banayein,,Needs human review
admin_confirm_in_app,AdminNotificationComposerScreen,Confirm in-app update,इन-ऐप अपडेट कन्फ़र्म करें,in-app update confirm karein,,Needs human review
admin_confirm_push,AdminNotificationComposerScreen,Confirm push broadcast,पुश ब्रॉडकास्ट कन्फ़र्म करें,pusa brodakasta confirm karein,,Needs human review
admin_custom_web_link,AdminNotificationComposerScreen,Custom web link,कस्टम वेब लिंक,custom veba link,,Needs human review
admin_deep_link,AdminNotificationComposerScreen,Deep link,डीप लिंक,deep link,,Needs human review
admin_https_hint,AdminNotificationComposerScreen,Only secure https links can be sent.,सिर्फ़ सुरक्षित https लिंक भेजे जा सकते हैं।,sirf safe https link bheje ja sakte hain.,Latin text in Hindi: inspect names/technical terms,Needs human review
admin_in_app_help,AdminNotificationComposerScreen,Home bell only. Test posts to your admin account; post-for-all reaches every user.,सिर्फ़ Home bell में दिखेगा। Test आपके एडमिन अकाउंट पर जाएगा; post-for-all हर यूज़र तक जाएगा।,sirf Home bell mein dikhega. Test aapke admin account par jaayega; post-for-all har user tak jaayega.,Latin text in Hindi: inspect names/technical terms,Needs human review
admin_in_app_update,AdminNotificationComposerScreen,2. In-app bell (Updates),2. इन-ऐप बेल (Updates),2. in-app bela (Updates),Latin text in Hindi: inspect names/technical terms,Needs human review
admin_message,AdminNotificationComposerScreen,Message,मैसेज,message,,Needs human review
admin_normal_push,AdminNotificationComposerScreen,1. Normal push notification,1. नॉर्मल पुश नोटिफ़िकेशन,1. normal pusa notification,,Needs human review
admin_normal_push_help,AdminNotificationComposerScreen,Phone notification tray via FCM. Does not appear under the Home bell.,FCM से फ़ोन की नोटिफ़िकेशन ट्रे में जाएगा। Home bell में नहीं दिखेगा।,FCM se fona ki notification tre mein jaayega. Home bell mein nahi dikhega.,Latin text in Hindi: inspect names/technical terms,Needs human review
admin_notification_composer,AdminNotificationComposerScreen,Notification Composer,नोटिफ़िकेशन कम्पोज़र,notification composer,,Needs human review
admin_notifications,AdminNotificationComposerScreen,Admin Notifications,एडमिन नोटिफ़िकेशन्स,admin notifications,,Needs human review
admin_refresh_status,AdminNotificationComposerScreen,Refresh admin status,एडमिन स्टेटस रिफ़्रेश करें,admin status refresh karein,,Needs human review
admin_title,AdminNotificationComposerScreen,Title,टाइटल,title,,Needs human review
analytics_30_day,NishthaAnalyticsScreen,30 Day Density,30 दिनों का घनत्व,30 dinon ka ghanatva,,Needs human review
analytics_activity_heatmap,NishthaAnalyticsScreen,Activity Heatmap,गतिविधि हीटमैप,gatividhi heatmap,,Needs human review
analytics_avg_mood,,Avg Mood,औसत मूड,ausat mood,,Needs human review
analytics_checkins,,Check-ins,चेक-इन संख्या,check-in sankhya,,Needs human review
analytics_completion_rate,NishthaAnalyticsScreen,Completion Rate,पूर्णता दर,poornata dar,,Needs human review
analytics_consistency_score,NishthaAnalyticsScreen,Consistency Score,निरंतरता स्कोर,nirantarta score,,Needs human review
analytics_filter,,Filter,फ़िल्टर,filter,,Needs human review
analytics_focus_depth,NishthaAnalyticsScreen,Ekagra Depth,एकाग्रता की गहराई,ekagrata ki gehraai,,Needs human review
analytics_generate,NishthaAnalyticsScreen,Generate,तैयार करें,ready karein,,Needs human review
analytics_less_active,NishthaAnalyticsScreen,Less Active,कम सक्रिय,kam active,,Needs human review
analytics_mood_connection_title,NishthaAnalyticsScreen,The Mood Connection,मूड का संबंध,mood ka sambandha,,Needs human review
analytics_mood_trend,,Mood Trend — %s,मूड ट्रेंड — %s,mood trend — %s,,Needs human review
analytics_multidimensional,NishthaAnalyticsScreen,Multidimensional Performance,बहुआयामी प्रदर्शन,bahuaayami performance,,Needs human review
analytics_no_report_hint,NishthaAnalyticsScreen,No report generated yet for this month.,इस महीने के लिए अभी कोई रिपोर्ट नहीं बनी है।,is mahine ke liye abhi koi report nahi bani hai.,,Needs human review
analytics_power_hour_title,NishthaAnalyticsScreen,Your Power Hour,आपका पावर ऑवर,aapka power hour,,Needs human review
analytics_power_mode,NishthaAnalyticsScreen,Power Mode,पावर मोड,power mode,,Needs human review
analytics_scorecard_title,,Nishtha Scorecard,निष्ठा स्कोरकार्ड,Nishtha skorakarda,,Needs human review
analytics_self_discovery,NishthaAnalyticsScreen,Self-Discovery Insights,आत्म-खोज के विचार,aatma-khoj ke vichaar,,Needs human review
analytics_skill_radar,NishthaAnalyticsScreen,Skill Radar,कौशल रडार,kaushal radar,,Needs human review
analytics_sunday_scaries_title,NishthaAnalyticsScreen,The Sunday Scaries,संडे स्केरीज़,sande skeriza,,Needs human review
analytics_top_mood,,Top Mood,मुख्य मूड,main mood,,Needs human review
announcements_all_caught_up,AnnouncementsBottomSheet,You\'re all caught up!,सब देख लिया!,sab dekha liya!,,Needs human review
announcements_check_back,AnnouncementsBottomSheet,Check back later for announcements and updates.,Announcements और updates के लिए थोड़ी देर बाद देखें।,Announcements aur updates ke liye thodi der baad dekhein.,Latin text in Hindi: inspect names/technical terms,Needs human review
announcements_filter_all,AnnouncementsBottomSheet,Announcements (%1$d),सभी (%1$d),sabhi (%1$d),,Needs human review
announcements_filter_announcements,AnnouncementsBottomSheet,Announcements (%1$d),Announcements (%1$d),Announcements (%1$d),Latin text in Hindi: inspect names/technical terms,Needs human review
announcements_filter_updates,AnnouncementsBottomSheet,Announcements (%1$d),सूचनाएं (%1$d),Announcements (%1$d),,Needs human review
announcements_general_here,AnnouncementsBottomSheet,General announcements from Parmar Sir and the Safar team will appear here.,Parmar Sir और SAFAR team के updates यहाँ दिखेंगे।,Parmar Sir aur SAFAR team ke updates yahan dikhenge.,Latin text in Hindi: inspect names/technical terms,Needs human review
announcements_hide_item,AnnouncementsBottomSheet,Hide item %1$s,%1$s छिपाएं,%1$s chhipaayein,,Needs human review
announcements_new_count,AnnouncementsBottomSheet,%1$d new,%1$d नए,%1$d naye,,Needs human review
announcements_no_announcements,AnnouncementsBottomSheet,No announcements right now,अभी कोई announcement नहीं है,abhi koi announcement nahi hai,Latin text in Hindi: inspect names/technical terms,Needs human review
announcements_no_updates,AnnouncementsBottomSheet,No announcements right now,अभी कोई app update नहीं है,abhi koi app update nahi hai,Latin text in Hindi: inspect names/technical terms,Needs human review
announcements_none_right_now,AnnouncementsBottomSheet,No notifications right now.,अभी कोई notification नहीं है।,abhi koi notification nahi hai.,Latin text in Hindi: inspect names/technical terms,Needs human review
announcements_open_link,AnnouncementsBottomSheet,Open link,Link खोलें,Link kholein,Latin text in Hindi: inspect names/technical terms,Needs human review
announcements_open_play_store,AnnouncementsBottomSheet,Open Play Store ↗,Play Store खोलें ↗,Play Store kholein ↗,Latin text in Hindi: inspect names/technical terms,Needs human review
announcements_open_youtube,AnnouncementsBottomSheet,Open YouTube,YouTube खोलें,YouTube kholein,Latin text in Hindi: inspect names/technical terms,Needs human review
announcements_pause_audio,AnnouncementsBottomSheet,Pause audio,Audio रोकें,Audio rokein,Latin text in Hindi: inspect names/technical terms,Needs human review
announcements_play_audio,AnnouncementsBottomSheet,Play audio,Audio चलाएं,Audio chalayen,Latin text in Hindi: inspect names/technical terms,Needs human review
announcements_playing_audio,AnnouncementsBottomSheet,Playing audio…,Audio चल रहा है…,Audio chala raha hai…,Latin text in Hindi: inspect names/technical terms,Needs human review
announcements_read_all,AnnouncementsBottomSheet,Read all,सब पढ़ें,sab padhein,,Needs human review
announcements_title,AnnouncementsBottomSheet,Notifications,Notifications,Notifications,Latin text in Hindi: inspect names/technical terms,Needs human review
announcements_type_announcement,AnnouncementsBottomSheet,ANNOUNCEMENT,ANNOUNCEMENT,ANNOUNCEMENT,Latin text in Hindi: inspect names/technical terms,Needs human review
announcements_type_app_update,AnnouncementsBottomSheet,APP UPDATE,APP UPDATE,APP UPDATE,Latin text in Hindi: inspect names/technical terms,Needs human review
announcements_type_maintenance,AnnouncementsBottomSheet,MAINTENANCE,MAINTENANCE,MAINTENANCE,Latin text in Hindi: inspect names/technical terms,Needs human review
announcements_updates_here,AnnouncementsBottomSheet,Check back later for announcements and updates.,नए versions और feature updates यहाँ दिखेंगे।,naye versions aur feature updates yahan dikhenge.,Latin text in Hindi: inspect names/technical terms,Needs human review
announcements_youtube_video,AnnouncementsBottomSheet,YouTube video,YouTube video,YouTube video,Latin text in Hindi: inspect names/technical terms,Needs human review
app_name,AuthScreen; DashboardScreen; EkagraScreen; FocusShieldStandaloneScreen; HomeScreen; LaunchUsageQuestionnaireScreen; MehfilContent; NishthaScreen; SafarDrawerScaffold; SafarOnboardingScreen; YoutubeFocusAccessibilityTutorialSheet,SAFAR,SAFAR,SAFAR,Latin text in Hindi: inspect names/technical terms,Needs human review
app_tagline,,Your mindful journey begins here.,आपकी दिमागी यात्रा यहाँ से शुरू होती है।,Aapki mental well-being ki journey yahan se shuru hoti hai.,,Needs human review
audio_category_all,AudioLibraryPanel,All,सभी,sabhi,,Needs human review
audio_category_ambient,AudioLibrary,Ambient,एम्बिएंट,ambient,,Needs human review
audio_category_meditation,AudioLibrary,Meditation,मेडिटेशन,meditation,,Needs human review
audio_category_nature,AudioLibrary,Nature,नेचर,nature,,Needs human review
audio_category_originals,AudioLibrary,Originals,मूल ऑडियो,Original audio,,Needs human review
audio_category_raga,AudioLibrary,Indian Classical,इंडियन क्लासिकल,Indian Classical,,Needs human review
audio_desc_anxiety_relief,AudioLibrary,Sleep background noise for anxiety relief,एंग्ज़ायटी कम करने के लिए स्लीप बैकग्राउंड नॉइज़,engzayati kam karne ke liye slipa baikagraunda noiza,,Needs human review
audio_desc_bageshree_focus,AudioLibrary,"Bansuri, sitar & tabla — Bageshree raga for deep focus","बाँसुरी, सितार और तबला — डीप फ़ोकस के लिए बागेश्री राग","bamsuri, sitaara aur table — deep focus ke liye bagesri raga",,Needs human review
audio_desc_bageshree_sleep,AudioLibrary,Sitar & tanpura — Bageshree raga for deep sleep,सितार और तानपुरा — गहरी नींद के लिए बागेश्री राग,sitaara aur tanapura — gehri neend ke liye bagesri raga,,Needs human review
audio_desc_balance_energy,AudioLibrary,Deep bass frequencies to balance energy,एनर्जी बैलेंस करने के लिए डीप बेस फ़्रीक्वेंसीज़,enarji balance karne ke liye deep bass frequencies,,Needs human review
audio_desc_bhairav_morning,AudioLibrary,Sitar & tabla — Bhairav raga for morning meditation,सितार और तबला — सुबह के मेडिटेशन के लिए भैरव राग,sitaara aur table — subah ke meditation ke liye bhairava raga,,Needs human review
audio_desc_bhairav_sleep,AudioLibrary,Singing bowls & sitar — Bhairav raga for deep sleep,सिंगिंग बाउल्स और सितार — गहरी नींद के लिए भैरव राग,singinga bowls aur sitaara — gehri neend ke liye bhairava raga,,Needs human review
audio_desc_bhupali_pranayama,AudioLibrary,Sitar & tabla — Bhupali raga for pranayama,सितार और तबला — प्राणायाम के लिए भूपाली राग,sitaara aur table — pranayama ke liye bhupali raga,,Needs human review
audio_desc_bird_mornings,AudioLibrary,Forest bird sounds for gentle mornings,हल्की सुबहों के लिए जंगल की चिड़ियों की आवाज़,halki subahom ke liye jungle ki ciriyom ki awaaz,,Needs human review
audio_desc_calm_studying,AudioLibrary,Gentle synths for calm studying,शांत पढ़ाई के लिए हल्के सिंथ्स,shaant padhai ke liye halke synths,,Needs human review
audio_desc_classic_meditation,AudioLibrary,Classic meditative bells and pads,क्लासिक मेडिटेशन बेल्स और पैड्स,klasika meditation bells aur pads,,Needs human review
audio_desc_default_dhyan,AudioLibrary,Default ambient meditation sound,डिफ़ॉल्ट शांत मेडिटेशन साउंड,Meditation ke liye default ambient sound,,Needs human review
audio_desc_healing_waves,AudioLibrary,Gentle water waves and healing frequencies,हल्की पानी की लहरें और हीलिंग फ़्रीक्वेंसीज़,halki pani ki laharem aur hilinga frequencies,,Needs human review
audio_desc_reading_focus,AudioLibrary,Soft ambient waves for reading & focusing,पढ़ने और फ़ोकस के लिए हल्की एम्बिएंट वेव्स,padhne aur focus ke liye halki ambient waves,,Needs human review
audio_desc_shamanic_rest,AudioLibrary,Shamanic rest in the forest of tigers,टाइगर्स के जंगल में शमन जैसा आराम,tigers ke jungle mein samana jaisa aaraam,,Needs human review
audio_desc_silence,AudioLibrary,Meditate in silence,बिना आवाज़ के मेडिटेट करें,bina awaaz ke mediteta karein,,Needs human review
audio_desc_slow_ambient,AudioLibrary,Slow pacing ambient music,धीमी और सुकून वाली एम्बिएंट म्यूज़िक,Dheemi aur sukoon dene wali ambient music,,Needs human review
audio_desc_solitude,AudioLibrary,Deep continuous drone for ultimate solitude,पूरी शांति के लिए गहरी लगातार ड्रोन धुन,poori shaanti ke liye gehri lagataar drona dhuna,,Needs human review
audio_dhyan_name,AudioLibrary,Dhyan,ध्यान,Dhyan,,Needs human review
audio_none_name,AudioLibrary,None (Silent),कोई नहीं (साइलेंट),None (Silent),,Needs human review
audio_preview,AudioLibraryPanel,Preview,प्रीव्यू,Preview,,Needs human review
auth_back_sign_in,AuthScreen,Back to Sign In,साइन इन पर वापस जाएँ,sign in par wapas jaayein,,Needs human review
auth_confirm_password,AuthScreen,Confirm Password,पासवर्ड कन्फ़र्म करें,password confirm karein,,Needs human review
auth_continue_google,AuthScreen,Continue with Google,Google से आगे बढ़ें,Google se aage badhein,Latin text in Hindi: inspect names/technical terms,Needs human review
auth_create_account,AuthScreen,Create your account,अपना अकाउंट बनाएं,Apna account banayein,,Needs human review
auth_create_account_btn,AuthScreen,Create Account,अकाउंट बनाएं,Account banayein,,Needs human review
auth_create_account_tagline,,Create your SAFAR account,अपना SAFAR अकाउंट बनाएं,Apna SAFAR account banayein,Latin text in Hindi: inspect names/technical terms,Needs human review
auth_creating_account,AuthScreen,Creating account…,अकाउंट बन रहा है…,Account ban raha hai…,,Needs human review
auth_email_address,AuthScreen,Email address,ईमेल एड्रेस,email address,,Needs human review
auth_email_retry,AuthScreen,Didn\'t receive email? Try again,ईमेल नहीं मिला? फिर से कोशिश करें,email nahi mila? phir se koshish karein,,Needs human review
auth_exam_exact_hint,AuthScreen,"Enter your exact exam (e.g., RRB NTPC)","अपने एग्ज़ाम का सही नाम लिखें (जैसे, RRB NTPC)","apne exam ka sahi naam likhein (jaise, RRB NTPC)",Latin text in Hindi: inspect names/technical terms,Needs human review
auth_footer,,SAFAR · Wellness for every aspirant,SAFAR · हर छात्र के मानसिक स्वास्थ्य के लिए,SAFAR · Har aspirant ke well-being ka saathi,Latin text in Hindi: inspect names/technical terms,Needs human review
auth_footer_tagline,AuthStitchComponents,KAVACH • WELLNESS FOR EVERY ASPIRANT,कवच • हर एस्पिरेंट की वेलनेस के लिए,Kavach • har aspirant ki well-being ke liye,,Needs human review
auth_forgot_password,AuthScreen,Forgot password?,पासवर्ड भूल गए?,Password bhool gaye?,,Needs human review
auth_forgot_password_question,AuthStitchComponents,Forgot password?,पासवर्ड भूल गए?,password bhool gaye?,,Needs human review
auth_glad_back,AuthScreen,Glad to see you again.,आपको फिर देखकर अच्छा लगा।,Aapko phir dekhkar achha laga.,,Needs human review
auth_have_account,AuthScreen,Already have an account?,पहले से अकाउंट है?,Pehle se account hai?,,Needs human review
auth_hint_confirm_password,AuthScreen,Re-enter password,दोबारा पासवर्ड डालें,Password dobara daalein,,Needs human review
auth_hint_email,AuthScreen,you@gmail.com,you@gmail.com,you@gmail.com,Latin text in Hindi: inspect names/technical terms,Needs human review
auth_hint_exam_type,,Select exam,परीक्षा चुनें,Exam select karein,,Needs human review
auth_hint_full_name,AuthScreen,Your full name,आपका पूरा नाम,Apna poora naam,,Needs human review
auth_hint_gender,AuthScreen,Select gender,जेंडर चुनें,Gender select karein,,Needs human review
auth_hint_password,,••••••••,••••••••,••••••••,,Needs human review
auth_hint_password_signup,AuthScreen,Min. 8 characters,कम से कम 8 अक्षर,Kam se kam 8 characters,,Needs human review
auth_hint_prep_stage,,Select stage,चरण चुनें,Stage select karein,,Needs human review
auth_label_confirm_password,,CONFIRM PASSWORD,पासवर्ड कन्फर्म करें,PASSWORD CONFIRM KAREIN,,Needs human review
auth_label_email,AuthScreen,EMAIL,ईमेल,EMAIL,,Needs human review
auth_label_exam_type,,EXAM TYPE,परीक्षा का प्रकार,EXAM TYPE,,Needs human review
auth_label_full_name,,FULL NAME,पूरा नाम,POORA NAAM,,Needs human review
auth_label_gender,,GENDER,जेंडर,GENDER,,Needs human review
auth_label_password,AuthScreen,PASSWORD,पासवर्ड,PASSWORD,,Needs human review
auth_label_prep_stage,,PREPARATION STAGE,तैयारी का चरण,PREPARATION STAGE,,Needs human review
auth_new_password_hint,AuthScreen,New Password (min 8 chars),नया पासवर्ड (कम से कम 8 अक्षर),naya password (kam se kam 8 characters),,Needs human review
auth_no_account,AuthScreen,Don\'t have an account?,अकाउंट नहीं है?,Account nahi hai?,,Needs human review
auth_remember_me,AuthStitchComponents,Remember me,मुझे याद रखें,Mujhe yaad rakhein,,Needs human review
auth_safar_logo,AuthScreen; AuthStitchComponents,SAFAR Logo,SAFAR लोगो,SAFAR logo,Latin text in Hindi: inspect names/technical terms,Needs human review
auth_select_preparation_stage,AuthScreen,Select Preparation Stage,तैयारी का स्टेज चुनें,Preparation stage select karein,,Needs human review
auth_select_target_exam,AuthScreen,Select Target Exam,अपना एग्ज़ाम चुनें,Apna target exam select karein,,Needs human review
auth_sign_in,AuthScreen,Sign In,साइन इन,Sign in karein,,Needs human review
auth_sign_in_here,,Sign in here,यहाँ साइन इन करें,Yahan sign in karein,,Needs human review
auth_sign_in_to_continue,,Sign in to continue,आगे बढ़ने के लिए साइन इन करें,Continue karne ke liye sign in karein,,Needs human review
auth_sign_up_here,AuthScreen,Sign up here,यहाँ साइन अप करें,Yahan sign up karein,,Needs human review
auth_signing_in,AuthScreen,Signing in…,साइन इन हो रहा है…,Sign in ho raha hai…,,Needs human review
auth_start_study_journey,AuthScreen,Start your study journey with SAFAR,SAFAR के साथ अपनी पढ़ाई शुरू करें,SAFAR ke saath apni study journey shuru karein,Latin text in Hindi: inspect names/technical terms,Needs human review
auth_tagline,,Sign in to continue your journey,अपनी यात्रा जारी रखने के लिए साइन इन करें,Apna safar continue karne ke liye sign in karein,,Needs human review
auth_welcome_back,AuthScreen,Welcome back,फिर से स्वागत है,Welcome back,,Needs human review
channel_account_system,SafarNotificationChannels,Account and system,अकाउंट और सिस्टम,account aur sistama,,Needs human review
channel_account_system_desc,SafarNotificationChannels,"Security, payment, subscription, and important account alerts","सिक्योरिटी, पेमेंट, सब्सक्रिप्शन और ज़रूरी अकाउंट अलर्ट","sikyoriti, pementa, subscription aur zaruri account alert",,Needs human review
channel_achievements,SafarNotificationChannels,Achievements,अचीवमेंट्स,achievements,,Needs human review
channel_achievements_desc,SafarNotificationChannels,"Badges, streak milestones, and goal completion","बैज, स्ट्रीक माइलस्टोन और पूरे हुए गोल्स","badge, streak mailastona aur pure hue goals",,Needs human review
channel_announcements,SafarNotificationChannels,Announcements,अनाउंसमेंट्स,announcements,,Needs human review
channel_announcements_desc,SafarNotificationChannels,Admin announcements and SAFAR campaigns,एडमिन अनाउंसमेंट और SAFAR कैंपेन,admin anaunsamenta aur SAFAR kaimpena,Latin text in Hindi: inspect names/technical terms,Needs human review
channel_community,SafarNotificationChannels,Community,कम्युनिटी,community,,Needs human review
channel_community_desc,SafarNotificationChannels,"Mehfil replies, mentions, and teacher responses","महफ़िल रिप्लाई, मेंशन और टीचर के जवाब","Mehfil reply, mensana aur teacher ke javaab",,Needs human review
channel_course_updates,SafarNotificationChannels,Course updates,कोर्स अपडेट्स,course updates,,Needs human review
channel_course_updates_desc,SafarNotificationChannels,"New classes, lessons, tests, and study material","नई क्लास, लेसन, टेस्ट और स्टडी मटेरियल","nai class, lesana, test aur study material",,Needs human review
channel_ekagra_check_ins,SafarNotificationChannels,Ekagra check-ins,एकाग्र चेक-इन,Ekagra check-ins,,Needs human review
channel_ekagra_check_ins_desc,SafarNotificationChannels,Time-sensitive confirmations during long Ekagra sessions,लंबे एकाग्र सत्रों के दौरान दोस्ताना चेक-इन,Lambee Ekagra sessions ke dauran friendly check-ins,,Needs human review
channel_ekagra_timer,SafarNotificationChannels,Ekagra timer,एकाग्र टाइमर,ekagra timer,,Needs human review
channel_ekagra_timer_desc,SafarNotificationChannels,Active Ekagra timer and break status,चल रहे एकाग्र टाइमर और ब्रेक का स्टेटस,chala rahe ekagra timer aur breka ka status,,Needs human review
channel_kavach_alerts,SafarNotificationChannels,KAVACH alerts,कवच अलर्ट्स,Kavach alerts,,Needs human review
channel_kavach_alerts_desc,SafarNotificationChannels,Alerts when a blocked app is opened during an active Ekagra session,एकाग्र सेशन में ब्लॉक ऐप खुलने पर अलर्ट,ekagra session mein block app khulne par alert,,Needs human review
channel_kavach_blocked,SafarNotificationChannels,KAVACH blocked app,कवच ब्लॉक्ड ऐप,Kavach blokda app,,Needs human review
channel_kavach_blocked_desc,SafarNotificationChannels,Shown when a blocked app is opened during an active Ekagra or Study Session,एकाग्र या स्टडी सेशन में ब्लॉक ऐप खुलने पर दिखेगा,ekagra ya study session mein block app khulne par dikhega,,Needs human review
channel_kavach_status,SafarNotificationChannels,KAVACH status,कवच स्टेटस,Kavach status,,Needs human review
channel_kavach_status_desc,SafarNotificationChannels,Ongoing KAVACH status during an active Ekagra or Study Session,चल रहे एकाग्र या स्टडी सेशन में कवच का स्टेटस,chala rahe ekagra ya study session mein Kavach ka status,,Needs human review
channel_study_reminders,SafarNotificationChannels,Study reminders,स्टडी रिमाइंडर्स,study reminders,,Needs human review
channel_study_reminders_desc,SafarNotificationChannels,"Daily study reminders, planned sessions, and streak protection","डेली स्टडी, प्लान किए सेशन्स और स्ट्रीक के रिमाइंडर","daily study, plan kiye sessions aur streak ke reminder",,Needs human review
channel_youtube_focus,SafarNotificationChannels,YouTube Focus,YouTube फ़ोकस,YouTube focus,Latin text in Hindi: inspect names/technical terms,Needs human review
channel_youtube_focus_desc,SafarNotificationChannels,Channel blocking and classification actions,चैनल ब्लॉक और कैटेगरी से जुड़े एक्शन,channel block aur category se jure eksana,,Needs human review
channel_youtube_status,SafarNotificationChannels,YouTube Focus status,YouTube फ़ोकस स्टेटस,YouTube focus status,Latin text in Hindi: inspect names/technical terms,Needs human review
channel_youtube_status_desc,SafarNotificationChannels,Monitoring status and accessibility-service health,मॉनिटरिंग और एक्सेसिबिलिटी सर्विस का स्टेटस,monitaringa aur eksesibiliti service ka status,,Needs human review
channel_youtube_study_status,SafarNotificationChannels,YouTube study status,YouTube स्टडी स्टेटस,YouTube study status,Latin text in Hindi: inspect names/technical terms,Needs human review
channel_youtube_study_status_desc,SafarNotificationChannels,Ongoing YouTube study protection indicator,YouTube स्टडी प्रोटेक्शन का स्टेटस,YouTube study protection ka status,Latin text in Hindi: inspect names/technical terms,Needs human review
checkin_context_tags,,Context Tags,प्रसंग टैग,Context Tags,,Needs human review
checkin_do_checkin,CheckInScreen,Check-In,चेक-इन,check-in,,Needs human review
checkin_high,CheckInScreen,High,ज़्यादा,High,,Needs human review
checkin_history,CheckInScreen,History,पुराना रिकॉर्ड,History,,Needs human review
checkin_history_title,CheckInScreen,Mood History,मूड का रिकॉर्ड,Mood History,,Needs human review
checkin_how_feeling,CheckInScreen,How are you feeling?,आप कैसा महसूस कर रहे हैं?,Aap kaisa feel kar rahe hain?,,Needs human review
checkin_intensity,CheckInScreen,Intensity,तीव्रता,Intensity,,Needs human review
checkin_intensity_value,CheckInScreen,Intensity: %d/10,तीव्रता: %d/10,teevrata: %d/10,,Needs human review
checkin_low,CheckInScreen,Low,कम,Low,,Needs human review
checkin_no_history,CheckInScreen,No check-ins yet,अभी तक कोई चेक-इन नहीं हुआ,abhi tak koi check-in nahi hua,,Needs human review
checkin_note_hint,CheckInScreen,What caused this mood? (optional),इस मूड की क्या वजह रही? (वैकल्पिक),is mood ki kya wajah rahi? (optional),,Needs human review
checkin_save,CheckInScreen,Save Check-In,चेक-इन सेव करें,Save Check-In,,Needs human review
checkin_select_mood,CheckInScreen,Select a mood,मूड चुनें,Select a mood,,Needs human review
checkin_today,CheckInScreen,Today,आज,Today,,Needs human review
close,DhyanYoutubeComponents,Close,बंद करें,band karein,,Needs human review
common_about_named,MixedBagSubjectPickerStep; PlanSettingsStep,About %1$s,%1$s के बारे में,%1$s ke baare mein,,Needs human review
common_accept,MehfilTabs,Accept,Accept करें,Accept,Latin text in Hindi: inspect names/technical terms,Needs human review
common_accessibility,YoutubeFocusAccessibilityTutorialSheet,Accessibility,Accessibility,Accessibility,Latin text in Hindi: inspect names/technical terms,Needs human review
common_add,ChapterTopicsSheet; EkagraTagSelector; ManualTopicTreeStep; PlanTabV2Components,Add,जोड़ें,Add,,Needs human review
common_agree_continue,YoutubeStudyV2Screen,Agree and continue,Agree करके आगे बढ़ें,Agree karke aage badhein,Latin text in Hindi: inspect names/technical terms,Needs human review
common_all,AchievementsScreen; MehfilTabs,ALL,सभी,sabhi,,Needs human review
common_allow,KavachOnboardingScreen; KavachUiComponents; YoutubeFocusAccessibilityTutorialSheet; YoutubeStudyV2Screen,Allow,अनुमति दें,Allow,,Needs human review
common_allowed,YoutubeStudyV2Screen,Allowed,Allowed,Allowed,Latin text in Hindi: inspect names/technical terms,Needs human review
common_back,AppCategoryEditorScreen; DmChatScreen; HabitInsightsScreen; LaunchUsageQuestionnaireScreen; ManualTopicTreeStep; PremiumPaywallScreen; RevisionScheduleSheet; SafarExpressiveHeader; StudyCircleScreen; SupportScreen; YoutubeStudyV2Screen,Back,पीछे,Back,,Needs human review
common_beta,YoutubeFocusBetaBadge,Beta,Beta,Beta,Latin text in Hindi: inspect names/technical terms,Needs human review
common_cancel,AdminNotificationComposerScreen; CalendarTab; ChapterTopicsSheet; DeleteAccountDialog; EkagraDurationTab; EkagraHistoryTab; EkagraSheets; EkagraTagSelector; GoalHistoryTab; GoalsScreen; HabitExportDialog; HabitFormBottomSheet; PlanConfirmDialog; PlanPreviewStep; PlanTabScreen; PlannerNameDialog; PremiumPaywallScreen; SavedSyllabusPickerStep; StudyCircleScreen; StudyPlannerExamDate; StudyPlannerScreen; SyllabusSubjectsScreen,Cancel,रद्द करें,Cancel,,Needs human review
common_checked,PlanTabV2Components,Checked,Checked,Checked,Latin text in Hindi: inspect names/technical terms,Needs human review
common_choose,EkagraKavachSetup,Choose,चुनें,chunein,,Needs human review
common_clear,PlanTabV2Components; StudyCircleScreen,Clear,हटाएं,Clear,,Needs human review
common_clear_all,AppPickerScreen; GoalsScreen,Clear all,सब हटाएँ,Clear all,,Needs human review
common_clear_search,PlanTabScreen; SavedSyllabusPickerStep,Clear search,Search साफ करें,Search saaf karein,Latin text in Hindi: inspect names/technical terms,Needs human review
common_close,FocusShieldSettingsSheet; GoalsScreen; HabitFormBottomSheet; JournalScreen; ModernHabitComponents; NishthaAnalyticsScreen; SyllabusRedesign; YoutubeFocusBetaBadge,Close,बंद करें,Close,,Needs human review
common_collapse,MehfilTabs,Collapse,बंद करें,band karein,,Needs human review
common_complete_lower,StudyPlannerScreen,complete,पूरा,poora,,Needs human review
common_completed,CalendarTab; PlanTabScreen; WeeklyView,Completed,पूरा हुआ,poora hua,,Needs human review
common_confirm,MixedBagSubjectPickerStep; PlanConfirmDialog; StudyPlannerScreen,Confirm,Confirm करें,Confirm,Latin text in Hindi: inspect names/technical terms,Needs human review
common_continue,DeepFocusOrderStep; EkagraScreen; KavachPermissionSetup; LaunchUsageQuestionnaireScreen; PremiumPaywallScreen; TemplatePickerStep,Continue,आगे बढ़ें,Continue,,Needs human review
common_decline,MehfilTabs,Decline,मना करें,Decline,,Needs human review
common_delete,EkagraTagSelector; GoalListContent; HabitFormBottomSheet; PlanTabV2Components; SavedSyllabusPickerStep,Delete,Delete करें,Delete,Latin text in Hindi: inspect names/technical terms,Needs human review
common_deny,YoutubeFocusAccessibilityTutorialSheet,Deny,Deny करें,Deny,Latin text in Hindi: inspect names/technical terms,Needs human review
common_details,GoalHistoryTab,Details,Details,Details,Latin text in Hindi: inspect names/technical terms,Needs human review
common_discard,EkagraSheets; TopicStudySaveSheet,Discard,हटा दें,hata dein,,Needs human review
common_dismiss,SyllabusRedesign,Dismiss,हटाएँ,hataayein,,Needs human review
common_do_not_show_again,EkagraScreen,Don’t show this again,यह फिर मत दिखाना,Don’t show this again,,Needs human review
common_done,FocusShieldSettingsSheet; GoalsScreen; PlanTabScreen,Done,हो गया,Done,,Needs human review
common_draft,SavedSyllabusPickerStep,Draft,Draft,Draft,Latin text in Hindi: inspect names/technical terms,Needs human review
common_draft_upper,StudyPlannerScreen,DRAFT,DRAFT,DRAFT,Latin text in Hindi: inspect names/technical terms,Needs human review
common_edit,EkagraKavachSetup; GoalListContent; HabitGraphCards; PlanTabScreen,Edit,Edit करें,Edit,Latin text in Hindi: inspect names/technical terms,Needs human review
common_enable,EkagraKavachSetup; EkagraTimerTab; KavachUiComponents,Enable,चालू करें,On karein,,Needs human review
common_end,EkagraTimerTab,End,खत्म करें,khatam karein,,Needs human review
common_error,,Something went wrong,कुछ गड़बड़ हो गई,kuch gadbad ho gayi,,Needs human review
common_expand,MehfilTabs,Expand,खोलें,kholein,,Needs human review
common_expand_menu,SafarExpressiveFabMenu,Expand menu,मेन्यू खोलें,menu kholein,,Needs human review
common_export,StudyPlannerScreen,Export,Export करें,Export,Latin text in Hindi: inspect names/technical terms,Needs human review
common_first,MixedBagSubjectPickerStep,First,पहले,pehle,,Needs human review
common_go_back,PlanPreviewStep,Go back,वापस जाएँ,wapas jaayein,,Needs human review
common_got_it,StudyPlannerScreen; SyllabusSubjectsScreen; YoutubeFocusAccessibilityTutorialSheet; YoutubeFocusBetaBadge,Got it,समझ गया,Got it,,Needs human review
common_granted,KavachOnboardingScreen,Allowed,Allow हो गया,Allow ho gaya,Latin text in Hindi: inspect names/technical terms,Needs human review
common_hide,GoalHistoryTab,Hide,छिपाएँ,chhipaayein,,Needs human review
common_hours_upper,GoalsScreen,HOURS,घंटे,ghante,,Needs human review
common_learn_more,KavachUiComponents,Learn more,और जानें,Learn more,,Needs human review
common_loading,LaunchUsageQuestionnaireScreen; MehfilTabs; YoutubeStudyV2Screen,Loading…,लोड हो रहा है…,Loading…,,Needs human review
common_min_short,EkagraDurationTab,Custom value,min,min,Latin text in Hindi: inspect names/technical terms,Needs human review
common_minutes,EkagraDurationTab,Minutes,Minutes,Minutes,Latin text in Hindi: inspect names/technical terms,Needs human review
common_minutes_seconds_short,GoalHistoryTab,%1$d sec %2$d,%1$d min %2$d sec,%1$d min %2$d sec,Latin text in Hindi: inspect names/technical terms,Needs human review
common_minutes_short,EkagraDurationTab; GoalHistoryTab; KavachBlockOverlay,%1$d min,%1$d min,%1$d min,Latin text in Hindi: inspect names/technical terms,Needs human review
common_minutes_upper,GoalsScreen,MINUTES,मिनट,minute,,Needs human review
common_more_options,EkagraScreen; GoalListContent; StudyCircleScreen,More options,और options,More options,Latin text in Hindi: inspect names/technical terms,Needs human review
common_move,CalendarTab,Move,Move करें,Move karein,Latin text in Hindi: inspect names/technical terms,Needs human review
common_move_down,PlanTabV2Components,Move down,नीचे करें,neeche karein,,Needs human review
common_move_up,PlanTabV2Components,Move up,ऊपर करें,upar karein,,Needs human review
common_moving,GoalsScreen,Moving…,Move हो रहा है…,Move ho raha hai…,Latin text in Hindi: inspect names/technical terms,Needs human review
common_mute,DhyanScreen,Mute,Mute करें,Mute karein,Latin text in Hindi: inspect names/technical terms,Needs human review
common_no,EkagraScreen,No,नहीं,No,,Needs human review
common_not_now,DailyTopicsStep; NotificationPermission; PlanTabScreen; PlanTabV2Components; SyllabusSubjectsScreen; YoutubeStudyV2Screen,Not now,अभी नहीं,Not now,,Needs human review
common_off,YoutubeFocusAccessibilityTutorialSheet,Off,बंद,Off,,Needs human review
common_ok,AuthScreen; GoalHistoryTab; GoalsScreen; MixedBagSubjectPickerStep; PlanSettingsStep; PlanTabScreen; StudyPlannerExamDate; SyllabusSubjectsScreen,OK,ठीक है,OK,,Needs human review
common_on,KavachUiComponents,On,चालू,On,,Needs human review
common_open,MehfilTabs; PremiumPaywallScreen; SyllabusRedesign,Open,खोलें,Open,,Needs human review
common_open_menu,EkagraDesign,Open menu,मेन्यू खोलें,menu kholein,,Needs human review
common_optional,EkagraSheets; KavachUiComponents,Optional,ज़रूरी नहीं,Optional,,Needs human review
common_optional_upper,KavachUiComponents,OPTIONAL,OPTIONAL,OPTIONAL,Latin text in Hindi: inspect names/technical terms,Needs human review
common_options,StudyPlannerScreen,Options,Options,Options,Latin text in Hindi: inspect names/technical terms,Needs human review
common_pause,DhyanScreen; EkagraTimerTab,Pause,Pause करें,Pause,Latin text in Hindi: inspect names/technical terms,Needs human review
common_play,DhyanScreen; MehfilTabs,Play,Play करें,Play,Latin text in Hindi: inspect names/technical terms,Needs human review
common_ready,KavachUiComponents,Ready,तैयार,ready,,Needs human review
common_refresh,StudyCircleScreen,Refresh,Refresh करें,Refresh,Latin text in Hindi: inspect names/technical terms,Needs human review
common_rename,PlanTabV2Components; StudyPlannerScreen,Rename,नाम बदलें,naam badlein,,Needs human review
common_required_upper,KavachUiComponents,REQUIRED,ज़रूरी,zaruri,,Needs human review
common_reset,DhyanScreen; GoalHistoryTab,Reset,Reset करें,Reset,Latin text in Hindi: inspect names/technical terms,Needs human review
common_restore,GoalsScreen,Restore,वापस लाएँ,wapas laayein,,Needs human review
common_resume,EkagraTimerTab,Resume,फिर शुरू करें,Resume,,Needs human review
common_retry,MehfilTabs,Retry,दोबारा कोशिश करें,Retry,,Needs human review
common_save,EkagraHistoryTab; EkagraSheets; EkagraTagSelector; FocusShieldSettingsSheet; MehfilTabs; PlanPreviewStep; PlanTabScreen; PlanTabV2Components; StudyCircleScreen; TopicStudySaveSheet,Save,सेव करें,Save,,Needs human review
common_saving,GoalsScreen; ManualTopicTreeStep,Saving…,Save हो रहा है…,Saving…,Latin text in Hindi: inspect names/technical terms,Needs human review
common_schedule,PlanTabScreen,Schedule,Schedule,Schedule,Latin text in Hindi: inspect names/technical terms,Needs human review
common_search,MehfilContent,Search,खोजें,Search,,Needs human review
common_seconds_short,GoalHistoryTab,%1$d sec,%1$d sec,%1$d sec,Latin text in Hindi: inspect names/technical terms,Needs human review
common_select_all,AppPickerScreen; GoalsScreen,Select all,सब चुनें,sab chunein,,Needs human review
common_selected,AudioLibraryPanel; EkagraSheets; KavachSummaryPills; NishthaAnalyticsScreen,Selected,चुना हुआ,Selected,,Needs human review
common_send,DmChatScreen,Send message,भेजें,Send message,,Needs human review
common_set,EkagraDurationTab,Set,सेट करें,Set,,Needs human review
common_settings,EkagraDurationTab,Settings,सेटिंग्स,Settings,,Needs human review
common_skip_for_now,PlanTabV2Components,Skip for now,अभी skip करें,abhi skip karein,Latin text in Hindi: inspect names/technical terms,Needs human review
common_start,EkagraDurationTab; EkagraTimerTab,Start,शुरू करें,Start,,Needs human review
common_stopwatch,GoalHistoryTab,· Stopwatch,Stopwatch,Stopwatch,Latin text in Hindi: inspect names/technical terms,Needs human review
common_student,MehfilSocketManager,Student,स्टूडेंट,Student,,Needs human review
common_tap_here_upper,YoutubeFocusAccessibilityTutorialSheet,TAP HERE,यहाँ TAP करें,TAP HERE,Latin text in Hindi: inspect names/technical terms,Needs human review
common_then,MixedBagSubjectPickerStep,Then,फिर,phir,,Needs human review
common_time_unavailable,GoalHistoryTab,Time unavailable,Time नहीं मिला,Time nahi mila,Latin text in Hindi: inspect names/technical terms,Needs human review
common_today,GoalsScreen; InsightsMomentumWidgets,Select today\'s goals to repeat tomorrow.,आज,aaj,,Needs human review
common_try_again,DmChatScreen; LeaderboardScreen; PasteSyllabusStep; SavedSyllabusPickerStep; StudyCircleScreen; SupportScreen; TopicStudySaveSheet,Try again,फिर कोशिश करें,phir koshish karein,,Needs human review
common_undo,GoalsScreen; StudyCircleScreen; StudyPlannerScreen,UNDO,वापस करें,wapas karein,,Needs human review
common_unmute,DhyanScreen,Unmute,Unmute करें,Unmute karein,Latin text in Hindi: inspect names/technical terms,Needs human review
common_view,StudyPlannerScreen,View,देखें,View,,Needs human review
common_view_all,MehfilTabs,View all,सभी देखें,View all,,Needs human review
common_warning,PlanTabScreen,Warning,ध्यान दें,Warning,,Needs human review
common_yes,EkagraPresencePrompt; EkagraScreen; SupportScreen; TimerService; TopicStudySaveSheet,Yes,हाँ,Yes,,Needs human review
common_yesterday,GoalsScreen,Select yesterday\'s goals to bring into today.,कल,kal,,Needs human review
common_you,DmChatScreen,You,आप,aap,,Needs human review
courses_live_sessions_description,,"Join live classes, see upcoming sessions, and revisit scheduled learning.","लाइव क्लास में जुड़ें, आने वाले सेशन देखें और तय पढ़ाई पर वापस जाएं।","live class mein judein, aane waale session dekhein aur tay padhai par wapas jaayein.",,Needs human review
courses_live_sessions_open,,Open →,खोलें →,kholein →,,Needs human review
dashboard_achievements,,Achievements,उपलब्धियां,Achievements,,Needs human review
dashboard_achievements_count,,%1$d earned · %2$d total,%1$d हासिल · कुल %2$d,%1$d earned · %2$d total,,Needs human review
dashboard_activity_streaks,DashboardScreen,Activity Streaks,Activity streaks,Activity streaks,Latin text in Hindi: inspect names/technical terms,Needs human review
dashboard_awesome,DashboardScreen,Awesome!,शानदार!,Shandaar!,,Needs human review
dashboard_badges,DashboardScreen,Badges,Badges,Badges,Latin text in Hindi: inspect names/technical terms,Needs human review
dashboard_check_in,DashboardScreen,Check In,Check-in करें,Check-in karein,Latin text in Hindi: inspect names/technical terms,Needs human review
dashboard_check_in_now,DashboardScreen,Check In Now,अभी check-in करें,abhi check-in karein,Latin text in Hindi: inspect names/technical terms,Needs human review
dashboard_completion,DashboardScreen,Completion,पूर्णता दर,Completion,,Needs human review
dashboard_congratulations,DashboardScreen,Congratulations! 🎉,बहुत बढ़िया! 🎉,bahut badhiya! 🎉,,Needs human review
dashboard_consistency,DashboardScreen,Consistency,निरंतरता,Consistency,,Needs human review
dashboard_create_plan,DashboardScreen,Create a study plan to track your syllabus completion.,Plan बनाएं,Plan banayein,Latin text in Hindi: inspect names/technical terms,Needs human review
dashboard_create_plan_help,DashboardScreen,Create a study plan to track your syllabus completion.,Syllabus completion track करने के लिए study plan बनाएं।,Syllabus completion track karne ke liye study plan banayein.,Latin text in Hindi: inspect names/technical terms,Needs human review
dashboard_current_title,DashboardScreen,CURRENT TITLE,Current title,Current title,Latin text in Hindi: inspect names/technical terms,Needs human review
dashboard_daily_inspiration,DashboardScreen,DAILY INSPIRATION,आज की inspiration,aaj ki inspiration,Latin text in Hindi: inspect names/technical terms,Needs human review
dashboard_days_active,DashboardScreen,Streak %1$d,%1$d दिन active,%1$d din active,Latin text in Hindi: inspect names/technical terms,Needs human review
dashboard_default_friend,DashboardScreen,}},दोस्त,dost,,Needs human review
dashboard_default_user,DashboardScreen,User,दोस्त,dost,,Needs human review
dashboard_focus,DashboardScreen,Ekagra Depth,एकाग्रता की गहराई,Ekagra Depth,,Needs human review
dashboard_goals_count,,%1$d/%2$d done,%1$d/%2$d पूरे हुए,%1$d/%2$d poore hue,,Needs human review
dashboard_goals_done,DashboardScreen,Today Goals %1$d %2$d,%1$d/%2$d पूरे,%1$d/%2$d pure,,Needs human review
dashboard_inspiration_quote,DashboardScreen,DAILY INSPIRATION,“आपकी limits अक्सर आपकी imagination ही तय करती है।”,“aapki limits characters aapki imagination hi tay karati hai.”,Latin text in Hindi: inspect names/technical terms,Needs human review
dashboard_intensity,DashboardScreen,Intensity: %d/10,तीव्रता: %d/10,teevrata: %d/10,,Needs human review
dashboard_lets_begin,DashboardScreen,Let\'s begin,चलिए शुरू करें,chaliye shuru karein,,Needs human review
dashboard_manage_goals,DashboardScreen,Manage Goals,Goals manage करें,Goals manage karein,Latin text in Hindi: inspect names/technical terms,Needs human review
dashboard_monthly_snapshot,DashboardScreen,Monthly Snapshot,मासिक स्नैपशॉट,Monthly Snapshot,,Needs human review
dashboard_monthly_snapshot_help,DashboardScreen,A quick look at your performance this month.,इस महीने की performance पर एक quick नज़र।,Is mahine ki performance par ek quick nazar.,Latin text in Hindi: inspect names/technical terms,Needs human review
dashboard_mood_checkin_title,DashboardScreen,Today\'s Mood Check-In,आज का mood check-in,Today’s Mood Check-In,Latin text in Hindi: inspect names/technical terms,Needs human review
dashboard_new_achievement,DashboardScreen,You unlocked a new achievement!,आपने एक नया achievement unlock किया!,apne ek naya achievement unlock kiya!,Latin text in Hindi: inspect names/technical terms,Needs human review
dashboard_new_achievements,DashboardScreen,You have unlocked new achievements!,आपने नए achievements unlock किए!,apne naye achievements unlock kiye!,Latin text in Hindi: inspect names/technical terms,Needs human review
dashboard_no_checkin,,No check-in yet today,आज अभी तक चेक-इन नहीं किया,aaj abhi tak check-in nahi kiya,,Needs human review
dashboard_no_goals,DashboardScreen,No goals set for today,आज के लिए कोई goal scheduled नहीं है।,aaj ke liye koi goal scheduled nahi hai.,Latin text in Hindi: inspect names/technical terms,Needs human review
dashboard_no_mood_help,DashboardScreen,You haven\'t checked in your mood today. Reflecting on your state helps build self-awareness.,आज आपने mood check-in नहीं किया। थोड़ा रुककर अपनी feelings समझना self-awareness बढ़ाता है।,aaj apne mood check-in nahi kiya. thoda rukakara apni feelings samajhana self-awareness barhata hai.,Latin text in Hindi: inspect names/technical terms,Needs human review
dashboard_set_title,DashboardScreen,Tap to set achievement title,Achievement title set करने के लिए tap करें,Achievement title set karne ke liye tap karein,Latin text in Hindi: inspect names/technical terms,Needs human review
dashboard_streak,DashboardScreen,Streak,Streak,Streak,Latin text in Hindi: inspect names/technical terms,Needs human review
dashboard_streak_checkin,DashboardScreen,Check-In,चेक-इन,check-in,,Needs human review
dashboard_streak_goal,DashboardScreen,Goal,लक्ष्य,goal,,Needs human review
dashboard_streak_login,DashboardScreen,Login,लॉगिन,login,,Needs human review
dashboard_streaks,,Current Streaks,आपकी लगातार सक्रियता,Current Streaks,,Needs human review
dashboard_study_plan_progress,DashboardScreen,Study Plan Progress,Study plan progress,Study plan progress,Latin text in Hindi: inspect names/technical terms,Needs human review
dashboard_title,DashboardScreen,Dashboard,डैशबोर्ड,Dashboard,,Needs human review
dashboard_today_goals,DashboardScreen,Today\'s Goals,आज के goals,Today’s Goals,Latin text in Hindi: inspect names/technical terms,Needs human review
dashboard_today_mood,DashboardScreen,Today\'s Mood,आज का mood,Today’s Mood,Latin text in Hindi: inspect names/technical terms,Needs human review
dashboard_unlock_titles,DashboardScreen,Unlock achievements to earn titles,Titles पाने के लिए achievements unlock करें,Titles pane ke liye achievements unlock karein,Latin text in Hindi: inspect names/technical terms,Needs human review
dashboard_unlocked_badges,DashboardScreen,Unlocked Badges,Unlocked badges,Unlocked Badges,Latin text in Hindi: inspect names/technical terms,Needs human review
dashboard_unlocked_count,DashboardScreen,Badges %1$d,%1$d unlocked,%1$d unlocked,Latin text in Hindi: inspect names/technical terms,Needs human review
dashboard_view_achievements,DashboardScreen,View All Achievements,सभी achievements देखें,sabhi achievements dekhein,Latin text in Hindi: inspect names/technical terms,Needs human review
dashboard_view_full_report,DashboardScreen,View Full Report,Full report देखें,Full report dekhein,Latin text in Hindi: inspect names/technical terms,Needs human review
dashboard_view_streak_history,DashboardScreen,View Streak History,Streak history देखें,Streak history dekhein,Latin text in Hindi: inspect names/technical terms,Needs human review
dashboard_weekly_mood,DashboardScreen,Weekly Mood Trend,साप्ताहिक मूड ट्रेंड,weekly mood trend,,Needs human review
dashboard_weekly_mood_help,DashboardScreen,Your emotional journey from Monday to Sunday.,Monday से Sunday तक आपका emotional journey।,Monday se Sunday tak aapka mood kaisa raha.,Latin text in Hindi: inspect names/technical terms,Needs human review
dashboard_welcome_back,DashboardScreen,"Welcome back,","फिर से स्वागत है,","Welcome back,",,Needs human review
dashboard_welcome_overlay_body,DashboardScreen,"Your journey continues here.
Every small step forward counts — today is a new opportunity to grow, reflect, and be present.","आपका सफ़र यहीं से आगे बढ़ता है।\nहर छोटा step मायने रखता है—आज grow, reflect और present रहने का नया मौका है।","Aapka SAFAR yahin se aage badhta hai.\nHar chhota step maayne rakhta hai — aaj seekhne, sochne aur present rehne ka naya mauka hai.",Latin text in Hindi: inspect names/technical terms,Needs human review
dashboard_welcome_overlay_title,DashboardScreen,}} %1$s,"फिर से स्वागत है,\n%1$s","phir se swagat hai,\n%1$s",,Needs human review
day_fri,DashboardScreen,Fri,शुक्र,sukra,,Needs human review
day_full_fri,,Fri,शुक्रवार,Shukravaar,,Needs human review
day_full_mon,,Mon,सोमवार,Somvaar,,Needs human review
day_full_sat,,Sat,शनिवार,Shanivaar,,Needs human review
day_full_sun,,Sun,रविवार,Ravivaar,,Needs human review
day_full_thu,,Thu,गुरुवार,Guruvaar,,Needs human review
day_full_tue,,Tue,मंगलवार,Mangalvaar,,Needs human review
day_full_wed,,Wed,बुधवार,Budhvaar,,Needs human review
day_mon,DashboardScreen,Mon,सोम,soma,,Needs human review
day_sat,DashboardScreen,Sat,शनि,sani,,Needs human review
day_sun,DashboardScreen,Sun,रवि,ravi,,Needs human review
day_thu,DashboardScreen,Thu,गुरु,guru,,Needs human review
day_tue,DashboardScreen,Tue,मंगल,mangala,,Needs human review
day_wed,DashboardScreen,Wed,बुध,budha,,Needs human review
delete_account_confirm_password,DeleteAccountDialog,Confirm password,पासवर्ड कन्फ़र्म करें,password confirm karein,,Needs human review
delete_account_deleting,DeleteAccountDialog,Deleting…,डिलीट हो रहा है…,delete ho raha hai…,,Needs human review
delete_account_title,DeleteAccountDialog,Delete Account,अकाउंट डिलीट करें,account delete karein,,Needs human review
dhyan_active,DhyanCoursesScreen,Active,Active,Active,Latin text in Hindi: inspect names/technical terms,Needs human review
dhyan_alternate_nostril,BreathingVisualizer,Alternate Nostril Breathing,Alternate nostril breathing,Alternate nostril breathing,Latin text in Hindi: inspect names/technical terms,Needs human review
dhyan_audio_library,DhyanScreen,Meditation Audio Library,Meditation audio library,Meditation audio library,Latin text in Hindi: inspect names/technical terms,Needs human review
dhyan_available,DhyanCoursesScreen,AVAILABLE,Available,Available,Latin text in Hindi: inspect names/technical terms,Needs human review
dhyan_benefit_access,DhyanCoursesScreen,Daily Structure & 6 Months Access,Daily structure और 6 महीने का access,Daily structure aur 6 mahine ka access,Latin text in Hindi: inspect names/technical terms,Needs human review
dhyan_benefit_breathing,DhyanCoursesScreen,Diaphragmatic & Pranayama Breathing,Diaphragmatic और Pranayama breathing,Diaphragmatic aur Pranayama breathing,Latin text in Hindi: inspect names/technical terms,Needs human review
dhyan_benefit_guided_morning,DhyanCoursesScreen,Guided Morning Meditation & Yoga,Guided morning meditation और yoga,Guided morning meditation aur yoga,Latin text in Hindi: inspect names/technical terms,Needs human review
dhyan_breathing_sounds,DhyanScreen,Breathing sounds,Breathing sounds,Breathing sounds,Latin text in Hindi: inspect names/technical terms,Needs human review
dhyan_breathing_techniques,DhyanScreen,Breathing Techniques,Breathing techniques,Breathing techniques,Latin text in Hindi: inspect names/technical terms,Needs human review
dhyan_choose_breathe,DhyanScreen,Choose how you want to breathe,"आप कैसे breathe करना चाहते हैं, चुनें","aap kaise breathe karna chahte hain, chunein",Latin text in Hindi: inspect names/technical terms,Needs human review
dhyan_choose_guidance,DhyanScreen,Choose breathing guidance,Breathing guidance चुनें,Breathing guidance chunein,Latin text in Hindi: inspect names/technical terms,Needs human review
dhyan_choose_plan,DhyanCoursesScreen,CHOOSE YOUR PLAN,अपना plan चुनें,apna plan chunein,Latin text in Hindi: inspect names/technical terms,Needs human review
dhyan_choose_technique,DhyanScreen,Choose a breathing technique to start,शुरू करने के लिए breathing technique चुनें,shuru karne ke liye breathing technique chunein,Latin text in Hindi: inspect names/technical terms,Needs human review
dhyan_course_heading,DhyanCoursesScreen,Dhyan Course,Dhyan course,Dhyan course,Latin text in Hindi: inspect names/technical terms,Needs human review
dhyan_course_subtitle,DhyanCoursesScreen,Every morning join Parmar Sir for Meditation and Yoga sessions.,हर सुबह Parmar Sir के साथ meditation और yoga sessions join करें।,har subah Parmar Sir ke saath meditation aur yoga sessions join karein.,Latin text in Hindi: inspect names/technical terms,Needs human review
dhyan_course_title,DhyanCoursesScreen,SAFAR Yoga and Meditation Course,SAFAR Yoga और Meditation Course,SAFAR Yoga aur Meditation Course,Latin text in Hindi: inspect names/technical terms,Needs human review
dhyan_courses_tab,DhyanScreen; DhyanTopNavigation,Dhyan Live,Courses,Courses,Latin text in Hindi: inspect names/technical terms,Needs human review
dhyan_cycle_number,BreathingVisualizer,Cycle number %1$d,Cycle %1$d,Cycle %1$d,Latin text in Hindi: inspect names/technical terms,Needs human review
dhyan_enroll_now,DhyanCoursesScreen,Enroll Now,अभी enroll करें,abhi enroll karein,Latin text in Hindi: inspect names/technical terms,Needs human review
dhyan_enrolled,DhyanCoursesScreen,Enrolled,Enrolled,Enrolled,Latin text in Hindi: inspect names/technical terms,Needs human review
dhyan_enrolled_active,DhyanCoursesScreen,ENROLLED & ACTIVE,Enrolled और active,Enrolled aur active,Latin text in Hindi: inspect names/technical terms,Needs human review
dhyan_exhale_left,BreathingVisualizer,Exhale Left,बाईं ओर से साँस छोड़ें,Exhale Left,,Needs human review
dhyan_exhale_right,BreathingVisualizer,Exhale Right,दाईं ओर से साँस छोड़ें,Exhale Right,,Needs human review
dhyan_faster,BreathingVisualizer,Faster,तेज़,Faster,,Needs human review
dhyan_go_to_live,DhyanCoursesScreen,Go to Dhyan Live →,Dhyan Live पर जाएं →,Dhyan Live par jaayein →,Latin text in Hindi: inspect names/technical terms,Needs human review
dhyan_guidance,DhyanScreen,Guidance,Guidance,Guidance,Latin text in Hindi: inspect names/technical terms,Needs human review
dhyan_guidance_audio_help,DhyanScreen,Guidance audio for your technique,आपकी technique के लिए guidance audio,aapki technique ke liye guidance audio,Latin text in Hindi: inspect names/technical terms,Needs human review
dhyan_inhale_left,BreathingVisualizer,Inhale Left,बाईं ओर से साँस लें,Inhale Left,,Needs human review
dhyan_inhale_right,BreathingVisualizer,Inhale Right,दाईं ओर से साँस लें,Inhale Right,,Needs human review
dhyan_latest_video_preview,DhyanYoutubeComponents,Latest Dhyan video preview,नए ध्यान वीडियो का प्रीव्यू,naye Dhyan video ka preview,,Needs human review
dhyan_latest_video_thumbnail_cd,DhyanYoutubeComponents,Latest Dhyan YouTube video thumbnail,नए ध्यान यूट्यूब वीडियो का थंबनेल,naye Dhyan YouTube video ka thumbnail,,Needs human review
dhyan_latest_video_title,DhyanYoutubeComponents,Latest Dhyan Video,नया ध्यान वीडियो,naya Dhyan video,,Needs human review
dhyan_left,BreathingVisualizer,Left,बायाँ,Left,,Needs human review
dhyan_live_tab,DhyanScreen; DhyanTopNavigation,Dhyan Live,Dhyan Live,Dhyan Live,Latin text in Hindi: inspect names/technical terms,Needs human review
dhyan_lower,BreathingVisualizer,Lower,नीचे,neeche,,Needs human review
dhyan_meditate,DhyanScreen,Meditate,Meditate करें,Meditate karein,Latin text in Hindi: inspect names/technical terms,Needs human review
dhyan_minutes_short,DhyanScreen,SESSION LENGTH %1$d,%1$d min,%1$d min,Latin text in Hindi: inspect names/technical terms,Needs human review
dhyan_nadi_shodhana,BreathingVisualizer,Nadi Shodhana,नाड़ी शोधन,Nadi Shodhana,,Needs human review
dhyan_nadi_tip,BreathingVisualizer,"Tip: Nadi Shodhana balances the left and right hemispheres of the brain, promoting calmness and mental clarity. Practice for 5–10 minutes daily.","Tip: नाड़ी शोधन brain के left और right sides को balance करने में मदद करता है, जिससे calm और mental clarity मिलती है। रोज़ 5–10 मिनट practice करें।","Tip: nari sodhana brain ke left aur right sides ko balance karne mein madad karta hai, jisse calm aur mental clarity milti hai. roz 5–10 minute practice karein.",Latin text in Hindi: inspect names/technical terms,Needs human review
dhyan_pause_button,BreathingVisualizer,⏸ Pause,⏸ Pause,⏸ Pause,Latin text in Hindi: inspect names/technical terms,Needs human review
dhyan_phase_exhale,BreathingVisualizer; DhyanScreen,EXHALE,साँस छोड़ें,EXHALE,,Needs human review
dhyan_phase_hold,BreathingVisualizer; DhyanScreen,Hold,रोकें,Hold,,Needs human review
dhyan_phase_inhale,BreathingVisualizer; DhyanScreen,INHALE,साँस लें,INHALE,,Needs human review
dhyan_phase_number,BreathingVisualizer,Phase number %1$d,Phase %1$d/6,Phase %1$d/6,Latin text in Hindi: inspect names/technical terms,Needs human review
dhyan_phase_rest,BreathingVisualizer; DhyanScreen,Phase rest,आराम,Rest,,Needs human review
dhyan_play_button,BreathingVisualizer,▶ Play,▶ Play,▶ Play,Latin text in Hindi: inspect names/technical terms,Needs human review
dhyan_premium_price_note,DhyanCoursesScreen,or from ₹29 for active Premium,या active Premium के साथ ₹29 से,ya active Premium ke saath ₹29 se,Latin text in Hindi: inspect names/technical terms,Needs human review
dhyan_reload_live_sessions,DhyanScreen,Reload live sessions,Live sessions reload करें,Live sessions reload karein,Latin text in Hindi: inspect names/technical terms,Needs human review
dhyan_reset_button,BreathingVisualizer,↻ Reset,↻ Reset,↻ Reset,Latin text in Hindi: inspect names/technical terms,Needs human review
dhyan_right,BreathingVisualizer,Right,दायाँ,Right,,Needs human review
dhyan_rise,BreathingVisualizer,Rise,ऊपर,upar,,Needs human review
dhyan_session_length,DhyanScreen,SESSION LENGTH,Session length,Session length,Latin text in Hindi: inspect names/technical terms,Needs human review
dhyan_silent_guidance,DhyanScreen,Silent Guidance,Silent guidance,Silent guidance,Latin text in Hindi: inspect names/technical terms,Needs human review
dhyan_silent_guidance_desc,DhyanScreen,Silent Guidance,Breathing technique के दौरान कोई background music नहीं,Breathing technique ke dauraan koi background music nahi,Latin text in Hindi: inspect names/technical terms,Needs human review
dhyan_slower,BreathingVisualizer,Slower,धीमा,Slower,,Needs human review
dhyan_speed,BreathingVisualizer,Speed,Speed,Speed,Latin text in Hindi: inspect names/technical terms,Needs human review
dhyan_technique_478,DhyanScreen,Deep relaxation for anxiety and sleep,4-7-8 breathing,4-7-8 breathing,Latin text in Hindi: inspect names/technical terms,Needs human review
dhyan_technique_478_desc,DhyanScreen,Deep relaxation for anxiety and sleep,Anxiety और sleep के लिए deep relaxation,Anxiety aur sleep ke liye deep relaxation,Latin text in Hindi: inspect names/technical terms,Needs human review
dhyan_technique_678,DhyanScreen,Deep relaxation for anxiety and sleep,6-7-8 breathing,6-7-8 breathing,Latin text in Hindi: inspect names/technical terms,Needs human review
dhyan_technique_678_desc,DhyanScreen,Deep relaxation for anxiety and sleep,Deep calm के लिए थोड़ा slow inhale,Deep calm ke liye thoda slow inhale,Latin text in Hindi: inspect names/technical terms,Needs human review
dhyan_technique_box,DhyanScreen,Box Breathing,Box breathing,Box breathing,Latin text in Hindi: inspect names/technical terms,Needs human review
dhyan_technique_box_desc,DhyanScreen,Box Breathing,Stress कम करने के लिए rhythmic 4-4-4-4 breathing,Stress kam karne ke liye rhythmic 4-4-4-4 breathing,Latin text in Hindi: inspect names/technical terms,Needs human review
dhyan_technique_diaphragmatic,DhyanScreen,Diaphragmatic,Diaphragmatic,Diaphragmatic,Latin text in Hindi: inspect names/technical terms,Needs human review
dhyan_technique_diaphragmatic_desc,DhyanScreen,Diaphragmatic,Full oxygen exchange के लिए belly breathing,Full oxygen exchange ke liye belly breathing,Latin text in Hindi: inspect names/technical terms,Needs human review
dhyan_technique_pattern,DhyanScreen,Breathing techniques %1$s %2$s,%1$s · %2$s,%1$s · %2$s,,Needs human review
dhyan_technique_pursed_lip,DhyanScreen,Pursed Lip,Pursed lip,Pursed lip,Latin text in Hindi: inspect names/technical terms,Needs human review
dhyan_technique_pursed_lip_desc,DhyanScreen,Pursed Lip,Breathing धीमी करता है और airways open रखता है,Breathing dhimi karta hai aur airways open rakhta hai,Latin text in Hindi: inspect names/technical terms,Needs human review
dhyan_watch_on_youtube,DhyanYoutubeComponents,Watch on YouTube,यूट्यूब पर देखें,YouTube par dekhein,,Needs human review
dhyan_your_access,DhyanCoursesScreen,YOUR ACCESS,आपका access,aapka access,Latin text in Hindi: inspect names/technical terms,Needs human review
dhyan_youtube_channel_cta,DhyanYoutubeComponents,View SAFAR YouTube Channel,SAFAR यूट्यूब चैनल देखें,SAFAR YouTube channel dekhein,Latin text in Hindi: inspect names/technical terms,Needs human review
dhyan_youtube_channel_hint,DhyanYoutubeComponents,Tap for the latest guidance on YouTube,यूट्यूब पर ताज़ा जानकारी के लिए टैप करें,YouTube par taza jaankari ke liye tap karein,,Needs human review
dhyan_youtube_modal_body,DhyanYoutubeComponents,Discover our latest video on YouTube.,यूट्यूब पर हमारा नया वीडियो देखें।,YouTube par hamara naya video dekhein.,,Needs human review
dhyan_youtube_modal_title,DhyanYoutubeComponents,Latest Video,नवीनतम वीडियो,latest video,,Needs human review
drawer_collapse,SafarDrawer,Collapse,बंद करें,band karein,,Needs human review
drawer_dark_mode,SafarDrawer,Dark Mode,Dark mode,Dark mode,Latin text in Hindi: inspect names/technical terms,Needs human review
drawer_dark_theme_enabled,SafarDrawer,Dark theme enabled,Dark theme चालू है,Dark theme chalu hai,Latin text in Hindi: inspect names/technical terms,Needs human review
drawer_default_user_name,SafarDrawer,Aspirant,Aspirant,Aspirant,Latin text in Hindi: inspect names/technical terms,Needs human review
drawer_expand,SafarDrawer,Expand,खोलें,kholein,,Needs human review
drawer_light_mode,SafarDrawer,Light Mode,Light mode,Light mode,Latin text in Hindi: inspect names/technical terms,Needs human review
drawer_light_theme_enabled,SafarDrawer,Light theme enabled,Light theme चालू है,Light theme chalu hai,Latin text in Hindi: inspect names/technical terms,Needs human review
drawer_premium_active,SafarDrawer,Premium Active,Premium active है,Premium active hai,Latin text in Hindi: inspect names/technical terms,Needs human review
drawer_premium_locked,SafarDrawer,Premium locked,Premium locked है,Premium locked hai,Latin text in Hindi: inspect names/technical terms,Needs human review
drawer_section_study_productivity,SafarDrawer,Study & Productivity,अध्ययन और उत्पादकता,Study & Productivity,,Needs human review
drawer_section_well_being_community,SafarDrawer,Well-being & Community,कल्याण और समुदाय,Well-being & Community,,Needs human review
drawer_tagline,,Your wellness journey,आपकी मानसिक स्वास्थ्य यात्रा,Aapki well-being journey,,Needs human review
drawer_upgrade,SafarDrawer,Drawer upgrade,UPGRADE,UPGRADE,Latin text in Hindi: inspect names/technical terms,Needs human review
drawer_user_profile,SafarDrawer,User Profile,User profile,User profile,Latin text in Hindi: inspect names/technical terms,Needs human review
ekagra_add_subject,EkagraTagSelector,Add subject,विषय जोड़ें,Subject jodein,,Needs human review
ekagra_add_subject_short,,Add subject short,+ विषय,+ Subject,,Needs human review
ekagra_after_saving,EkagraSheets,After saving,सहेजने के बाद,save karne ke baad,,Needs human review
ekagra_alarm_access_enabled,EkagraDurationTab,Precise alerts are enabled. Your sound or vibration preference still applies.,समय पर अलर्ट चालू हैं। आवाज़ या कंपन की आपकी चुनी हुई सेटिंग लागू रहेगी।,Precise alerts on hain. Aapki sound ya vibration setting wahi rahegi.,,Needs human review
ekagra_alarm_access_needed,EkagraDurationTab,"Allow Alarms & reminders for timely alerts. Without access, background alerts may be delayed.",समय पर अलर्ट पाने के लिए ‘अलार्म और रिमाइंडर’ की अनुमति दें। इसके बिना बैकग्राउंड अलर्ट देर से आ सकते हैं।,Time par alerts paane ke liye Alarms & reminders allow karein. Bina permission ke background alerts late aa sakte hain.,,Needs human review
ekagra_alarm_access_title,EkagraDurationTab,Timer alerts while your screen is off,स्क्रीन बंद होने पर भी टाइमर अलर्ट,Screen off hone par bhi timer alerts,,Needs human review
ekagra_alert_sound,EkagraDurationTab,Sound,आवाज़,Sound,,Needs human review
ekagra_alert_vibrate,EkagraDurationTab,Vibrate,कंपन,Vibrate,,Needs human review
ekagra_all,EkagraHistoryTab,All,सभी,All,,Needs human review
ekagra_all_count,,All count %1$d,सभी (%1$d),sabhi (%1$d),,Needs human review
ekagra_allow_alarms,EkagraDurationTab,Allow alarms & reminders,अलार्म और रिमाइंडर की अनुमति दें,Allow alarms & reminders,,Needs human review
ekagra_ambient_sound,,Ambient Sound,शांत वातावरण की आवाज़,Ambient sound,,Needs human review
ekagra_apps_to_block,EkagraScreen,Apps to Block,ब्लॉक करने वाले ऐप्स,block karne waale apps,,Needs human review
ekagra_audio,EkagraDurationTab,Background audio is playing,बैकग्राउंड ऑडियो,Audio,,Needs human review
ekagra_audio_muted,EkagraDurationTab,Background audio is muted,बैकग्राउंड ऑडियो बंद है,Background audio mute hai,,Needs human review
ekagra_audio_playing,EkagraDurationTab,Background audio is playing,बैकग्राउंड ऑडियो चल रहा है,Background audio chal raha hai,,Needs human review
ekagra_auto_start_breaks,EkagraDurationTab,Auto-start next period,अगला चरण अपने-आप शुरू करें,Agla period apne aap shuru karein,,Needs human review
ekagra_break,EkagraDurationTab; EkagraModels; EkagraTimerTab,Break,ब्रेक,Break,,Needs human review
ekagra_break_auto_help,EkagraDurationTab,Breaks and focus periods start automatically,ब्रेक और पढ़ाई का समय अपने-आप शुरू होंगे,Break aur focus apne aap shuru honge,,Needs human review
ekagra_break_manual_help,EkagraDurationTab,Tap Start after each focus period and break,पढ़ाई और ब्रेक के बाद हर बार शुरू करें दबाएँ,Har focus aur break ke baad Start dabayein,,Needs human review
ekagra_break_minutes,,%d min break,%d मिनट का ब्रेक,%d min ka break,,Needs human review
ekagra_break_running,EkagraTimerTab,Break in progress,ब्रेक चल रहा है,Break chal raha hai,,Needs human review
ekagra_break_time,,Break Time,ब्रेक का समय,Break time,,Needs human review
ekagra_choose_alert_style,EkagraDurationTab,Choose timer alert style,टाइमर अलर्ट का तरीका चुनें,Timer alert style chunein,,Needs human review
ekagra_choose_theme,,Choose Theme,थीम चुनें,Choose Theme,,Needs human review
ekagra_clear,EkagraHistoryTab,Clear,हटाएँ,Clear,,Needs human review
ekagra_collapse,TimerBubbleOverlay,Collapse,छोटा करें,chhota karein,,Needs human review
ekagra_confirm_link,EkagraSheets,CONFIRM LINK,जोड़ने की पुष्टि,CONFIRM LINK,,Needs human review
ekagra_confirm_save,EkagraSheets,CONFIRM SAVE,सहेजने की पुष्टि,CONFIRM SAVE,,Needs human review
ekagra_custom_duration,EkagraDurationTab,Custom value,अपनी अवधि दर्ज करें,Custom duration daalein,,Needs human review
ekagra_decrease,,Decrease,घटाएँ,Decrease,,Needs human review
ekagra_delete_subject_named,EkagraTagSelector,Delete subject named %1$s,%1$s हटाएँ,%1$s hataayein,,Needs human review
ekagra_done,EkagraSheets,Done,हो गया,Done,,Needs human review
ekagra_edit_session,,Edit session,सेशन संपादित करें,Session badlein,,Needs human review
ekagra_end_break,EkagraTimerTab,End break,ब्रेक खत्म करें,Break khatam karein,,Needs human review
ekagra_end_session,,End session,सेशन खत्म करें,End session,,Needs human review
ekagra_end_session_body,EkagraScreen,Your focus time so far will still be saved.,अभी तक की पढ़ाई का समय फिर भी सहेज लिया जाएगा।,abhi tak ka focus time phir bhi save ho jaayega.,,Needs human review
ekagra_end_session_question,EkagraScreen,End this session?,सेशन खत्म करें?,session khatam karein?,,Needs human review
ekagra_ended_early,,Ended early,समय से पहले खत्म हुआ,jaldi khatam hua,,Needs human review
ekagra_enter_session_name,EkagraHistoryTab,Enter session name…,सेशन का नाम लिखें…,session ka naam likhein…,,Needs human review
ekagra_exam_planner_topic,EkagraSheets; TopicStudySaveSheet,Exam Planner topic,एग्ज़ाम प्लानर टॉपिक,exam planner topic,,Needs human review
ekagra_expand_timer,TimerBubbleOverlay,Expand timer,टाइमर बड़ा करें,timer baar karein,,Needs human review
ekagra_filter_by_subject,,Filter by subject,विषय के अनुसार छाँटें,SUBJECT se FILTER karein,,Needs human review
ekagra_filter_by_tag,EkagraHistoryTab,FILTER BY TAG,टैग से छाँटें,FILTER BY TAG,,Needs human review
ekagra_finish_topic_question,TopicStudySaveSheet,Did you finish this topic?,क्या यह विषय पूरा हो गया?,kya yeh topic poora ho gaya?,,Needs human review
ekagra_floating_timer_body,EkagraScreen,Allow SAFAR to show a small timer bubble on the side of your screen while you use other apps.,दूसरे ऐप इस्तेमाल करते समय SAFAR को स्क्रीन के किनारे छोटा टाइमर दिखाने की अनुमति दें।,Doosre apps use karte waqt SAFAR ko screen ke side mein chhota timer dikhane ki permission dein.,Latin text in Hindi: inspect names/technical terms,Needs human review
ekagra_floating_timer_title,EkagraScreen,Show floating timer?,फ़्लोटिंग टाइमर दिखाएँ?,Floating timer dikhana hai?,,Needs human review
ekagra_focus,,Ekagra,एकाग्रता,Ekagra,,Needs human review
ekagra_focusing,EkagraTimerTab,FOCUSING,पढ़ाई जारी है,FOCUS jaari hai,,Needs human review
ekagra_goal_link_explainer,EkagraSheets,Your session is saved in Ekagra. Link it to a goal to add the same study time there too.,आपका सेशन एकाग्र में सहेजा गया है। इसे लक्ष्य से जोड़ेंगे तो पढ़ाई का यही समय वहाँ भी जुड़ जाएगा।,aapka session Ekagra mein save hai. ise goal se link karenge to yahi study time vaham bhi jura jaayega.,,Needs human review
ekagra_goal_link_today_only,EkagraSheets,"You can link goals created today. If you don’t have one yet, create a goal first.","आज बनाए गए लक्ष्य ही जोड़ सकते हैं। अभी कोई लक्ष्य नहीं है, तो पहले एक बना लें।","aaj banaye goals hi link kar sakte hain. abhi koi nahi hai, to pehle goal bana lein.",,Needs human review
ekagra_goal_linked_open,,Goal linked open,लक्ष्य से जुड़ा · लक्ष्य अभी चालू है,Goal se linked · Goal abhi open hai,,Needs human review
ekagra_grant_permission,EkagraScreen,Grant Permission,अनुमति दें,Grant Permission,,Needs human review
ekagra_history_help,,History help,"सहेजे गए सभी सेशन यहाँ दिखेंगे, लक्ष्य से जुड़े सेशन भी। पूरे हुए लक्ष्य, लक्ष्य → पूरा हुआ में भी दिखेंगे।","har saved session yahan dikhega, goals se linked sessions bhi. pure goals Goals → Completed mein bhi dikhenge.",,Needs human review
ekagra_history_title,EkagraHistoryTab; EkagraModels,History,इतिहास,History,,Needs human review
ekagra_increase,,Increase,बढ़ाएँ,Increase,,Needs human review
ekagra_kavach_active,EkagraTimerTab,Kavach Always On · Active,कवच हमेशा चालू · सक्रिय,Kavach active hai,,Needs human review
ekagra_kavach_always_active,EkagraTimerTab,Kavach Always On · Active,कवच हमेशा चालू · सक्रिय,Kavach Always On · Active,,Needs human review
ekagra_kavach_off,EkagraTimerTab,Kavach off,कवच बंद है,Kavach off hai,,Needs human review
ekagra_kavach_ready,EkagraTimerTab,Kavach ready,कवच तैयार है,Kavach ready hai,,Needs human review
ekagra_kavach_setup,EkagraScreen,Kavach Setup,कवच सेटअप,Kavach setup,,Needs human review
ekagra_kavach_starting,EkagraTimerTab,Kavach starting…,कवच शुरू हो रहा है…,Kavach shuru ho raha hai…,,Needs human review
ekagra_kavach_unavailable,EkagraTimerTab,Kavach unavailable,कवच अभी उपलब्ध नहीं है,Kavach abhi available nahi hai,,Needs human review
ekagra_keep_in_ekagra,EkagraSheets,"No thanks, keep in Ekagra","नहीं, एकाग्र में ही रहने दें","No thanks, Ekagra mein hi rakhein",,Needs human review
ekagra_keep_running,EkagraScreen,Keep running,चलता रहने दें,Keep running,,Needs human review
ekagra_link_goal,EkagraHistoryTab; EkagraSheets,Link to a goal,किसी लक्ष्य से जोड़ें,kisi goal se jodein,,Needs human review
ekagra_link_goal_mark_done,EkagraSheets,Link Goal & Mark Done,लक्ष्य जोड़ें और पूरा करें,Link Goal & Mark Done,,Needs human review
ekagra_localized_all_count,EkagraHistoryTab,All (%1$d),सभी (%1$d),All (%1$d),,Needs human review
ekagra_localized_pick_date,EkagraHistoryTab,Pick a date,तारीख चुनें,Pick a date,,Needs human review
ekagra_long_session_intro,EkagraScreen,Hey! Long session ahead? We’ll send a quick check-in every 4 hours so your progress stays on track ✨,"लंबा सेशन है? आपकी प्रगति बनी रहे, इसके लिए हम हर 4 घंटे में छोटा चेक-इन भेजेंगे ✨","Long session hai? Progress track par rahe, isliye hum har 4 ghante mein ek quick check-in bhejenge ✨",,Needs human review
ekagra_mark_topic_completed,EkagraSheets,Mark topic as completed,विषय को पूरा हुआ चिह्नित करें,Topic ko completed mark karein,,Needs human review
ekagra_marking_topic_done,TopicStudySaveSheet,Marking topic as done…,विषय को पूरा हुआ चिह्नित किया जा रहा है…,Topic done mark ho raha hai…,,Needs human review
ekagra_minutes,,%d min,%d मिनट,%d min,,Needs human review
ekagra_mode_stopwatch,EkagraModels,Stopwatch,स्टॉपवॉच,Stopwatch,,Needs human review
ekagra_mode_switch_body,EkagraScreen,Your active %1$s session will be saved and ended. Continue?,आपका चल रहा %1$s सेशन सहेजकर खत्म कर दिया जाएगा। आगे बढ़ें?,Aapka chalta hua %1$s session save karke band ho jayega. Continue karein?,,Needs human review
ekagra_mode_switch_title,EkagraScreen,Switch to %1$s?,%1$s पर स्विच करें?,%1$s par switch karna hai?,,Needs human review
ekagra_name_session,EkagraSheets,Name this session,इस सेशन का नाम रखें,is session ko naam dein,,Needs human review
ekagra_nav_music,EkagraModels,Music,संगीत,Music,,Needs human review
ekagra_new_subject,EkagraTagSelector,New subject,नया विषय,naya subject,,Needs human review
ekagra_no_open_goals_today,EkagraSheets,No open goals today. Your session is already saved.,आज कोई चालू लक्ष्य नहीं है। आपका सेशन सहेजा जा चुका है।,aaj koi open goal nahi hai. aapka session save ho cuka hai.,,Needs human review
ekagra_no_sessions_for_tag,,No sessions for tag %1$s,“%1$s” के लिए कोई सेशन नहीं मिला।,“%1$s” ke liye koi session nahi mila.,,Needs human review
ekagra_no_sessions_found,,No sessions found,कोई सेशन नहीं मिला।,koi session nahi mila.,,Needs human review
ekagra_no_sessions_yet,,No sessions yet,अभी कोई एकाग्र सेशन नहीं है।,abhi koi Ekagra session nahi hai.,,Needs human review
ekagra_no_stopwatch_found,,No stopwatch found,कोई स्टॉपवॉच सेशन नहीं मिला।,koi stopwatch session nahi mila.,,Needs human review
ekagra_no_stopwatch_yet,,No stopwatch yet,अभी कोई स्टॉपवॉच सेशन नहीं है।,abhi koi stopwatch session nahi hai.,,Needs human review
ekagra_no_subject_count,,No subject count %1$d,बिना विषय (%1$d),bina subject (%1$d),,Needs human review
ekagra_not_now,EkagraScreen,Not Now,अभी नहीं,Not Now,,Needs human review
ekagra_not_yet,TopicStudySaveSheet,Not yet,अभी नहीं,abhi nahi,,Needs human review
ekagra_nothing_in_range,,Nothing in range,इस तारीख की सीमा में कुछ नहीं है।,is date range mein kuch nahi hai.,,Needs human review
ekagra_nothing_range,EkagraHistoryTab,Nothing in this range.,चुनी गई अवधि में कुछ नहीं है।,is range mein kuch nahi hai.,,Needs human review
ekagra_other_mode_active,EkagraTimerTab,Your %1$s session is still active.,आपका %1$s सेशन अभी भी चालू है।,Aapka %1$s session abhi bhi active hai.,,Needs human review
ekagra_pause,,Pause,रोकें,Pause,,Needs human review
ekagra_paused,EkagraTimerTab,PAUSED,रुका हुआ है,PAUSED,,Needs human review
ekagra_pick_date,,Pick date,तारीख चुनें,Date chunein,,Needs human review
ekagra_play_ambient_body,EkagraScreen,Want ambient sounds or Indian classical ragas while you focus?,पढ़ते समय हल्की बैकग्राउंड आवाज़ें या भारतीय शास्त्रीय राग सुनना चाहेंगे?,Focus karte samay ambient sounds ya Indian classical ragas sunana cahenge?,,Needs human review
ekagra_play_ambient_question,EkagraScreen,Play some focus music?,पढ़ाई के लिए संगीत चलाएँ?,Focus music chalayen?,,Needs human review
ekagra_pomodoro,EkagraDurationTab; EkagraModels,Pomodoro,पोमोडोरो,Pomodoro,,Needs human review
ekagra_pomodoro_break_minutes,EkagraDurationTab,Break minutes,ब्रेक के मिनट,Break minutes,,Needs human review
ekagra_pomodoro_custom,EkagraDurationTab,Custom,कस्टम,Custom,,Needs human review
ekagra_pomodoro_custom_summary,EkagraDurationTab,Use the same focus and break duration for every round.,हर राउंड में पढ़ाई और ब्रेक की अवधि एक जैसी रहेगी।,Har round mein focus aur break ka time same rahega.,,Needs human review
ekagra_pomodoro_focus_minutes,EkagraDurationTab,Focus minutes,पढ़ाई के मिनट,Focus minutes,,Needs human review
ekagra_pomodoro_loops_question,EkagraDurationTab,How many focus-break loops would you like to run?,पढ़ाई और ब्रेक के कितने राउंड चलाने हैं?,kitne focus aur break rounds chalne hain?,,Needs human review
ekagra_pomodoro_running,EkagraTimerTab,Pomodoro running,पोमोडोरो चल रहा है,Pomodoro chal raha hai,,Needs human review
ekagra_pomodoro_traditional,EkagraDurationTab,Traditional,पारंपरिक,Traditional,,Needs human review
ekagra_pomodoro_traditional_summary,EkagraDurationTab,4 rounds · 25 min focus · 5 min breaks · 15 min final break,4 राउंड · 25 मिनट पढ़ाई · 5 मिनट ब्रेक · अंत में 15 मिनट ब्रेक,4 rounds · 25 min focus · 5 min breaks · last mein 15 min break,,Needs human review
ekagra_presence_confirm_body,,The timer is paused until you confirm.,आपकी पुष्टि तक टाइमर रुका रहेगा।,Confirm karne tak timer pause rahega.,,Needs human review
ekagra_presence_missed_body,,We missed your check-in. Resume this same session when you\'re ready.,आपका चेक-इन छूट गया। तैयार हों तो इसी सेशन को दोबारा शुरू करें।,aapka check-in chhoot gaya. ready ho to yahi session dobara shuru karein.,,Needs human review
ekagra_presence_no,EkagraPresencePrompt; TimerService,No,नहीं,No,,Needs human review
ekagra_presence_paused_body,,Your timer is paused. Tap Yes to continue this session.,आपका टाइमर रुका हुआ है। इस सत्र को जारी रखने के लिए हाँ दबाएँ।,Aapka timer pause hai. Is session ko continue karne ke liye Yes dabayein.,,Needs human review
ekagra_presence_question,EkagraPresencePrompt; TimerService,Are you still there?,अभी भी पढ़ रहे हैं?,abhi bhi padh rahe hain?,,Needs human review
ekagra_presence_ranked_body,EkagraPresencePrompt; TimerService,Tap Yes within 30 minutes to keep earning leaderboard time. Your timer will keep running.,लीडरबोर्ड का समय जारी रखने के लिए 30 मिनट के भीतर हाँ दबाएँ। आपका टाइमर चलता रहेगा।,Leaderboard time jaari rakhne ke liye 30 minute ke andar Yes dabayein. Timer chalta rahega.,,Needs human review
ekagra_presence_running_body,,Your timer is still running. This is only a friendly check-in.,आपका टाइमर अभी चल रहा है। यह सिर्फ़ एक दोस्ताना चेक-इन है।,Aapka timer abhi chal raha hai. Yeh sirf ek friendly check-in hai.,,Needs human review
ekagra_protection_active,KavachAlwaysOnService,Protection active,सुरक्षा चालू है,protection chalu hai,,Needs human review
ekagra_quick_save,EkagraScreen; EkagraSheets,Quick Save,तुरंत सहेजें,Quick Save,,Needs human review
ekagra_ranked_attendance_expired,EkagraScreen,Attendance expired. Further time stays in personal history.,हाज़िरी की पुष्टि का समय निकल गया। इसके बाद का समय आपके निजी इतिहास में सहेजा जाएगा।,Attendance expire ho gayi. Ab aage ka time personal history mein save hoga.,,Needs human review
ekagra_ranked_connection_needed,EkagraScreen,Personal time is saved. Ranked time needs a connection.,आपकी पढ़ाई का समय सहेजा गया है। रैंकिंग में समय जोड़ने के लिए इंटरनेट कनेक्शन चाहिए।,Personal time save hota hai. Ranked time ke liye connection chahiye.,,Needs human review
ekagra_ranked_limited,,Ranked limited,· कनेक्शन या हाज़िरी की जाँच के कारण रैंकिंग में कम समय जुड़ा,· Connection ya attendance checks ki wajah se ranked time kam raha,,Needs human review
ekagra_ranked_minutes,,Ranked minutes %1$d,रैंकिंग का समय: %1$d मिनट,Ranked: %1$d min,,Needs human review
ekagra_ranked_offline,EkagraScreen,Offline: personal time continues; ranked time may be lower.,"इंटरनेट नहीं है: आपकी पढ़ाई का समय चलता रहेगा, लेकिन रैंकिंग में कम समय जुड़ सकता है।","Offline hain: personal time chalta rahega, lekin ranked time kam ho sakta hai.",,Needs human review
ekagra_ranked_time_status,EkagraScreen,Ranked time: %1$d min · Personal time is saved separately.,रैंकिंग का समय: %1$d मिनट · आपका निजी समय अलग से सहेजा गया है।,Ranked time: %1$d min · Personal time alag se save hota hai.,,Needs human review
ekagra_ranked_unavailable,EkagraScreen,Ranked time is unavailable. Your personal time is still saved.,रैंकिंग का समय उपलब्ध नहीं है। आपकी पढ़ाई का समय फिर भी सहेजा गया है।,Ranked time abhi available nahi hai. Personal time phir bhi save hota hai.,,Needs human review
ekagra_ready,EkagraTimerTab,Ready to focus,पढ़ाई शुरू करने के लिए तैयार,Focus start karein,,Needs human review
ekagra_ready_break,EkagraTimerTab,Ready for a break,ब्रेक के लिए तैयार,Break ke liye ready,,Needs human review
ekagra_ready_pomodoro,EkagraTimerTab,Ready for Pomodoro,पोमोडोरो के लिए तैयार,Pomodoro ke liye ready,,Needs human review
ekagra_ready_start,EkagraTimerTab,Ready to start,शुरू करने के लिए तैयार,shuru karne ke liye ready,,Needs human review
ekagra_remove_subject,EkagraTagSelector,Remove subject,विषय हटाएँ,Subject hataayein,,Needs human review
ekagra_remove_subject_body,EkagraTagSelector,Remove subject body %1$s,“%1$s” हटाएँ? पुराने सेशन में इसका नाम बना रहेगा।,“%1$s” hataayein? purane sessions par yeh label rahega.,,Needs human review
ekagra_rename_session,EkagraHistoryTab,Rename session,सेशन का नाम बदलें,session ka naam badlein,,Needs human review
ekagra_reset,,Reset,रीसेट,Reset,,Needs human review
ekagra_retry_save,EkagraHistoryTab,Retry save,फिर से सहेजें,Retry save,,Needs human review
ekagra_retry_sync,EkagraHistoryTab,Retry sync,फिर से सिंक करें,Retry sync,,Needs human review
ekagra_running,EkagraTimerTab,Ekagra running,एकाग्र चल रहा है,Ekagra chal raha hai,,Needs human review
ekagra_save_action,EkagraSheets,Save,सहेजें,Save,,Needs human review
ekagra_save_body,EkagraSheets,Your study time will be saved.,आपकी पढ़ाई का समय सहेजा जाएगा।,Study time save ho jayega.,,Needs human review
ekagra_save_goal_completed,EkagraSheets,"Your session will appear in Ekagra history, linked to this goal. The goal will also appear in Goals → Completed.",आपका सेशन इस लक्ष्य से जुड़कर एकाग्र के इतिहास में दिखेगा। लक्ष्य → पूरा हुआ में भी यह लक्ष्य दिखेगा।,Session Ekagra history mein is goal ke saath dikhega. Goal Goals → Completed mein bhi dikhega.,,Needs human review
ekagra_save_goal_open,EkagraSheets,"Your session will appear in Ekagra history, linked to this goal. The goal stays active for your next session.",आपका सेशन इस लक्ष्य से जुड़कर एकाग्र के इतिहास में दिखेगा। लक्ष्य अगले सेशन के लिए चालू रहेगा।,Session Ekagra history mein is goal ke saath dikhega. Goal agle session ke liye active rahega.,,Needs human review
ekagra_save_history_body,EkagraSheets,Your study time will be saved to your Ekagra history.,आपकी पढ़ाई का समय एकाग्र के इतिहास में सहेजा जाएगा।,Study time Ekagra history mein save ho jayega.,,Needs human review
ekagra_save_session,EkagraSheets,Save session,सेशन सहेजें,Save Session,,Needs human review
ekagra_save_session_question,EkagraSheets,Save this session?,यह सेशन सहेजें?,Is session ko save karna hai?,,Needs human review
ekagra_save_to_history,EkagraSheets,Save this session to your Ekagra history.,इस सेशन को एकाग्र के इतिहास में सहेजें।,Is session ko Ekagra history mein save karein.,,Needs human review
ekagra_save_to_named_question,EkagraSheets,Save to “%1$s”?,“%1$s” में सहेजें?,“%1$s” mein save karna hai?,,Needs human review
ekagra_save_topic_completed,EkagraSheets,Your study time will be saved and this topic will be marked completed in Exam Planner.,आपकी पढ़ाई का समय सहेजा जाएगा और एग्ज़ाम प्लानर में यह विषय पूरा हुआ चिह्नित हो जाएगा।,Study time save ho jayega aur yeh topic Exam Planner mein completed mark ho jayega.,,Needs human review
ekagra_save_topic_open,EkagraSheets,Your study time will be saved to this Exam Planner topic. The topic stays open.,आपकी पढ़ाई का समय एग्ज़ाम प्लानर के इस विषय में सहेजा जाएगा। विषय अभी पूरा चिह्नित नहीं होगा।,Study time is Exam Planner topic mein save ho jayega. Topic open rahega.,,Needs human review
ekagra_saved_waiting_sync,EkagraHistoryTab,Saved on this phone · Waiting to sync,इस फ़ोन पर सहेजा गया · सिंक होना बाकी है,Is phone mein save hai · Sync hone ka wait hai,,Needs human review
ekagra_saving_study_time,TopicStudySaveSheet,Saving study time…,पढ़ाई का समय सहेजा जा रहा है…,Study time save ho raha hai…,,Needs human review
ekagra_select_goal_to_link,EkagraSheets,Select a goal to link,जोड़ने के लिए लक्ष्य चुनें,Link karne ke liye goal select karein,,Needs human review
ekagra_select_tag_color,EkagraTagSelector,Select a color for this tag:,इस टैग के लिए रंग चुनें:,is tag ke liye rang chunein:,,Needs human review
ekagra_session_complete,EkagraSheets,Session complete,सेशन पूरा हुआ,session poora hua,,Needs human review
ekagra_session_name,EkagraHistoryTab,Session name,सेशन का नाम,session ka naam,,Needs human review
ekagra_session_name_placeholder,,Session name placeholder,सेशन का नाम लिखें…,Session ka naam likhein…,,Needs human review
ekagra_session_name_prompt,EkagraSheets,What were you working on?,आप किस चीज़ पर काम कर रहे थे?,aap kis cheez par kam kar rahe the?,,Needs human review
ekagra_session_name_sentence,EkagraSheets,Session name,सेशन का नाम,session ka naam,,Needs human review
ekagra_session_saved,EkagraSheets,SESSION SAVED,सेशन सहेज लिया गया,session save ho gaya,,Needs human review
ekagra_sessions,EkagraHistoryTab,Sessions,सेशन्स,Sessions,,Needs human review
ekagra_sessions_completed,,Sessions completed %1$d,%1$d सेशन पूरे हुए,%1$d sessions pure,,Needs human review
ekagra_set_duration_body,EkagraScreen,Want to choose how long you’ll focus before you begin?,शुरू करने से पहले तय करना चाहेंगे कि कितनी देर पढ़ेंगे?,shuru karne se pehle tay karna hai ki kitni der focus karenge?,,Needs human review
ekagra_set_duration_question,EkagraScreen,Set a focus time?,पढ़ाई का समय तय करें?,Focus time set karein?,,Needs human review
ekagra_set_rhythm,EkagraDurationTab,Set your rhythm,अपनी पढ़ाई का समय तय करें,apna rhythm set karein,,Needs human review
ekagra_shield_active,EkagraTimerTab,SHIELD ACTIVE,कवच चालू है,SHIELD ACTIVE,,Needs human review
ekagra_show_label,EkagraHistoryTab,SHOW,दिखाएँ,SHOW,,Needs human review
ekagra_show_more,EkagraHistoryTab,Show more,और दिखाएँ,Show more,,Needs human review
ekagra_song,,Song,संगीत,Music,,Needs human review
ekagra_song_binaural,,Binaural Beats,बाइनॉरल बीट्स,binaural beats,,Needs human review
ekagra_song_forest,,Forest Ambience,जंगल का वातावरण,jungle ka mahaul,,Needs human review
ekagra_song_lofi,,Lo-Fi Music,लो-फाई संगीत,Lo-Fi Music,,Needs human review
ekagra_song_rain,,Rain Sounds,बारिश की आवाज़,Rain Sounds,,Needs human review
ekagra_song_silence,,Silence,मौन,silence,,Needs human review
ekagra_start,,Start,शुरू करें,Start,,Needs human review
ekagra_start_anyway,EkagraScreen,Start anyway,फिर भी शुरू करें,Start anyway,,Needs human review
ekagra_start_break,,Start Break,ब्रेक शुरू करें,Start Break,,Needs human review
ekagra_start_pomodoro,EkagraDurationTab,Start Pomodoro,पोमोडोरो शुरू करें,Start Pomodoro,,Needs human review
ekagra_stat_avg_session,,Avg Session,औसत सेशन,Average session,,Needs human review
ekagra_stat_focus_time,,Ekagra Time,एकाग्रता समय,Ekagra time,,Needs human review
ekagra_stat_sessions,,Sessions,सेशन,Sessions,,Needs human review
ekagra_stopwatch_running,EkagraTimerTab,Stopwatch running,स्टॉपवॉच चल रही है,Stopwatch chal raha hai,,Needs human review
ekagra_study_finished,TopicStudySaveSheet,Study finished,पढ़ाई पूरी हुई,padhai poori hui,,Needs human review
ekagra_study_saved,TopicStudySaveSheet,✓ Study time saved,✓ पढ़ाई का समय सहेज लिया गया,✓ Study time save ho gaya,,Needs human review
ekagra_study_saved_error,TopicStudySaveSheet,Did you finish this topic? %1$s,क्या आपने यह विषय पूरा कर लिया?\n%1$s,Kya aapne yeh topic complete kar liya?\n%1$s,,Needs human review
ekagra_study_saved_offline,TopicStudySaveSheet,✓ Study time saved,✓ पढ़ाई का समय इस फ़ोन पर सहेज लिया गया\nइंटरनेट मिलने पर प्रगति अपने-आप अपडेट होगी।,✓ Study time save ho gaya\nOffline hain to progress baad mein update hoga.,,Needs human review
ekagra_studying_youtube,EkagraTimerTab,Studying on YouTube?,YouTube पर पढ़ रहे हैं?,YouTube par padh rahe hain?,Latin text in Hindi: inspect names/technical terms,Needs human review
ekagra_subject_examples,EkagraTagSelector,Subject examples,"जैसे भौतिक विज्ञान, जीव विज्ञान","jaise Physics, Biology",,Needs human review
ekagra_subject_name,EkagraTagSelector,Subject name,विषय का नाम,Subject ka naam,,Needs human review
ekagra_subject_optional,,Subject optional,विषय / टैग (वैकल्पिक),Subject / tag (optional),,Needs human review
ekagra_subject_overview,,Subject overview %1$s,%1$s का सारांश,%1$s overview,,Needs human review
ekagra_subject_tag_optional,EkagraSheets,Subject or tag (optional),विषय या टैग (वैकल्पिक),Subject ya tag (optional),,Needs human review
ekagra_subject_value,,Subject value %1$s,विषय: %1$s,Subject: %1$s,,Needs human review
ekagra_tab_analytics,,Analytics,विश्लेषण,Analytics,,Needs human review
ekagra_tab_break,,Break,ब्रेक,Break,,Needs human review
ekagra_tab_timer,,Timer,टाइमर,Timer,,Needs human review
ekagra_tag_color,EkagraTagSelector,Tag Color,टैग का रंग,tag ka rang,,Needs human review
ekagra_tag_color_named,EkagraTagSelector,Tag Color: %1$s,टैग का रंग: %1$s,tag ka rang: %1$s,,Needs human review
ekagra_take_break_buddy,EkagraDurationTab,A single Ekagra session can be up to 18 hours.,एकाग्र सेशन की अधिकतम अवधि 18 घंटे है।,Ek Ekagra session 18 ghante tak chal sakta hai.,,Needs human review
ekagra_theme,,Theme,थीम,Theme,,Needs human review
ekagra_theme_desert,,Desert,रेगिस्तान,Desert,,Needs human review
ekagra_theme_forest,,Forest,जंगल,Forest,,Needs human review
ekagra_theme_minimal,,Minimal,सादा,Minimal,,Needs human review
ekagra_theme_night,,Night Sky,रात का आसमान,Night Sky,,Needs human review
ekagra_theme_ocean,,Ocean,सागर,Ocean,,Needs human review
ekagra_theme_title,EkagraModels; EkagraSheets,Theme,थीम,Theme,,Needs human review
ekagra_time_focused,EkagraSheets,%1$s focused,%1$s पढ़ाई की,%1$s focus kiya,,Needs human review
ekagra_timer_alert,EkagraDurationTab,Ekagra alerts,एकाग्र अलर्ट,Ekagra alert,,Needs human review
ekagra_timer_alert_help,EkagraDurationTab,"Phone sound or vibration for check-ins, endings, and Pomodoro changes","चेक-इन, सेशन खत्म होने और पोमोडोरो के चरण बदलने पर आवाज़ या कंपन","Check-in, session khatm hone aur Pomodoro badlav par phone ki sound ya vibration",,Needs human review
ekagra_timer_alert_style,EkagraDurationTab,Choose timer alert style,टाइमर अलर्ट का तरीका,Timer alert style,,Needs human review
ekagra_timer_paused,,Ekagra timer paused,एकाग्र टाइमर रुक गया,ekagra timer ruka gaya,,Needs human review
ekagra_title,EkagraDurationTab; EkagraModels,Ekagra,एकाग्र,Ekagra,,Needs human review
ekagra_today,EkagraHistoryTab,Today,आज,Today,,Needs human review
ekagra_total_focus_time,,Total focus time,पढ़ाई का कुल समय,Total Focus Time,,Needs human review
ekagra_total_time,,Total time,कुल समय,Total Time,,Needs human review
ekagra_total_value,,Total value %1$s,कुल: %1$s,kul: %1$s,,Needs human review
ekagra_try_youtube_focus,EkagraTimerTab,Try YouTube Focus,YouTube फ़ोकस आज़माएँ,YouTube Focus try karein,Latin text in Hindi: inspect names/technical terms,Needs human review
ekagra_undated,,Undated,बिना तारीख,Date nahi hai,,Needs human review
ekagra_unlabeled_session,,Unlabeled session,बिना नाम का सेशन,bina naam ka session,,Needs human review
ekagra_untagged_count,EkagraHistoryTab,Untagged (%1$d),बिना टैग (%1$d),Untagged (%1$d),,Needs human review
ekagra_untagged_help,,Untagged help %1$d,%1$d सेशन में विषय नहीं है। विषय जोड़ने के लिए सेशन खोलकर संपादित करें।,%1$d sessions mein subject nahi hai. jodne ke liye session par edit tap karein.,,Needs human review
ekagra_untagged_sessions,,Untagged sessions,बिना विषय वाले सेशन,bina subject waale sessions,,Needs human review
ekagra_untitled_topic,EkagraSheets,Untitled topic,बिना नाम का विषय,Bina naam ka topic,,Needs human review
ekagra_visual_theme_title,EkagraSheets,Visual theme,दृश्य थीम,Visual theme,,Needs human review
ekagra_volume_off,EkagraScreen,Volume Off,आवाज़ बंद,Volume Off,,Needs human review
ekagra_volume_on,EkagraScreen,Volume On,आवाज़ चालू,Volume On,,Needs human review
ekagra_worked_on_hint,EkagraSheets,What did you work on?,आपने किस पर काम किया?,apne kis par kam kiya?,,Needs human review
ekagra_yes,EkagraScreen,Yes,हाँ,Yes,,Needs human review
ekagra_yes_switch,EkagraScreen,"Yes, switch","हाँ, बदलें","Yes, switch",,Needs human review
ekagra_your_focus_sessions,,Your focus sessions,आपके पढ़ाई वाले सेशन,Focus Sessions,,Needs human review
ekagra_your_stopwatch_runs,,Your stopwatch runs,आपके स्टॉपवॉच सेशन,Stopwatch Runs,,Needs human review
ekagra_youtube,EkagraTimerTab,YouTube,YouTube,YouTube,Latin text in Hindi: inspect names/technical terms,Needs human review
err_name_not_resolved_message,,Could not connect to the payment page. Check your internet connection and try again.,पेमेंट पेज से कनेक्ट नहीं हो पाया। इंटरनेट कनेक्शन जाँचकर फिर से कोशिश करें।,Payment page se connect nahi ho paaya. Internet connection check karke phir se try karein.,,Needs human review
err_name_not_resolved_title,,Payment page unavailable,पेमेंट पेज उपलब्ध नहीं है,Payment page available nahi hai,,Needs human review
exit_confirm,ExitConfirmationHandler,Exit,बाहर जाएँ,baahar jaayein,,Needs human review
exit_message,ExitConfirmationHandler,Are you sure you want to exit?,क्या आप सच में बाहर जाना चाहते हैं?,kya aap saca mein baahar jana chahte hain?,,Needs human review
exit_stay,ExitConfirmationHandler,Stay,यहीं रहें,yahin rahein,,Needs human review
exit_title,ExitConfirmationHandler,Exit Safar?,Safar से बाहर जाएँ?,Safar se baahar jaayein?,Latin text in Hindi: inspect names/technical terms,Needs human review
filter_3_months,,3 Months,3 महीने,3 mahine,,Needs human review
filter_all_time,,All Time,अब तक का,ab tak ka,,Needs human review
filter_this_month,,This Month,इस महीने,is mahine,,Needs human review
filter_this_week,,This Week,इस सप्ताह,is saptaha,,Needs human review
filter_today,,Today,आज,aaj,,Needs human review
focus_shield_blocked_message,,%s is blocked while you study. Keep going!,%s आपके एकाग्रता या अध्ययन सत्र के दौरान ब्लॉक है। केंद्रित रहें!,%s aapke ekagrata ya adhyayan satra ke dauraan block hai. kendrit rahein!,,Needs human review
focus_shield_blocked_title,,App Blocked,ऐप ब्लॉक है,app block hai,,Needs human review
focus_shield_emergency_unlock,,Quick unlock,आपातकालीन अनलॉक,apatakalina unlock,,Needs human review
focus_shield_notification_listener_label,,Notification shield,नोटिफिकेशन कवच,notification Kavach,,Needs human review
goals_activates_on,GoalFormComponents,Activates on %1$s,यह goal %1$s से शुरू होगा,yeh goal %1$s se shuru hoga,Latin text in Hindi: inspect names/technical terms,Needs human review
goals_active_count,,%d active goals,%d सक्रिय लक्ष्य,%d active goal,,Needs human review
goals_add_details_optional,GoalsScreen,Add details (optional),थोड़ी detail जोड़ें (optional),thodi detail jodein (optional),Latin text in Hindi: inspect names/technical terms,Needs human review
goals_add_goal,GoalListContent; GoalsScreen,Add a Goal,Goal add करें,Goal add karein,Latin text in Hindi: inspect names/technical terms,Needs human review
goals_add_short,,Add,जोड़ें,jodein,,Needs human review
goals_add_to_get_started,GoalsScreen,add a goal to get started,शुरू करने के लिए goal जोड़ें,shuru karne ke liye goal jodein,Latin text in Hindi: inspect names/technical terms,Needs human review
goals_all_caught_up,GoalListContent,All caught up! Time to plan more?,सब पूरा हो गया! और plan करना है?,sab poora ho gaya! aur plan karna hai?,Latin text in Hindi: inspect names/technical terms,Needs human review
goals_analytics_completed_7d,,Completed (7d),पूरे हुए (7 दिन),pure hue (7 din),,Needs human review
goals_analytics_daily_breakdown,,Daily Breakdown,दैनिक ब्योरा,daily byora,,Needs human review
goals_analytics_focus_time,,Total Ekagra Time,कुल एकाग्रता समय,kul ekagrata samay,,Needs human review
goals_analytics_title,,Goal Completion — %s,लक्ष्य पूर्णता — %s,goal poornata — %s,,Needs human review
goals_analytics_velocity,,Completion Velocity,पूर्णता दर की गति,poornata dar ki gati,,Needs human review
goals_analytics_weekly_pulse,,Weekly Pulse,साप्ताहिक पल्स,weekly pulse,,Needs human review
goals_archive,GoalListContent,Archive,Archive करें,Archive karein,Latin text in Hindi: inspect names/technical terms,Needs human review
goals_assigned_date,GoalListContent,Ekagra mode task %1$s,%1$s के लिए assigned,%1$s ke liye assigned,Latin text in Hindi: inspect names/technical terms,Needs human review
goals_assigned_date_value,GoalsScreen,Original date unavailable %1$s,%1$s के लिए रखा,%1$s ke liye rakha,,Needs human review
goals_auto_repeat_help,GoalsScreen,Auto-repeat selected goals daily,ये आगे भी हर दिन दिखते रहेंगे।,ye aage bhi har din dikhate rahenge.,,Needs human review
goals_auto_repeat_selected,GoalsScreen,Auto-repeat selected goals daily,चुने goals रोज़ दोहराएँ,chune goals roz dohraayein,Latin text in Hindi: inspect names/technical terms,Needs human review
goals_category_label,,"Category (e.g. Sleep, Mindfulness)","श्रेणी (जैसे: नींद, ध्यान)","sreni (jaise: neend, Dhyan)",,Needs human review
goals_choose_at_least_one,GoalsScreen,Choose at least one,कम से कम एक चुनें,kam se kam ek chunein,,Needs human review
goals_command_center,,Goals,लक्ष्य,Goals,,Needs human review
goals_complete_for_date,GoalsScreen,Complete for %1$s,%1$s के लिए पूरा करें,%1$s ke liye poora karein,,Needs human review
goals_complete_without_time,GoalsScreen,Complete without study time,Study time डाले बिना पूरा करें,Study time dale bina poora karein,Latin text in Hindi: inspect names/technical terms,Needs human review
goals_completed,GoalsScreen,Completed,पूरा हुआ,poora hua,,Needs human review
goals_completed_count,GoalListContent,%1$d open manual goals,%1$d पूरे,%1$d pure,,Needs human review
goals_completed_on,,Completed %s,%s को पूरा हुआ,%s ko poora hua,,Needs human review
goals_completed_section,,Completed,पूरा हुआ,Completed,,Needs human review
goals_completed_tasks,GoalListContent,All caught up! Time to plan more? %1$d,Completed · %1$d tasks,Completed · %1$d tasks,Latin text in Hindi: inspect names/technical terms,Needs human review
goals_completed_via_ekagra,GoalListContent,Completed via Ekagra,Ekagra से पूरा किया,Ekagra se poora kiya,Latin text in Hindi: inspect names/technical terms,Needs human review
goals_completion_rate,GoalListContent,%1$d%% overall completion rate,%1$d%% overall completion rate,%1$d%% overall completion rate,Latin text in Hindi: inspect names/technical terms,Needs human review
goals_count_of_total,GoalsScreen,%2$d of %1$d,%2$d में से %1$d,%2$d mein se %1$d,,Needs human review
goals_create_goal,GoalsScreen,Create Goal,Goal बनाएँ,Goal banayein,Latin text in Hindi: inspect names/technical terms,Needs human review
goals_daily_progress,GoalListContent,Daily progress,Daily progress,Daily progress,Latin text in Hindi: inspect names/technical terms,Needs human review
goals_default_today_pick_future,GoalsScreen,Default is Today. Tap to pick a future date.,अभी आज के लिए है। दूसरी date चुनने के लिए tap करें।,abhi aaj ke liye hai. doosri date chunne ke liye tap karein.,Latin text in Hindi: inspect names/technical terms,Needs human review
goals_delete_body,GoalsScreen,Delete this goal? %1$s,“%1$s” 30 दिन तक Recently deleted में रहेगा।,“%1$s” 30 din tak Recently deleted mein rahega.,Latin text in Hindi: inspect names/technical terms,Needs human review
goals_delete_title,GoalsScreen,Delete this goal?,यह goal delete करें?,yeh goal delete karein?,Latin text in Hindi: inspect names/technical terms,Needs human review
goals_desc_label,,Description (optional),विवरण (वैकल्पिक),details (optional),,Needs human review
goals_done,,Done,संपन्न,poora,,Needs human review
goals_done_suffix,,done,पूरा,poora,,Needs human review
goals_done_today_count,GoalsScreen,%2$d of %1$d done today,आज %2$d में से %1$d पूरे,aaj %2$d mein se %1$d pure,,Needs human review
goals_done_today_label,GoalsScreen,goals done today,आज पूरे हुए goals,aaj pure hue goals,Latin text in Hindi: inspect names/technical terms,Needs human review
goals_due,,Due %s,सीमा %s तक,seema %s tak,,Needs human review
goals_earlier_day_body,GoalsScreen,This goal is from an earlier day %1$s,यह %1$s के लिए था। इसे किस दिन में count करें?,yeh %1$s ke liye tha. ise kis din mein count karein?,Latin text in Hindi: inspect names/technical terms,Needs human review
goals_earlier_day_title,GoalsScreen,This goal is from an earlier day,यह goal पिछले दिन का है,yeh goal pichhle din ka hai,Latin text in Hindi: inspect names/technical terms,Needs human review
goals_edit_goal,GoalsScreen,Edit Goal,Goal बदलें,Goal badlein,Latin text in Hindi: inspect names/technical terms,Needs human review
goals_ekagra_mode,GoalListContent,Ekagra Mode,Ekagra mode,Ekagra mode,Latin text in Hindi: inspect names/technical terms,Needs human review
goals_ekagra_task,GoalListContent,Ekagra mode task,Ekagra mode task,Ekagra mode task,Latin text in Hindi: inspect names/technical terms,Needs human review
goals_empty_subtitle,,Add your first goal to get started,शुरू करने के लिए पहला लक्ष्य जोड़ें,shuru karne ke liye pehla goal jodein,,Needs human review
goals_empty_title,,No goals yet,अभी कोई लक्ष्य नहीं है,abhi koi goal nahi hai,,Needs human review
goals_eyebrow,GoalsScreen,Goals,Goals,Goals,Latin text in Hindi: inspect names/technical terms,Needs human review
goals_history,GoalsScreen,History,पुराने,purane,,Needs human review
goals_history_help,GoalHistoryTab,Goal history,"हर पूरा goal एक बार देखें, साथ में उसे पूरा करने वाले focus sessions भी।","har poora goal ek baar dekhein, saath mein use poora karne waale focus sessions bhi.",Latin text in Hindi: inspect names/technical terms,Needs human review
goals_history_title,GoalHistoryTab,Goal history,Goals की history,Goal History,Latin text in Hindi: inspect names/technical terms,Needs human review
goals_insights,GoalsScreen,Insights,Insights,Insights,Latin text in Hindi: inspect names/technical terms,Needs human review
goals_keep_it,GoalsScreen,Keep it,रहने दें,rehne dein,,Needs human review
goals_manual,GoalListContent,Manual,Manual,Manual,Latin text in Hindi: inspect names/technical terms,Needs human review
goals_manual_goal,GoalListContent,Manual Goal,Manual goal,Manual Goal,Latin text in Hindi: inspect names/technical terms,Needs human review
goals_mark_done,GoalListContent,Mark as done,Done mark करें,Done mark karein,Latin text in Hindi: inspect names/technical terms,Needs human review
goals_missed,GoalListContent; GoalsScreen,Missed,Missed,Missed,Latin text in Hindi: inspect names/technical terms,Needs human review
goals_missed_action_help,GoalListContent,This missed goal can be carried into today or archived.,इस missed goal को आज में लाएं या archive करें।,is missed goal ko aaj mein laayein ya archive karein.,Latin text in Hindi: inspect names/technical terms,Needs human review
goals_missed_tasks,GoalListContent,No missed goals %1$d,Missed · %1$d tasks,Missed · %1$d tasks,Latin text in Hindi: inspect names/technical terms,Needs human review
goals_move_to_recently_deleted,GoalsScreen,Move to Recently Deleted,Recently deleted में भेजें,Recently deleted mein bhejein,Latin text in Hindi: inspect names/technical terms,Needs human review
goals_move_today_complete,GoalsScreen,Move to today and complete,आज में लाकर पूरा करें,aaj mein lakara poora karein,,Needs human review
goals_moved_to_recently_deleted,GoalsScreen,Goal moved to Recently Deleted,Goal Recently deleted में चला गया,Goal Recently deleted mein chala gaya,Latin text in Hindi: inspect names/technical terms,Needs human review
goals_my_goals,GoalsScreen,My Goals,मेरे goals,My Goals,Latin text in Hindi: inspect names/technical terms,Needs human review
goals_new_goal,GoalsScreen,New Goal,नया goal,New Goal,Latin text in Hindi: inspect names/technical terms,Needs human review
goals_no_completed_for_date,GoalHistoryTab,No completed goals for this date.,इस date पर कोई पूरा goal नहीं है।,is date par koi poora goal nahi hai.,Latin text in Hindi: inspect names/technical terms,Needs human review
goals_no_goals_today,GoalsScreen,You have no goals today.,आज कोई goal नहीं है।,aaj koi goal nahi hai.,Latin text in Hindi: inspect names/technical terms,Needs human review
goals_no_goals_yesterday,GoalsScreen,You had no goals yesterday.,कल कोई goal नहीं था।,kal koi goal nahi tha.,Latin text in Hindi: inspect names/technical terms,Needs human review
goals_no_missed,GoalListContent,No missed goals,कोई missed goal नहीं,koi missed goal nahi,Latin text in Hindi: inspect names/technical terms,Needs human review
goals_no_missed_help,GoalListContent,No missed goals,Assigned date निकलने वाले goals यहाँ दिखेंगे।,Assigned date nikalane waale goals yahan dikhenge.,Latin text in Hindi: inspect names/technical terms,Needs human review
goals_no_upcoming,GoalListContent,No upcoming tasks,कोई upcoming task नहीं,koi upcoming task nahi,Latin text in Hindi: inspect names/technical terms,Needs human review
goals_no_upcoming_help,GoalListContent,No upcoming tasks,बाद के लिए कोई task scheduled नहीं है।,baad ke liye koi task scheduled nahi hai.,Latin text in Hindi: inspect names/technical terms,Needs human review
goals_none_help,GoalListContent,No goals yet,Study plan शुरू करने के लिए एक goal add करें।,Study plan shuru karne ke liye ek goal add karein.,Latin text in Hindi: inspect names/technical terms,Needs human review
goals_none_yet,GoalListContent,No goals yet,अभी कोई goal नहीं है,abhi koi goal nahi hai,Latin text in Hindi: inspect names/technical terms,Needs human review
goals_nothing_planned_today,GoalsScreen,Nothing planned for today,आज के लिए कुछ plan नहीं है,aaj ke liye kuch plan nahi hai,Latin text in Hindi: inspect names/technical terms,Needs human review
goals_nothing_today,GoalsScreen,goals done today,आज कुछ नहीं,aaj kuch nahi,,Needs human review
goals_open_manual_count,GoalListContent,%1$d open manual goals,%1$d open manual goals,%1$d open manual goals,Latin text in Hindi: inspect names/technical terms,Needs human review
goals_original_date_unavailable,GoalsScreen,Original date unavailable,पुरानी date नहीं मिली,purani date nahi mili,Latin text in Hindi: inspect names/technical terms,Needs human review
goals_pending,,Pending,बाकी है,baaki hai,,Needs human review
goals_pending_tasks,GoalListContent,All caught up! Time to plan more? %1$d,Pending · %1$d tasks,Pending · %1$d tasks,Latin text in Hindi: inspect names/technical terms,Needs human review
goals_percent_complete,,%d%% complete,%d%% पूरा हुआ,%d%% poora hua,,Needs human review
goals_priority_label,,Priority,प्राथमिकता,priority,,Needs human review
goals_pro_tip,GoalListContent,Pro tip,Pro tip,Pro tip,Latin text in Hindi: inspect names/technical terms,Needs human review
goals_pro_tip_body,GoalListContent,Pro tip,कभी-कभी बहुत करने से बेहतर है रोज़ थोड़ा progress। बड़े goals को छोटे Ekagra tasks में बाँटें।,Kabhi-kabhi bahut kuch ek saath karne se behtar hai roz thodi progress karna. Bade goals ko chhote Ekagra tasks mein baant dein.,Latin text in Hindi: inspect names/technical terms,Needs human review
goals_recently_deleted,GoalsScreen,Recently deleted,हाल में delete किए,Recently Deleted,Latin text in Hindi: inspect names/technical terms,Needs human review
goals_recently_deleted_empty,GoalsScreen,Nothing in Recently Deleted.,अभी यहाँ कुछ नहीं है।,abhi yahan kuch nahi hai.,,Needs human review
goals_recently_deleted_help,GoalsScreen,Nothing in Recently Deleted.,Delete किए goals यहाँ 30 दिन रहेंगे। Restore करने पर अपनी पुरानी date पर वापस आ जाएंगे।,Delete kiye goals yahan 30 din rahenge. Restore karne par apni purani date par wapas a jaayenge.,Latin text in Hindi: inspect names/technical terms,Needs human review
goals_reopen,GoalListContent,Reopen,फिर खोलें,phir kholein,,Needs human review
goals_repeat_every_day,GoalsScreen,Repeat every day,हर दिन दोहराएँ,har din dohraayein,,Needs human review
goals_repeat_every_day_help,GoalsScreen,Repeat every day,हर दिन नया copy बनेगा। अधूरे goals Missed में रहेंगे।,har din naya copy banega. adhure goals Missed mein rahenge.,Latin text in Hindi: inspect names/technical terms,Needs human review
goals_repeat_goals,GoalsScreen,Repeat goals,Goals दोहराएँ,Goals dohraayein,Latin text in Hindi: inspect names/technical terms,Needs human review
goals_repeat_selected_today,GoalsScreen,Choose at least one %1$d,चुने हुए %1$d आज फिर करें,chune hue %1$d aaj phir karein,,Needs human review
goals_repeat_selected_tomorrow,GoalsScreen,Choose at least one %1$d,चुने हुए %1$d कल फिर करें,chune hue %1$d kal phir karein,,Needs human review
goals_retry_today,GoalListContent,Retry Today,आज फिर करें,aaj phir karein,,Needs human review
goals_save_changes,EkagraDurationTab; GoalsScreen,Save Changes,Changes save करें,Changes save karein,Latin text in Hindi: inspect names/technical terms,Needs human review
goals_schedule_future,GoalsScreen,Schedule for a future date,बाद के लिए schedule करें,baad ke liye schedule karein,Latin text in Hindi: inspect names/technical terms,Needs human review
goals_scheduled_tasks,GoalListContent,You have no tasks scheduled for later dates. %1$d,Scheduled · %1$d tasks,Scheduled · %1$d tasks,Latin text in Hindi: inspect names/technical terms,Needs human review
goals_select_today_repeat_tomorrow,GoalsScreen,Select today\'s goals to repeat tomorrow.,आज के goals चुनें जिन्हें कल फिर करना है।,aaj ke goals chunein jinhein kal phir karna hai.,Latin text in Hindi: inspect names/technical terms,Needs human review
goals_select_yesterday_bring_today,GoalsScreen,Select yesterday\'s goals to bring into today.,कल के goals चुनें जिन्हें आज करना है।,kal ke goals chunein jinhein aaj karna hai.,Latin text in Hindi: inspect names/technical terms,Needs human review
goals_set_due_date,,Set due date,समय सीमा चुनें,samay seema chunein,,Needs human review
goals_set_for_date,GoalsScreen,Schedule for a future date %1$s,%1$s के लिए रखा है,%1$s ke liye rakha hai,,Needs human review
goals_set_today_pick_future,GoalsScreen,Set for today. Tap to pick a future date.,आज के लिए रखा है। दूसरी date चुनने के लिए tap करें।,aaj ke liye rakha hai. doosri date chunne ke liye tap karein.,Latin text in Hindi: inspect names/technical terms,Needs human review
goals_stat_completed,,Completed,पूरा हुआ,Completed,,Needs human review
goals_stat_in_progress,,In Progress,चल रहा है,In Progress,,Needs human review
goals_stat_not_started,,Not Started,शुरू नहीं हुआ,Not Started,,Needs human review
goals_status,GoalsScreen,Status,Status,Status,Latin text in Hindi: inspect names/technical terms,Needs human review
goals_study_time_credited,GoalHistoryTab,Study time credited to this goal · also in Ekagra history,इस goal में study time count हुआ · Ekagra history में भी दिखेगा,is goal mein study time count hua · Ekagra history mein bhi dikhega,Latin text in Hindi: inspect names/technical terms,Needs human review
goals_study_time_question,GoalsScreen,How long did you study?,कितनी देर पढ़ाई की?,kitni der padhai ki?,,Needs human review
goals_study_time_today,GoalListContent; TopicStudySaveSheet,Study time today,आज का study time,aaj ka study time,Latin text in Hindi: inspect names/technical terms,Needs human review
goals_subtitle,,Manage your goals and track progress efficiently.,अपने लक्ष्यों को प्रबंधित करें और प्रगति ट्रैक करें।,apne lakshyon ko manage karein aur progress track karein.,,Needs human review
goals_tab_analytics,,Analytics,विश्लेषण,Analytics,,Needs human review
goals_tab_goals,,Goals,लक्ष्य,Goals,,Needs human review
goals_tab_history,,History,इतिहास,History,,Needs human review
goals_tasks,,Tasks,कार्य,Tasks,,Needs human review
goals_title_label,,Goal title,लक्ष्य का शीर्षक,goal ka sheershak,,Needs human review
goals_title_prompt,GoalsScreen,Schedule for a future date,क्या पूरा करना है?,kya poora karna hai?,,Needs human review
goals_today_pulse,GoalListContent,Today Pulse,आज की pulse,Today’s Pulse,Latin text in Hindi: inspect names/technical terms,Needs human review
goals_total_time_studied,GoalListContent,Total time studied,Total study time,Total study time,Latin text in Hindi: inspect names/technical terms,Needs human review
goals_upcoming,GoalsScreen,Upcoming,आने वाले,Upcoming,,Needs human review
goals_upcoming_stays_help,GoalListContent,Anything scheduled for later stays in the upcoming section.,बाद के लिए planned tasks Upcoming में रहेंगे।,baad ke liye planned tasks Upcoming mein rahenge.,Latin text in Hindi: inspect names/technical terms,Needs human review
goals_when_activate,GoalFormComponents,When should this activate?,यह कब शुरू हो?,yeh kab shuru ho?,,Needs human review
habits_add,HabitComponents,Add a habit,एक हैबिट जोड़ें,ek habit jodein,,Needs human review
habits_all,ContributionHeatmapMatrix; HabitExportDialog; HabitFilterBar; ModernHabitComponents; YearHeatmap,All Habits,सभी हैबिट्स,All Habits,,Needs human review
habits_archive,HabitFormBottomSheet,Archive Habit,हैबिट आर्काइव करें,habit archive karein,,Needs human review
habits_archive_action,HabitFormBottomSheet,Archive,आर्काइव करें,Archive,,Needs human review
habits_archive_explanation,HabitFormBottomSheet,"This habit will be removed from your daily list, but your past progress will stay saved.","यह हैबिट आपकी डेली लिस्ट से हट जाएगी, लेकिन पुरानी प्रोग्रेस सेव रहेगी।","yeh habit aapki daily list se hata jaayegi, lekin purani progress save rahegi.",,Needs human review
habits_archive_question,HabitFormBottomSheet,Archive Habit?,हैबिट आर्काइव करें?,habit archive karein?,,Needs human review
habits_archived,HabitPerformanceList,Archived,आर्काइव की गई,archive ki gayi,,Needs human review
habits_best_days,BentoStatGrid,Best: %1$d days,बेस्ट: %1$d दिन,best: %1$d din,,Needs human review
habits_best_days_short,HabitPerformanceList,Best: %1$dd,बेस्ट: %1$d दिन,best: %1$d din,,Needs human review
habits_calendar,MonthlyView,Habit Calendar,हैबिट कैलेंडर,habit calendar,,Needs human review
habits_clear_all,HabitFilterTwoPaneSheet,Clear All,सब हटाएँ,Clear All,,Needs human review
habits_completed_scheduled,ModernHabitComponents,Completed / Scheduled,पूरी हुईं / तय थीं,Completed / Scheduled,,Needs human review
habits_completions,BentoStatGrid,Completions,पूरी हुईं,Completions,,Needs human review
habits_consistency,ContributionHeatmapMatrix,Habit Consistency,हैबिट कंसिस्टेंसी,Habit Consistency,,Needs human review
habits_consistency_heatmap,YearHeatmap,Consistency heatmap,कंसिस्टेंसी हीटमैप,consistency heatmap,,Needs human review
habits_csv_format,HabitExportDialog,CSV (.csv - Excel & Sheets compatible),CSV (.csv - Excel और Sheets में चलेगा),CSV (.csv - Excel aur Sheets mein calega),Latin text in Hindi: inspect names/technical terms,Needs human review
habits_current_days_short,HabitPerformanceList,Current: %1$dd,अभी: %1$d दिन,abhi: %1$d din,,Needs human review
habits_current_streak,BentoStatGrid,Current Streak,मौजूदा स्ट्रीक,Current Streak,,Needs human review
habits_daily_progress,ModernHabitComponents,Daily Progress,आज की प्रोग्रेस,Daily Progress,,Needs human review
habits_date_range,HabitExportDialog,Date Range,डेट रेंज,Date Range,,Needs human review
habits_day_required,HabitFormBottomSheet,Please select at least one day.,कम से कम एक दिन चुनें।,kam se kam ek din chunein.,,Needs human review
habits_delete_explanation,HabitFormBottomSheet,This will delete this habit and all its past progress. This cannot be undone.,यह हैबिट और इसकी पूरी पुरानी प्रोग्रेस डिलीट हो जाएगी। बाद में इसे वापस नहीं ला पाएँगे।,yeh habit aur isaki poori purani progress delete ho jaayegi. baad mein ise wapas nahi la paemge.,,Needs human review
habits_delete_permanently,HabitFormBottomSheet,Delete Permanently,हमेशा के लिए डिलीट करें,hamesha ke liye delete karein,,Needs human review
habits_delete_question,HabitFormBottomSheet,Delete Permanently?,हमेशा के लिए डिलीट करें?,hamesha ke liye delete karein?,,Needs human review
habits_edit,ModernHabitComponents; WeeklyView,Edit habit,हैबिट एडिट करें,habit edit karein,,Needs human review
habits_edit_name_schedule,HabitComponents,Edit name and schedule for %1$s,%1$s का नाम और शेड्यूल एडिट करें,%1$s ka naam aur schedule edit karein,,Needs human review
habits_edit_named,ModernHabitComponents,Edit %1$s,%1$s एडिट करें,%1$s edit karein,,Needs human review
habits_export,HabitExportDialog,Export,एक्सपोर्ट करें,Export,,Needs human review
habits_export_data,HabitExportDialog; HabitExportManager,Export Habit Data,हैबिट डेटा एक्सपोर्ट करें,habit data export karein,,Needs human review
habits_export_download,HabitExportDialog,Download spreadsheet-compatible data,स्प्रेडशीट में चलने वाला डेटा डाउनलोड करें,Spreadsheet mein khulne wala data download karein.,,Needs human review
habits_export_explanation,HabitInsightsScreen,"Export your habit consistency data to CSV format for use in Excel, Google Sheets, or personal archiving.","अपनी हैबिट प्रोग्रेस का CSV एक्सपोर्ट करें। इसे Excel, Google Sheets या अपने रिकॉर्ड के लिए इस्तेमाल कर सकते हैं।","apni habit progress ka CSV export karein. ise Excel, Google Sheets ya apne record ke liye istemal kar sakte hain.",Latin text in Hindi: inspect names/technical terms,Needs human review
habits_filter_habits,HabitFilterTwoPaneSheet,Filter Habits,हैबिट्स फ़िल्टर करें,habits filter karein,,Needs human review
habits_filter_one,ContributionHeatmapMatrix; YearHeatmap,Filter Habit,हैबिट फ़िल्टर करें,habit filter karein,,Needs human review
habits_filters,HabitFilterBar,Filters,फ़िल्टर,Filters,,Needs human review
habits_format,HabitExportDialog,Format,फ़ॉर्मैट,Format,,Needs human review
habits_insights,HabitInsightsScreen,Habit Insights,हैबिट इनसाइट्स,Habit Insights,,Needs human review
habits_less,ContributionHeatmapMatrix; YearHeatmap,Less,कम,Less,,Needs human review
habits_missed_days,BentoStatGrid,Missed Days,छूटे हुए दिन,Missed Days,,Needs human review
habits_monthly_completion_a11y,ProgressChart,Monthly completion %1$d percent.,इस महीने %1$d प्रतिशत पूरा हुआ।,is mahine %1$d percent poora hua.,,Needs human review
habits_monthly_matrix,ContributionHeatmapMatrix,Monthly contribution matrix,महीने की प्रोग्रेस मैट्रिक्स,mahine ki progress matrix,,Needs human review
habits_monthly_rhythm,ProgressChart,Monthly Rhythm,महीने का पैटर्न,Monthly Rhythm,,Needs human review
habits_more,ContributionHeatmapMatrix; YearHeatmap,More,ज़्यादा,More,,Needs human review
habits_name_example,HabitFormBottomSheet,"e.g., Read 20 pages","जैसे, 20 पेज पढ़ना","jaise, 20 page padhna",,Needs human review
habits_name_required,HabitFormBottomSheet,Please enter a habit name.,हैबिट का नाम लिखें।,habit ka naam likhein.,,Needs human review
habits_new,HabitFormBottomSheet; ModernHabitComponents,New Habit,नई हैबिट,New Habit,,Needs human review
habits_next_unit,HabitComponents,Next %1$s,अगला %1$s,agla %1$s,,Needs human review
habits_next_year,ContributionHeatmapMatrix; YearHeatmap,Next Year,अगला साल,agla saal,,Needs human review
habits_no_matching,WeeklyView,No matching habits,ऐसी कोई हैबिट नहीं मिली,aisi koi habit nahi mili,,Needs human review
habits_no_performance,HabitPerformanceList,No habit performance data recorded,अभी कोई हैबिट परफ़ॉर्मेंस डेटा नहीं है,abhi koi habit performance data nahi hai,,Needs human review
habits_none_scheduled_period,ProgressChart,No scheduled habits in this period,इस दौरान कोई हैबिट शेड्यूल नहीं थी,is dauraan koi habit schedule nahi thi,,Needs human review
habits_performance,HabitPerformanceList,Habit Performance,हैबिट परफ़ॉर्मेंस,Habit Performance,,Needs human review
habits_performance_subtitle,HabitPerformanceList,Completion rates and streak records,कंप्लीशन रेट और स्ट्रीक रिकॉर्ड,completion reta aur streak record,,Needs human review
habits_previous_unit,HabitComponents,Previous %1$s,पिछला %1$s,pichhla %1$s,,Needs human review
habits_previous_year,ContributionHeatmapMatrix; YearHeatmap,Previous Year,पिछला साल,pichhla saal,,Needs human review
habits_remove_filter,HabitFilterBar,Remove %1$s filter,%1$s फ़िल्टर हटाएँ,%1$s filter hataayein,,Needs human review
habits_reset,HabitFilterTwoPaneSheet,Reset,रीसेट करें,Reset,,Needs human review
habits_ring_explanation,ProgressChart,Each ring shows one week of progress,हर रिंग एक हफ़्ते की प्रोग्रेस दिखाती है,har ringa ek hafte ki progress dikhati hai,,Needs human review
habits_selected,HabitExportDialog,Selected Habits,चुनी हुई हैबिट्स,Selected Habits,,Needs human review
habits_started,BentoStatGrid,Started,शुरुआत,Started,,Needs human review
habits_this_month,HabitComponents; ProgressChart,this month,इस महीने,is mahine,,Needs human review
habits_this_week,HabitComponents,This week,इस हफ़्ते,is hafte,,Needs human review
habits_this_year,ContributionHeatmapMatrix; HabitExportDialog; YearHeatmap,This Year,इस साल,This Year,,Needs human review
habits_title_plain,HabitExportDialog,Habits,हैबिट्स,Habits,,Needs human review
habits_today_parenthetical,WeeklyView,(Today),(आज),(Today),,Needs human review
habits_today_title,TodayView,Today\'s Habits,आज की हैबिट्स,Today’s Habits,,Needs human review
habits_tracker,HabitScreen,Habit Tracker,हैबिट ट्रैकर,Habit Tracker,,Needs human review
habits_week_completion_a11y,ProgressChart,"Week %1$d, %2$d percent","हफ़्ता %1$d, %2$d प्रतिशत","hafta %1$d, %2$d percent",,Needs human review
habits_week_glance,WeeklyView,Your Week at a Glance,इस हफ़्ते की एक झलक,is hafte ki ek jhalaka,,Needs human review
habits_week_progress,ProgressChart,Week %1$d · %2$d%%,हफ़्ता %1$d · %2$d%%,hafta %1$d · %2$d%%,,Needs human review
habits_weekly_rhythm,WeekdayRhythmChart,Weekly rhythm,हफ़्ते का पैटर्न,Weekly Rhythm,,Needs human review
habits_year_title,YearHeatmap,Year in Habits,साल भर की हैबिट्स,Year in Habits,,Needs human review
habits_your_data,HabitInsightsScreen,Your Data,आपका डेटा,Your Data,,Needs human review
home_greeting,,Good morning,शुभ प्रभात,Good morning,,Needs human review
home_notifications_updates,HomeScreen,Notifications & Updates,Notifications और updates,Notifications aur updates,Latin text in Hindi: inspect names/technical terms,Needs human review
home_slide_dhyan_body,HomeScreen,Find your inner peace,Parmar Sir के साथ meditation sessions,Parmar Sir ke saath meditation sessions,Latin text in Hindi: inspect names/technical terms,Needs human review
home_slide_dhyan_headline,HomeScreen,Find your inner peace,मन को थोड़ा\nसुकून दें,Find your inner peace,,Needs human review
home_slide_ekagra_body,HomeScreen,Boost your productivity,अपने Pomodoro timer के साथ focused रहें\nऔर work sessions track करें,Pomodoro timer ke saath focus karein aur work sessions track karein.,Latin text in Hindi: inspect names/technical terms,Needs human review
home_slide_ekagra_headline,HomeScreen,Boost your productivity,अपनी Productivity\nबढ़ाएं,Boost your productivity,Latin text in Hindi: inspect names/technical terms,Needs human review
home_slide_mehfil_body,HomeScreen,Capture your thoughts,"Notes, ideas और reminders\n— सब एक ही जगह","Notes, ideas aur reminders\n— sab ek hi jagah",Latin text in Hindi: inspect names/technical terms,Needs human review
home_slide_mehfil_headline,HomeScreen,Capture your thoughts,अपने Thoughts\nलिख लें,Capture your thoughts,Latin text in Hindi: inspect names/technical terms,Needs human review
home_slide_nishtha_body,HomeScreen,Build daily habits,"Consistency track करें, journal लिखें\nऔर अपने mood को समझें","Consistency track karein, journal likhein aur apne mood ko samjhein.",Latin text in Hindi: inspect names/technical terms,Needs human review
home_slide_nishtha_headline,HomeScreen,Build daily habits,रोज़ की अच्छी\nHabits बनाएं,Build daily habits,Latin text in Hindi: inspect names/technical terms,Needs human review
home_slide_planner_body,HomeScreen,Plan your success,"Syllabus track करें, targets schedule करें\nऔर रोज़ के goals पूरे करें","Syllabus track karein, targets schedule karein aur roz ke goals poore karein.",Latin text in Hindi: inspect names/technical terms,Needs human review
home_slide_planner_headline,HomeScreen,Plan your success,Success की\nPlanning करें,Plan your success,Latin text in Hindi: inspect names/technical terms,Needs human review
home_subtitle,,Where would you like to go today?,आज आप कहाँ जाना चाहेंगे?,Aaj aap kahan se shuru karna chahenge?,,Needs human review
home_video_help,HomeScreen,"Need help with SAFAR?
Watch our YouTube video.",SAFAR में मदद चाहिए?\nहमारा YouTube video देखें।,SAFAR mein madad chahiye?\nhamara YouTube video dekhein.,Latin text in Hindi: inspect names/technical terms,Needs human review
home_video_tip_dismiss,HomeScreen,Do not show this tip again,यह tip फिर मत दिखाना,yeh tip phir mata dikhana,Latin text in Hindi: inspect names/technical terms,Needs human review
home_watch_video_guide,HomeScreen,Watch SAFAR video guide,SAFAR की video guide देखें,Watch SAFAR video guide,Latin text in Hindi: inspect names/technical terms,Needs human review
home_welcome_hello,HomeScreen,Hello.,नमस्ते।,Hello.,,Needs human review
home_welcome_hello_name,HomeScreen,"Hello, %1$s.","नमस्ते, %1$s।","Hello, %1$s.",,Needs human review
home_welcome_intro,HomeScreen,"Welcome to SAFAR, your space to focus, plan, and grow.","SAFAR में आपका स्वागत है—यहाँ focus करें, plan बनाएं और आगे बढ़ें।","SAFAR mein aapka swagat hai—yahan focus karein, plan banayein aur aage badhein.",Latin text in Hindi: inspect names/technical terms,Needs human review
home_welcome_journey,HomeScreen,Your journey starts here.,आपका सफ़र यहीं से शुरू होता है।,aapka SAFAR yahin se shuru hota hai.,,Needs human review
home_welcome_message,HomeScreen,"Where it\'s just you and me, and our little battle of staying consistent.\n\nWe\'ll celebrate small wins, and we\'ll sit through the bad days together.\n\nA virtual pat on your back. Smile.","यहाँ बस आप और हम हैं, और consistent बने रहने की अपनी छोटी-सी कोशिश।\n\nछोटी जीत साथ celebrate करेंगे, और मुश्किल दिनों में भी साथ रहेंगे।\n\nआपकी पीठ पर एक virtual शाबाशी। अब smile करें।","Yahan bas aap aur hum hain, aur consistent rehne ki ek chhoti si koshish.\n\nChhoti jeet saath celebrate karenge, aur mushkil dinon mein bhi saath rahenge.\n\nAapki peeth par ek virtual shabaashi. Ab smile karein.",Latin text in Hindi: inspect names/technical terms,Needs human review
home_welcome_start,HomeScreen,Let\'s get started,"चलिए, शुरू करते हैं",Let’s get started,,Needs human review
input_dropdown,SafarInputs,Dropdown,ड्रॉपडाउन,dropadauna,,Needs human review
input_read_only,SafarInputs,Read-only,सिर्फ़ पढ़ने के लिए,sirf padhne ke liye,,Needs human review
journal_body_label,,Your Thoughts (required),आपके विचार (आवश्यक),Your Thoughts (required),,Needs human review
journal_empty_subtitle,,Start writing your first journal entry,अपना पहला जर्नल लिखना शुरू करें,apna pehla journal likhna shuru karein,,Needs human review
journal_empty_title,,No entries yet,अभी कोई प्रविष्टि नहीं है,abhi koi pravisti nahi hai,,Needs human review
journal_entry_count,,%d entries this week,इस हफ्ते %d प्रविष्टियां,Is hafte %d entries,,Needs human review
journal_new_entry,,New Entry,नया जर्नल,New Entry,,Needs human review
journal_past_entries,,Past Entries,पुराने जर्नल,Past Entries,,Needs human review
journal_placeholder,,What\'s on your mind today?,आज आपके मन में क्या है?,aaj aapke mann mein kya hai?,,Needs human review
journal_save_entry,,Save Entry,जर्नल सेव करें,journal save karein,,Needs human review
journal_title_hint,,Give your entry a short title…,कोई छोटा शीर्षक दें…,koi chhota sheershak dein…,,Needs human review
journal_title_label,,Title (required),शीर्षक (आवश्यक),Title (required),,Needs human review
journal_word_count,,%d words,%d शब्द,%d words,,Needs human review
journal_write,,Write,लिखें,likhein,,Needs human review
journal_write_first,,Write First Entry,पहला जर्नल लिखें,pehla journal likhein,,Needs human review
kavach_about_description,KavachAboutScreen,KAVACH blocks only the apps you choose while your study timer is on.,"कवच एक ढाल की तरह काम करता है, जो एकाग्र फोकस टाइमर के दौरान केवल आपके चुने हुए ऐप्स को ब्लॉक करता है।","Kavach ek dhaal ki tarah kam karta hai, jo ekagra focus timer ke dauraan sirf aapke chune hue apps ko block karta hai.",,Needs human review
kavach_about_privacy_card,KavachAboutScreen; KavachUiComponents,"We do not read your messages, passwords, photos, or any personal content.","हम आपके संदेश, पासवर्ड, फोटो या कोई भी व्यक्तिगत जानकारी नहीं पढ़ते हैं।","hum aapke sandesh, password, photo ya koi bhi vyaktigat jaankari nahi padhte hain.",,Needs human review
kavach_about_title,KavachAboutScreen,About KAVACH,कवच के बारे में,Kavach ke baare mein,,Needs human review
kavach_active_blocking_apps,EkagraKavachSetup,KAVACH is active and blocking apps.,KAVACH active है और apps block कर रहा है।,KAVACH active hai aur apps block kar raha hai.,Latin text in Hindi: inspect names/technical terms,Needs human review
kavach_active_notification_body,KavachAlwaysOnService,KAVACH protection is active.,KAVACH protection चालू है।,KAVACH protection chalu hai.,Latin text in Hindi: inspect names/technical terms,Needs human review
kavach_active_ready,AppPickerScreen; FocusShieldSettingsSheet,Kavach is active and ready to protect your focus!,Kavach active है और आपका focus protect करने के लिए ready है!,Kavach active hai aur aapka focus protect karne ke liye ready hai!,Latin text in Hindi: inspect names/technical terms,Needs human review
kavach_active_status,KavachActiveSessionScreen,KAVACH is on. %1$d apps blocked.,कवच सक्रिय है। %1$d बार भटकाव रोका गया।,Kavach active hai. %1$d baar bhatkaav roka gaya.,,Needs human review
kavach_active_title,KavachAlwaysOnService,KAVACH active,KAVACH active है,KAVACH active hai,Latin text in Hindi: inspect names/technical terms,Needs human review
kavach_activity,KavachAnalyticsSection,Kavach activity,कवच एक्टिविटी,Kavach activity,,Needs human review
kavach_activity_subtitle,KavachAnalyticsSection,Blocked apps and Quick Unlock time,ब्लॉक हुए ऐप्स और Quick Unlock का समय,block hue apps aur Quick Unlock ka samay,Latin text in Hindi: inspect names/technical terms,Needs human review
kavach_agree_enable_notification_shield,KavachOnboardingScreen; KavachPermissionSetup,Agree & enable Notification Shield,Agree करके Notification Shield on करें,Agree karke Notification Shield on karein,Latin text in Hindi: inspect names/technical terms,Needs human review
kavach_alert,KavachUiComponents,KAVACH alert,KAVACH alert,KAVACH alert,Latin text in Hindi: inspect names/technical terms,Needs human review
kavach_all_protections_active,KavachUiComponents,All Kavach protections are active.,Kavach की सारी protection चालू है।,Kavach ki sari protection chalu hai.,Latin text in Hindi: inspect names/technical terms,Needs human review
kavach_allow,KavachOnboardingScreen; KavachPermissionSetup,Allow,Allow करें,Allow karein,Latin text in Hindi: inspect names/technical terms,Needs human review
kavach_allow_app_check,FocusShieldSettingsSheet; KavachOnboardingScreen; KavachPermissionSetup,Allow App Check,App Check allow करें,App Check allow karein,Latin text in Hindi: inspect names/technical terms,Needs human review
kavach_allow_background_running,KavachOnboardingScreen; KavachPermissionSetup,Allow background running,Background में चलना allow करें,Background mein calana allow karein,Latin text in Hindi: inspect names/technical terms,Needs human review
kavach_allow_display_over_apps,FocusShieldSettingsSheet,Allow Display Over Apps,Apps के ऊपर दिखाना allow करें,Apps ke upar dikhana allow karein,Latin text in Hindi: inspect names/technical terms,Needs human review
kavach_allow_notification_shield,KavachOnboardingScreen; KavachPermissionSetup,Allow Notification Shield,Notification Shield allow करें,Notification Shield allow karein,Latin text in Hindi: inspect names/technical terms,Needs human review
kavach_allow_notifications,KavachOnboardingScreen; KavachPermissionSetup,Allow notifications,Notifications allow करें,Notifications allow karein,Latin text in Hindi: inspect names/technical terms,Needs human review
kavach_allow_permissions_before_ekagra,EkagraKavachSetup,"Allow the permissions below, then start Ekagra.","नीचे permissions allow करें, फिर Ekagra शुरू करें।","neeche permissions allow karein, phir Ekagra shuru karein.",Latin text in Hindi: inspect names/technical terms,Needs human review
kavach_allow_permissions_now,EkagraKavachSetup,Allow the permissions below to start blocking now.,अभी blocking शुरू करने के लिए नीचे permissions allow करें।,abhi blocking shuru karne ke liye neeche permissions allow karein.,Latin text in Hindi: inspect names/technical terms,Needs human review
kavach_allow_show_on_top,KavachOnboardingScreen; KavachPermissionSetup,Allow show on top,ऊपर दिखाना allow करें,upar dikhana allow karein,Latin text in Hindi: inspect names/technical terms,Needs human review
kavach_almost_there,KavachOnboardingScreen,Almost there. Allow these permissions to use Kavach.,बस थोड़ा बाकी है। Kavach चलाने के लिए ये permissions allow करें।,bas thoda baaki hai. Kavach chalne ke liye ye permissions allow karein.,Latin text in Hindi: inspect names/technical terms,Needs human review
kavach_always_on,FocusShieldSettingsSheet,Always On,Always On,Always On,Latin text in Hindi: inspect names/technical terms,Needs human review
kavach_always_on_active_body,KavachBlockOverlay,Always On is active. Open KAVACH whenever you want to switch it off.,Always On चालू है। इसे बंद करने के लिए KAVACH खोलें।,Always On chalu hai. ise band karne ke liye KAVACH kholein.,Latin text in Hindi: inspect names/technical terms,Needs human review
kavach_always_on_help,FocusShieldSettingsSheet,Keeps blocking in the background all day until you turn Kavach off.,"जब तक आप Kavach off न करें, यह पूरे दिन background में blocking चालू रखेगा।","jab tak aap Kavach off na karein, yeh pure din background mein blocking chalu rakhega.",Latin text in Hindi: inspect names/technical terms,Needs human review
kavach_always_on_mode,KavachUiComponents,Always On,Always On,Always On,Latin text in Hindi: inspect names/technical terms,Needs human review
kavach_always_on_mode_body,KavachUiComponents,Blocks your chosen apps all day. Switch it off whenever you want.,चुने apps पूरे दिन block रहेंगे। जब चाहें बंद कर सकते हैं।,chune apps pure din block rahenge. jab chahein band kar sakte hain.,Latin text in Hindi: inspect names/technical terms,Needs human review
kavach_always_on_notification_body,KavachAlwaysOnService,Always On protection is active.,Always On protection चालू है।,Always On protection chalu hai.,Latin text in Hindi: inspect names/technical terms,Needs human review
kavach_always_on_title,KavachAlwaysOnService,KAVACH Always On,KAVACH Always On,KAVACH Always On,Latin text in Hindi: inspect names/technical terms,Needs human review
kavach_analytics,FocusShieldSettingsSheet,Kavach analytics,Kavach analytics,Kavach analytics,Latin text in Hindi: inspect names/technical terms,Needs human review
kavach_analytics_help,FocusShieldSettingsSheet,"See focus reports, screen time, and blocked attempts","Focus reports, screen time और blocked attempts देखें","Focus reports, screen time aur blocked attempts dekhein",Latin text in Hindi: inspect names/technical terms,Needs human review
kavach_app_blocked_generic,KavachBlockOverlay,This app is blocked,यह app block है,yeh app block hai,Latin text in Hindi: inspect names/technical terms,Needs human review
kavach_app_blocked_named,KavachBlockOverlay,%1$s is blocked,%1$s block है,%1$s block hai,Latin text in Hindi: inspect names/technical terms,Needs human review
kavach_app_categories,FocusShieldSettingsSheet,App categories,App categories,App categories,Latin text in Hindi: inspect names/technical terms,Needs human review
kavach_app_categories_help,FocusShieldSettingsSheet,Choose what counts as productive or distracting in your analytics,"Analytics में कौन से apps productive या distracting हैं, यह set करें","Analytics mein kaun se apps productive ya distracting hain, yeh set karein",Latin text in Hindi: inspect names/technical terms,Needs human review
kavach_app_check,KavachUiComponents,App check,App check,App check,Latin text in Hindi: inspect names/technical terms,Needs human review
kavach_app_check_body,KavachUiComponents,Lets Kavach notice when a blocked app opens.,Blocked app खुलते ही Kavach को पता चल जाता है।,Blocked app khulate hi Kavach ko pata chala jaata hai.,Latin text in Hindi: inspect names/technical terms,Needs human review
kavach_app_check_usage,KavachPermissionSetup,App Check (Usage Access),App Check (Usage Access),App Check (Usage Access),Latin text in Hindi: inspect names/technical terms,Needs human review
kavach_app_check_usage_help,KavachPermissionSetup,Needed to detect when a blocked app opens.,Blocked app खुलते ही पहचानने के लिए ज़रूरी है।,Blocked app khulate hi pahacanane ke liye zaruri hai.,Latin text in Hindi: inspect names/technical terms,Needs human review
kavach_app_shield,FocusShieldStandaloneScreen,App Shield,App Shield,App Shield,Latin text in Hindi: inspect names/technical terms,Needs human review
kavach_app_shield_permissions,KavachPermissionSetup,App Shield permissions,App Shield permissions,App Shield permissions,Latin text in Hindi: inspect names/technical terms,Needs human review
kavach_app_time_subtitle,KavachAnalyticsSection,"Productive, distracting, and other app time","प्रोडक्टिव, डिस्ट्रैक्टिंग और बाकी ऐप्स का समय","productive, distraiktinga aur baaki apps ka samay",,Needs human review
kavach_apps_blocked,KavachAnalyticsSection,Apps blocked,ब्लॉक हुए ऐप्स,block hue apps,,Needs human review
kavach_apps_selected,FocusShieldSettingsSheet; KavachUiComponents,%1$d apps selected,%1$d apps चुने,%1$d apps chune,Latin text in Hindi: inspect names/technical terms,Needs human review
kavach_apps_to_block,FocusShieldSettingsSheet,Apps to block,Block करने वाले apps,Block karne waale apps,Latin text in Hindi: inspect names/technical terms,Needs human review
kavach_background_battery,KavachPermissionSetup,Background running,Background running,Background running,Latin text in Hindi: inspect names/technical terms,Needs human review
kavach_background_battery_help,KavachPermissionSetup,Choose “No restrictions” so Android doesn’t close Kavach.,"“No restrictions” चुनें, ताकि Android Kavach को बंद न करे।","“No restrictions” chunein, taaki Android Kavach ko band na kare.",Latin text in Hindi: inspect names/technical terms,Needs human review
kavach_background_permission,KavachOnboardingScreen; KavachUiComponents,Background permission,Background permission,Background permission,Latin text in Hindi: inspect names/technical terms,Needs human review
kavach_background_permission_body,KavachUiComponents,Keeps Kavach running even when your phone saves battery.,"Battery saver चालू हो, तब भी Kavach चलता रहता है।","Battery saver chalu ho, taba bhi Kavach chalta rahata hai.",Latin text in Hindi: inspect names/technical terms,Needs human review
kavach_background_permission_help,KavachOnboardingScreen,Removes battery restrictions so Kavach keeps running in the background.,"Battery restriction हटती है, ताकि Kavach background में चलता रहे।","Battery restriction hatati hai, taaki Kavach background mein chalta rahe.",Latin text in Hindi: inspect names/technical terms,Needs human review
kavach_battery_bullet_background,KavachOnboardingScreen; KavachPermissionSetup,This stops Android from closing focus protection in the background.,इससे Android background focus protection को बंद नहीं करेगा।,isse Android background focus protection ko band nahi karega.,Latin text in Hindi: inspect names/technical terms,Needs human review
kavach_battery_bullet_brands,KavachOnboardingScreen; KavachPermissionSetup,"This is especially important on Xiaomi, Oppo, Vivo, Samsung, and OnePlus phones.","Xiaomi, Oppo, Vivo, Samsung और OnePlus phones पर यह खास तौर पर ज़रूरी है।","Xiaomi, Oppo, Vivo, Samsung aur OnePlus phones par yeh khasa taura par zaruri hai.",Latin text in Hindi: inspect names/technical terms,Needs human review
kavach_battery_bullet_open,KavachOnboardingScreen; KavachPermissionSetup,Open Battery Saver in Settings.,Settings में Battery Saver खोलें।,Settings mein Battery Saver kholein.,Latin text in Hindi: inspect names/technical terms,Needs human review
kavach_battery_bullet_unrestricted,KavachOnboardingScreen; KavachPermissionSetup,Choose “No restrictions” or “Unrestricted”.,“No restrictions” या “Unrestricted” चुनें।,“No restrictions” ya “Unrestricted” chunein.,Latin text in Hindi: inspect names/technical terms,Needs human review
kavach_beast,FocusShieldSettingsSheet,Beast,Beast,Beast,Latin text in Hindi: inspect names/technical terms,Needs human review
kavach_beast_help,FocusShieldSettingsSheet,Blocks selected apps without Quick Unlock until your study timer ends.,Study timer खत्म होने तक selected apps block रहेंगे और Quick Unlock नहीं मिलेगा।,Study timer khatam hone tak selected apps block rahenge aur Quick Unlock nahi milega.,Latin text in Hindi: inspect names/technical terms,Needs human review
kavach_beast_mode_subtitle,,No short unlock until the study timer ends,टाइमर खत्म होने तक आपको एकाग्र स्क्रीन पर ही रखता है,timer khatam hone tak aapko ekagra screen par hi rakhta hai,,Needs human review
kavach_beast_mode_title,,Beast Mode,केवल एकाग्र मोड,sirf ekagra mode,,Needs human review
kavach_benefit_choose_body,KavachUiComponents,Pick the apps that distract you.,उन ऐप्स को चुनें जो आपका ध्यान भटकाते हैं।,un apps ko chunein jo aapka Dhyan bhatkate hain.,,Needs human review
kavach_benefit_choose_title,KavachUiComponents,Choose Apps,ऐप्स चुनें,apps chunein,,Needs human review
kavach_benefit_control_body,KavachUiComponents,Change apps or turn KAVACH off anytime.,कभी भी ऐप्स बदलें या कवच को बंद करें।,kabhi bhi apps badlein ya Kavach ko band karein.,,Needs human review
kavach_benefit_control_title,KavachUiComponents,You Control It,आपका नियंत्रण,aapka niyantran,,Needs human review
kavach_benefit_start_body,KavachUiComponents,Start your study timer. KAVACH blocks apps while it runs.,एकाग्र टाइमर शुरू करें। कवच उस समय ऐप्स को ब्लॉक रखेगा।,ekagra timer shuru karein. Kavach us samay apps ko block rakhega.,,Needs human review
kavach_benefit_start_title,KavachUiComponents,Start Ekagra,एकाग्र शुरू करें,ekagra shuru karein,,Needs human review
kavach_block_beast_footer,,Quick unlock lets you open a blocked app for a short time,थोड़े समय के इस्तेमाल के लिए क्विक अनलॉक उपलब्ध है,"Thodi der ke liye app use karna ho, to Quick Unlock available hai.",,Needs human review
kavach_block_during,KavachAnalyticsSection,Block during Kavach,कवच के दौरान ब्लॉक करें,Kavach ke dauraan block karein,,Needs human review
kavach_block_return,,Back to Ekagra,एकाग्र पर लौटें,ekagra par lautein,,Needs human review
kavach_block_return_ekagra,,Back to Ekagra,एकाग्र पर लौटें,ekagra par lautein,,Needs human review
kavach_block_return_safar,,Back to SAFAR,SAFAR पर लौटें,SAFAR par lautein,Latin text in Hindi: inspect names/technical terms,Needs human review
kavach_block_unlock,,Quick unlock (%1$d left),क्विक अनलॉक (%1$d बचे हैं),quick unlock (%1$d bache hain),,Needs human review
kavach_block_unlock_exhausted,,Quick unlock used up,क्विक अनलॉक समाप्त,quick unlock samaapt,,Needs human review
kavach_blocked_apps_count,EkagraKavachSetup; KavachUiComponents,%1$d selected,%1$d चुने गए,%1$d selected,,Needs human review
kavach_blocked_apps_none,EkagraKavachSetup; KavachUiComponents,Choose apps,ऐप्स चुनें,Choose apps,,Needs human review
kavach_blocked_apps_subtitle,KavachUiComponents,Tap to add or remove,जोड़ने या हटाने के लिए टैप करें,jodne ya hatane ke liye tap karein,,Needs human review
kavach_blocked_apps_title,EkagraKavachSetup; KavachUiComponents,Apps to block,ब्लॉक करने वाले ऐप्स,Apps to block,,Needs human review
kavach_choose_apps_active_session,EkagraKavachSetup,Choose which apps to block in this session.,"इस session में कौन से apps block करने हैं, चुनें।","is session mein kaun se apps block karne hain, chunein.",Latin text in Hindi: inspect names/technical terms,Needs human review
kavach_choose_apps_session,EkagraKavachSetup,Choose which apps to block when this session starts.,"Session शुरू होने पर कौन से apps block करने हैं, चुनें।","Session shuru hone par kaun se apps block karne hain, chunein.",Latin text in Hindi: inspect names/technical terms,Needs human review
kavach_consent_agree,FocusShieldConsentDialogs,Agree and turn on KAVACH,सहमत हैं और कवच चालू करें,I agree — Kavach chalu karein,,Needs human review
kavach_consent_cancel,FocusShieldConsentDialogs,Not now,अभी नहीं,abhi nahi,,Needs human review
kavach_consent_description,FocusShieldConsentDialogs,KAVACH helps you study by blocking the apps you choose while your study timer is on.,कवच एकाग्र फोकस टाइमर के दौरान आपके चुने हुए ऐप्स को ब्लॉक करके आपको केंद्रित रखता है।,Kavach ekagra focus timer ke dauraan aapke chune hue apps ko block karke aapko kendrit rakhta hai.,,Needs human review
kavach_consent_how_body,,"KAVACH works only while your study timer is on. When the timer ends, blocking stops.",कवच केवल एकाग्र फोकस टाइमर चलने के दौरान काम करता है। टाइमर बंद होते ही कवच ऐप्स को ब्लॉक करना बंद कर देता है।,Kavach sirf Ekagra focus timer chalne ke dauraan kaam karta hai. Timer band hote hi Kavach apps ko block karna band kar deta hai.,,Needs human review
kavach_consent_how_label,,How it works,यह कैसे काम करता है,How it works,,Needs human review
kavach_consent_privacy_body,KavachUiComponents,"KAVACH does not read messages, passwords, photos, or anything on your screen.","कवच आपके संदेश, पासवर्ड, फोटो या स्क्रीन की किसी भी चीज़ को नहीं पढ़ता।","Kavach aapke sandesh, password, photo ya screen ki kisi bhi cheez ko nahi padhta.",,Needs human review
kavach_consent_privacy_label,KavachUiComponents,Your privacy,अपनी गोपनीयता,Your privacy,,Needs human review
kavach_consent_title,FocusShieldConsentDialogs,Block distracting apps,ध्यान भटकाने वाले ऐप्स ब्लॉक करें,Dhyan bhatakane waale apps block karein,,Needs human review
kavach_daily_trend,KavachAnalyticsSection,Daily trend,डेली ट्रेंड,daily trend,,Needs human review
kavach_disable_battery_restriction,FocusShieldSettingsSheet,Remove battery restriction,Battery restriction हटाएँ,Battery restriction hataayein,Latin text in Hindi: inspect names/technical terms,Needs human review
kavach_discover_channel,KavachAnalyticsSection,Watch a YouTube video to discover its channel.,चैनल देखने के लिए कोई YouTube वीडियो चलाएँ।,channel dekhne ke liye koi YouTube video chalayen.,Latin text in Hindi: inspect names/technical terms,Needs human review
kavach_display_over_apps,KavachUiComponents,Display over other apps,दूसरे apps के ऊपर दिखाएँ,doosre apps ke upar dikhayein,Latin text in Hindi: inspect names/technical terms,Needs human review
kavach_display_over_apps_body,KavachUiComponents,Shows the block screen over distracting apps.,Distracting app के ऊपर block screen दिखाता है।,Distracting app ke upar block screen dikhaata hai.,Latin text in Hindi: inspect names/technical terms,Needs human review
kavach_display_overlay,KavachPermissionSetup,Display over apps,Apps के ऊपर दिखाएँ,Apps ke upar dikhayein,Latin text in Hindi: inspect names/technical terms,Needs human review
kavach_display_overlay_help,KavachPermissionSetup,Needed to show the focus screen over blocked apps.,Blocked apps के ऊपर focus screen दिखाने के लिए ज़रूरी है।,Blocked apps ke upar focus screen dikhne ke liye zaruri hai.,Latin text in Hindi: inspect names/technical terms,Needs human review
kavach_emergency_off_beast,,Off in Beast Mode,केवल एकाग्र मोड में बंद,sirf ekagra mode mein band,,Needs human review
kavach_emergency_unlock_subtitle,,Open a blocked app for a few minutes while you study,एक्टिव टाइमर सेशन के दौरान थोड़े समय के लिए इस्तेमाल,active timer session ke dauraan thode samay ke liye istemal,,Needs human review
kavach_emergency_unlock_title,,Quick unlock,क्विक अनलॉक,quick unlock,,Needs human review
kavach_enable_required_permissions,KavachPermissionSetup,Enable required permissions,ज़रूरी permissions on करें,zaruri permissions on karein,Latin text in Hindi: inspect names/technical terms,Needs human review
kavach_enable_subtitle,KavachUiComponents,Blocks chosen apps while your study timer is on,एकाग्र फोकस टाइमर चलने के दौरान चुने हुए ऐप्स को ब्लॉक करता है,ekagra focus timer chalne ke dauraan chune hue apps ko block karta hai,,Needs human review
kavach_enable_title,EkagraKavachSetup; KavachUiComponents,Use KAVACH,कवच का प्रयोग करें,Kavach use karein,,Needs human review
kavach_enabled_ekagra_hint,EkagraKavachSetup; KavachUiComponents,Blocks apps while your study timer is on.,टाइमर मोड: एकाग्र टाइमर चलने तक ऐप्स को ब्लॉक रखता है।,timer mode: ekagra timer chalne tak apps ko block rakhta hai.,,Needs human review
kavach_end_session,KavachActiveSessionScreen,End Session,सेशन समाप्त करें,session samaapt karein,,Needs human review
kavach_end_unlock,QuickUnlockNotification,End unlock,Unlock बंद करें,Unlock band karein,Latin text in Hindi: inspect names/technical terms,Needs human review
kavach_focus_access,KavachUiComponents,FOCUS ACCESS,FOCUS ACCESS,FOCUS ACCESS,Latin text in Hindi: inspect names/technical terms,Needs human review
kavach_go_to_ekagra_button,KavachUiComponents,Go to Ekagra,एकाग्र पर जाएं,ekagra par jaayein,,Needs human review
kavach_go_to_ekagra_subtitle,,"Open Ekagra, start the timer, and KAVACH will block your selected apps.","एकाग्र खोलें, टाइमर शुरू करें, और कवच आपके चुने हुए ऐप्स को ब्लॉक कर देगा।","ekagra kholein, timer shuru karein, aur Kavach aapke chune hue apps ko block kar dega.",,Needs human review
kavach_go_to_ekagra_title,KavachUiComponents,Start blocking from Ekagra,एकाग्र से ब्लॉक करना शुरू करें,ekagra se block karna shuru karein,,Needs human review
kavach_guide_beast,,Beast Mode — no short unlock until the timer ends,एकाग्र पर जाएं - चुने हुए ऐप्स को ब्लॉक करने के लिए टाइमर शुरू करें,ekagra par jaayein - chune hue apps ko block karne ke liye timer shuru karein,,Needs human review
kavach_guide_title,,Quick guide,क्विक गाइड,Quick guide,,Needs human review
kavach_guide_unlock,KavachUiComponents,Quick unlock — open a blocked app for a few minutes,क्विक अनलॉक - टाइमर सेशन के दौरान कुछ देर इस्तेमाल करने के लिए,quick unlock - timer session ke dauraan kuch der istemal karne ke liye,,Needs human review
kavach_guide_use,KavachUiComponents,Normal — blocks apps while the study timer is on,टाइमर मोड - एकाग्र चलने के दौरान ऐप्स ब्लॉक करता है,timer mode - ekagra chalne ke dauraan apps block karta hai,,Needs human review
kavach_hero_body,KavachUiComponents,KAVACH blocks the apps you choose while your study timer is on.,कवच केवल एकाग्र फोकस टाइमर के दौरान ही चुनिंदा ऐप्स को ब्लॉक करता है।,Kavach sirf Ekagra focus timer ke dauraan chune hue apps ko block karta hai.,,Needs human review
kavach_hero_title,KavachUiComponents,Stop apps that take you away from study,भटकाव से आपका बचाव,bhatkaav se aapka bachaav,,Needs human review
kavach_how_it_works_intro,KavachUiComponents,KAVACH blocks only the apps you choose while your study timer is on.,एकाग्र फोकस टाइमर चलने के दौरान कवच केवल आपके चुने हुए ऐप्स को ब्लॉक करता है।,ekagra focus timer chalne ke dauraan Kavach sirf aapke chune hue apps ko block karta hai.,,Needs human review
kavach_how_it_works_learn_more,KavachUiComponents,Learn more,और जानें,aur jaanein,,Needs human review
kavach_how_it_works_show_less,KavachUiComponents,Show less,कम दिखाएं,kam dikhayein,,Needs human review
kavach_info_content_description,FocusShieldStandaloneScreen,About KAVACH,कवच के बारे में,Kavach ke baare mein,,Needs human review
kavach_info_how_body,KavachUiComponents,"KAVACH blocks only the apps you choose while your study timer is on. It does not read messages, passwords, photos, or what you type.","कवच केवल एकाग्र फोकस टाइमर के दौरान आपके चुने हुए ऐप्स को ब्लॉक करता है। यह आपके संदेश, पासवर्ड, फोटो या लिखे गए टेक्स्ट को नहीं पढ़ता।","Kavach sirf ekagra focus timer ke dauraan aapke chune hue apps ko block karta hai. yeh aapke sandesh, password, photo ya likhe gaye text ko nahi padhta.",,Needs human review
kavach_info_how_title,KavachUiComponents,How KAVACH works,कवच कैसे काम करता है,Kavach kaise kam karta hai,,Needs human review
kavach_info_permissions_body,KavachUiComponents,App Check sees which app is open. KAVACH Alert brings you back to SAFAR. Notifications show study timer updates.,ऐप चेक देखता है कि ऐप कब खुला। कवच अलर्ट आपको वापस SAFAR पर लाता है। नोटिफिकेशन्स स्टडी टाइमर के अपडेट्स दिखाते हैं।,App Check dekhta hai ki app kab khula. Kavach Alert aapko SAFAR par wapas laata hai. Notifications study timer ke updates dikhate hain.,Latin text in Hindi: inspect names/technical terms,Needs human review
kavach_info_permissions_title,KavachAboutScreen; KavachUiComponents,Permissions are your choice,अनुमति देना आपकी पसंद है,Permissions are your choice,,Needs human review
kavach_info_sheet_title,KavachUiComponents,About KAVACH,कवच के बारे में,Kavach ke baare mein,,Needs human review
kavach_intro_copy_body,KavachUiComponents,"Choose apps to block, then start your study timer. KAVACH blocks those apps only while the timer runs.","ब्लॉक करने के लिए ऐप्स चुनें, फिर एकाग्र टाइमर शुरू करें। कवच केवल उसी समय ऐप्स को ब्लॉक करेगा।","block karne ke liye apps chunein, phir ekagra timer shuru karein. Kavach sirf usi samay apps ko block karega.",,Needs human review
kavach_intro_hero_subtitle,KavachUiComponents,Works while your study timer is on.,यह केवल आपके एकाग्र फोकस टाइमर के चलने के दौरान काम करता है।,Kavach sirf Ekagra focus timer chalne ke dauraan kaam karta hai.,,Needs human review
kavach_intro_hero_title,KavachUiComponents,KAVACH Is On,कवच ऑन है,Kavach on hai,,Needs human review
kavach_is_off,FocusShieldSettingsSheet,Kavach is off,Kavach off है,Kavach off hai,Latin text in Hindi: inspect names/technical terms,Needs human review
kavach_is_on,FocusShieldSettingsSheet; KavachUiComponents,Kavach is on,Kavach on है,Kavach on hai,Latin text in Hindi: inspect names/technical terms,Needs human review
kavach_name,KavachOnboardingScreen,KAVACH,KAVACH,KAVACH,Latin text in Hindi: inspect names/technical terms,Needs human review
kavach_name_spaced,KavachPermissionSetup,K A V A C H,K A V A C H,K A V A C H,,Needs human review
kavach_need_quick_break,KavachBlockOverlay,KAVACH is protecting your focus. Need a quick break?,KAVACH आपका focus बचा रहा है। छोटा break चाहिए?,KAVACH aapka focus bacha raha hai. chhota break chahiye?,Latin text in Hindi: inspect names/technical terms,Needs human review
kavach_next_period,KavachAnalyticsSection,Next period,अगला पीरियड,agla period,,Needs human review
kavach_no_apps_chosen,FocusShieldSettingsSheet,No apps chosen yet,अभी कोई app नहीं चुना,abhi koi app nahi chuna,Latin text in Hindi: inspect names/technical terms,Needs human review
kavach_no_data,KavachAnalyticsSection,No Kavach data yet,अभी कवच का डेटा नहीं है,abhi Kavach ka data nahi hai,,Needs human review
kavach_no_youtube_activity,KavachAnalyticsSection,No measured YouTube activity for this period.,इस दौरान YouTube की कोई एक्टिविटी रिकॉर्ड नहीं हुई।,is dauraan YouTube ki koi activity record nahi hui.,Latin text in Hindi: inspect names/technical terms,Needs human review
kavach_normal,FocusShieldSettingsSheet,Normal,Normal,Normal,Latin text in Hindi: inspect names/technical terms,Needs human review
kavach_normal_help,FocusShieldSettingsSheet,Blocks selected apps but keeps Quick Unlock available when you need a short break.,"Selected apps block रहेंगे, लेकिन ज़रूरत पर छोटे break के लिए Quick Unlock मिलेगा।","Selected apps block rahenge, lekin zarurata par chhote break ke liye Quick Unlock milega.",Latin text in Hindi: inspect names/technical terms,Needs human review
kavach_not_now,FocusShieldSettingsSheet; KavachOnboardingScreen; KavachPermissionSetup,Not now,अभी नहीं,abhi nahi,,Needs human review
kavach_notification_optional,KavachPermissionSetup,This permission is optional—Kavach works without it.,यह permission optional है—Kavach इसके बिना भी चलता है।,yeh permission optional hai—Kavach isake bina bhi chalta hai.,Latin text in Hindi: inspect names/technical terms,Needs human review
kavach_notification_phone_only,KavachPermissionSetup,Works only on your phone and is never shared for ads.,सिर्फ आपके phone पर काम करता है और ads के लिए share नहीं होता।,sirf aapke phone par kam karta hai aur ads ke liye share nahi hota.,Latin text in Hindi: inspect names/technical terms,Needs human review
kavach_notification_progress,KavachPermissionSetup,Shows Ekagra timer progress and break alerts.,Ekagra timer progress और break alerts दिखाता है।,Ekagra timer progress aur break alerts dikhaata hai.,Latin text in Hindi: inspect names/technical terms,Needs human review
kavach_notification_shield,EkagraKavachSetup; KavachOnboardingScreen; KavachUiComponents,Notification Shield,Notification Shield,Notification Shield,Latin text in Hindi: inspect names/technical terms,Needs human review
kavach_notification_shield_body,KavachUiComponents,Hides notifications from blocked apps.,Blocked apps की notifications छिपाता है।,Blocked apps ki notifications chhipata hai.,Latin text in Hindi: inspect names/technical terms,Needs human review
kavach_notification_shield_help,KavachOnboardingScreen,Hides notifications from apps you chose to block.,आपके चुने blocked apps की notifications छिपाता है।,aapke chune blocked apps ki notifications chhipata hai.,Latin text in Hindi: inspect names/technical terms,Needs human review
kavach_notification_shield_optional,KavachPermissionSetup,Notification Shield (optional),Notification Shield (optional),Notification Shield (optional),Latin text in Hindi: inspect names/technical terms,Needs human review
kavach_notification_shield_optional_body,KavachUiComponents,Optional — hides notifications from blocked apps while you study.,Optional — पढ़ते समय blocked apps की notifications छिपाता है।,Optional — padhte samay blocked apps ki notifications chhipata hai.,Latin text in Hindi: inspect names/technical terms,Needs human review
kavach_notification_shield_optional_help,KavachPermissionSetup,Hides notifications from blocked apps while your Ekagra timer runs.,Ekagra timer चलते समय blocked apps की notifications छिपाता है।,Ekagra timer chalte samay blocked apps ki notifications chhipata hai.,Latin text in Hindi: inspect names/technical terms,Needs human review
kavach_notification_shield_short_body,EkagraKavachSetup,Silences notifications from blocked apps.,Blocked apps की notifications शांत करता है।,Blocked apps ki notifications shaant karta hai.,Latin text in Hindi: inspect names/technical terms,Needs human review
kavach_notifications,KavachOnboardingScreen; KavachUiComponents,Notifications,Notifications,Notifications,Latin text in Hindi: inspect names/technical terms,Needs human review
kavach_notifications_body,KavachUiComponents,Lets SAFAR send you useful updates.,SAFAR आपको काम की updates भेज पाएगा।,SAFAR aapko kam ki updates bheja paega.,Latin text in Hindi: inspect names/technical terms,Needs human review
kavach_notifications_bullet_status,KavachOnboardingScreen,See that Kavach is still running in the background.,पता रहेगा कि Kavach background में चल रहा है।,pata rahega ki Kavach background mein chala raha hai.,Latin text in Hindi: inspect names/technical terms,Needs human review
kavach_notifications_bullet_timer,KavachOnboardingScreen,Get an alert when your study timer ends.,Study timer खत्म होने पर alert मिलेगा।,Study timer khatam hone par alert milega.,Latin text in Hindi: inspect names/technical terms,Needs human review
kavach_notifications_help,KavachOnboardingScreen,Keeps Kavach status and timer alerts working.,Kavach status और timer alerts चलते रहते हैं।,Kavach status aur timer alerts chalte rehte hain.,Latin text in Hindi: inspect names/technical terms,Needs human review
kavach_off_hint,EkagraKavachSetup; KavachUiComponents,"Turn on KAVACH, choose apps, then start your study timer.","कवच ऑन करें, ऐप्स चुनें, फिर भटकाव से बचने के लिए एकाग्र टाइमर शुरू करें।","Kavach on karein, apps chunein, phir bhatkaav se bacane ke liye ekagra timer shuru karein.",,Needs human review
kavach_open_battery_settings,KavachPermissionSetup,Open battery settings,Battery settings खोलें,Battery settings kholein,Latin text in Hindi: inspect names/technical terms,Needs human review
kavach_optional_permissions,EkagraKavachSetup,OPTIONAL PROTECTION,OPTIONAL PROTECTION,OPTIONAL PROTECTION,Latin text in Hindi: inspect names/technical terms,Needs human review
kavach_outside_active_hours,KavachAlwaysOnService,KAVACH is scheduled and currently outside active hours.,KAVACH schedule पर है; अभी active hours नहीं हैं।,KAVACH schedule par hai; abhi active hours nahi hain.,Latin text in Hindi: inspect names/technical terms,Needs human review
kavach_overlay_bullet_block_screen,KavachOnboardingScreen; KavachPermissionSetup,This lets Safar show a block screen over a distracting app.,इससे distracting app के ऊपर block screen दिखती है।,isse distracting app ke upar block screen dikhati hai.,Latin text in Hindi: inspect names/technical terms,Needs human review
kavach_overlay_bullet_no_capture,KavachOnboardingScreen; KavachPermissionSetup,Safar doesn’t read or capture other apps.,Safar दूसरे apps को पढ़ता या capture नहीं करता।,Safar doosre apps ko padhta ya capture nahi karta.,Latin text in Hindi: inspect names/technical terms,Needs human review
kavach_overlay_bullet_timer_only,KavachOnboardingScreen; KavachPermissionSetup,It’s used only while you’re studying with the timer on.,यह सिर्फ timer के साथ पढ़ाई करते समय इस्तेमाल होता है।,yeh sirf timer ke saath padhai karte samay istemal hota hai.,Latin text in Hindi: inspect names/technical terms,Needs human review
kavach_permission_accessibility_title,,KAVACH Alert,कवच अलर्ट,Kavach alert,,Needs human review
kavach_permission_bullet_turn_off,KavachOnboardingScreen; KavachPermissionSetup,You can turn this off anytime in phone Settings.,Phone Settings में इसे कभी भी off कर सकते हैं।,Phone Settings mein ise kabhi bhi off kar sakte hain.,Latin text in Hindi: inspect names/technical terms,Needs human review
kavach_permission_granted,KavachStitchComponents,DONE,स्वीकृत,DONE,,Needs human review
kavach_permission_overlay_title,KavachAboutScreen,Display over other apps,दूसरे apps के ऊपर दिखाएँ,doosre apps ke upar dikhayein,Latin text in Hindi: inspect names/technical terms,Needs human review
kavach_permission_required,KavachStitchComponents,NEEDED,आवश्यक,NEEDED,,Needs human review
kavach_permission_safe_question,KavachOnboardingScreen; KavachPermissionSetup,Is it safe to allow this?,क्या यह permission देना safe है?,kya yeh permission dena safe hai?,Latin text in Hindi: inspect names/technical terms,Needs human review
kavach_permission_setup_intro,KavachPermissionSetup,Allow the permissions below so Kavach can block distracting apps while you study.,पढ़ाई के समय distracting apps block करने के लिए नीचे की permissions allow करें।,padhai ke samay distracting apps block karne ke liye neeche ki permissions allow karein.,Latin text in Hindi: inspect names/technical terms,Needs human review
kavach_permission_usage_title,KavachAboutScreen,App Check,ऐप चेक,app check,,Needs human review
kavach_permissions_access,FocusShieldSettingsSheet; KavachUiComponents,Permissions & access,Permissions और access,Permissions aur access,Latin text in Hindi: inspect names/technical terms,Needs human review
kavach_permissions_active,KavachUiComponents,Permissions active 🛡️,Permissions active हैं 🛡️,Permissions active hain 🛡️,Latin text in Hindi: inspect names/technical terms,Needs human review
kavach_permissions_needed,KavachUiComponents,Allow required permissions to start blocking apps.,कवच शुरू करने के लिए आवश्यक अनुमतियां दें।,Kavach shuru karne ke liye zaroori permissions dein.,,Needs human review
kavach_permissions_ready,,KAVACH is ready. Start Ekagra to begin blocking.,कवच तैयार है। ब्लॉक करना शुरू करने के लिए एकाग्र शुरू करें।,Kavach ready hai. block karna shuru karne ke liye ekagra shuru karein.,,Needs human review
kavach_previous_period,KavachAnalyticsSection,Previous period,पिछला पीरियड,pichhla period,,Needs human review
kavach_privacy_badge,FocusShieldConsentDialogs,Runs on your phone \u00b7 No data collected,आपके डिवाइस पर चलता है \u00b7 कोई डेटा नहीं लिया जाता,aapke device par chalta hai \u00b7 koi data nahi liya jaata,,Needs human review
kavach_productive_channels,KavachAnalyticsSection,Productive channels,प्रोडक्टिव चैनल्स,productive channels,,Needs human review
kavach_protecting_focus,KavachBlockOverlay,KAVACH is protecting your focus.,KAVACH आपका focus बचा रहा है।,KAVACH aapka focus bacha raha hai.,Latin text in Hindi: inspect names/technical terms,Needs human review
kavach_protection_level,FocusShieldSettingsSheet,PROTECTION LEVEL,PROTECTION LEVEL,PROTECTION LEVEL,Latin text in Hindi: inspect names/technical terms,Needs human review
kavach_quick_unlock,KavachBlockOverlay,Quick Unlock,Quick Unlock,Quick Unlock,Latin text in Hindi: inspect names/technical terms,Needs human review
kavach_quick_unlock_active,QuickUnlockNotification,KAVACH Quick Unlock is active,KAVACH Quick Unlock चालू है,KAVACH Quick Unlock chalu hai,Latin text in Hindi: inspect names/technical terms,Needs human review
kavach_quick_unlock_expired,KavachBlockOverlay,Quick Unlock ended,Quick Unlock खत्म हुआ,Quick Unlock khatam hua,Latin text in Hindi: inspect names/technical terms,Needs human review
kavach_quick_unlock_expired_body,KavachBlockOverlay,"Your %1$d-minute break is over. Unlock again to continue, or head home.",आपका %1$d मिनट का break खत्म हो गया। आगे बढ़ने के लिए फिर unlock करें या Home पर जाएँ।,aapka %1$d minute ka break khatam ho gaya. aage badhaane ke liye phir unlock karein ya Home par jaayein.,Latin text in Hindi: inspect names/technical terms,Needs human review
kavach_quick_unlock_notification_body,QuickUnlockNotification,Unlocked for %1$d min. KAVACH will block it again when time’s up.,%1$d मिनट के लिए unlock है। समय पूरा होते ही KAVACH फिर block कर देगा।,%1$d minute ke liye unlock hai. samay poora hote hi KAVACH phir block kar dega.,Latin text in Hindi: inspect names/technical terms,Needs human review
kavach_quick_unlock_time,KavachAnalyticsSection,Quick Unlock time,Quick Unlock का समय,Quick Unlock ka samay,Latin text in Hindi: inspect names/technical terms,Needs human review
kavach_reading_app_time,KavachAnalyticsSection,Reading your app time…,आपका ऐप टाइम देखा जा रहा है…,aapka app time dekha ja raha hai…,,Needs human review
kavach_ready_count,FocusShieldSettingsSheet,%1$d of %2$d ready,%2$d में से %1$d ready,%2$d mein se %1$d ready,Latin text in Hindi: inspect names/technical terms,Needs human review
kavach_recent_sessions,KavachAnalyticsSection,Recent sessions,हाल के सेशन्स,haal ke sessions,,Needs human review
kavach_return_home,KavachBlockOverlay,Return home,Home पर जाएँ,Home par jaayein,Latin text in Hindi: inspect names/technical terms,Needs human review
kavach_runs_with_timer,EkagraKavachSetup,KAVACH will start with your timer.,Timer शुरू होते ही KAVACH भी चल जाएगा।,Timer shuru hote hi KAVACH bhi chala jaayega.,Latin text in Hindi: inspect names/technical terms,Needs human review
kavach_save_configuration,AppPickerScreen,Save apps,सेटिंग्स सेव करें,Save apps,,Needs human review
kavach_screen_subtitle,KavachUiComponents,Stop apps that take you away from study,भटकाव से आपका बचाव,bhatkaav se aapka bachaav,,Needs human review
kavach_screen_time_filter,KavachAnalyticsSection,Screen Time Filter,स्क्रीन टाइम फ़िल्टर,screen time filter,,Needs human review
kavach_search_apps,AppCategoryEditorScreen; AppPickerScreen; KavachAnalyticsSection,Search apps…,ऐप्स खोजें…,apps khojein…,,Needs human review
kavach_section_apps,KavachUiComponents,Step 1 · Choose apps,स्टेप 1 · ऐप्स चुनें,Step 1 · Choose apps,,Needs human review
kavach_section_session,KavachUiComponents,Step 2 · Go to Ekagra Timer,स्टेप 2 · एकाग्र टाइमर पर जाएं,Step 2 · Go to Ekagra Timer,,Needs human review
kavach_select_app_first,EkagraKavachSetup; FocusShieldSettingsSheet; FocusShieldViewModel,Choose at least one app to block first,पहले block करने के लिए कम से कम एक app चुनें,pehle block karne ke liye kam se kam ek app chunein,Latin text in Hindi: inspect names/technical terms,Needs human review
kavach_select_distracting,AppPickerScreen,Select Distracting,Distracting apps चुनें,Distracting apps chunein,Latin text in Hindi: inspect names/technical terms,Needs human review
kavach_select_group,KavachSummaryPills,Select Group,ग्रुप चुनें,group chunein,,Needs human review
kavach_session_attempts_count,,%1$d times,%1$d प्रयास,%1$d prayaas,,Needs human review
kavach_session_blocked_attempts,,Times blocked,रोके गए भटकाव,Times blocked,,Needs human review
kavach_session_deep_work,,Deep Study,गहरा फोकस,Deep Study,,Needs human review
kavach_session_minutes_unit,,min,मिनट,minute,,Needs human review
kavach_session_summary_done,,Done,पूरा हुआ,Done,,Needs human review
kavach_session_summary_heading,,Great Work!,बहुत बढ़िया!,bahut badhiya!,,Needs human review
kavach_session_summary_subtitle,,Your study time is done. Here is what you did.,आपका एकाग्र सेशन पूरा हो गया है। यहाँ आपका रिपोर्ट कार्ड है।,Aapka Ekagra session poora ho gaya. Yeh raha aapka report card.,,Needs human review
kavach_session_summary_title,,Session Summary,सेशन का सारांश,Session Summary,,Needs human review
kavach_session_time_focused_label,,Study Time,फोकस का समय,Study Time,,Needs human review
kavach_setup_guide_subtitle,,You will be back in SAFAR in under a minute.,आप एक मिनट से भी कम समय में SAFAR पर वापस आ जाएंगे।,aap ek minute se bhi kam samay mein SAFAR par wapas a jaayenge.,Latin text in Hindi: inspect names/technical terms,Needs human review
kavach_setup_guide_title,,Quick setup — 2 steps,क्विक सेटअप — 2 कदम,quick setup — 2 kadam,,Needs human review
kavach_setup_heading,,Almost ready!,लगभग तैयार!,lagbhag ready!,,Needs human review
kavach_setup_intro,,Two quick steps and KAVACH is ready to help you study.,बस दो आसान कदम और कवच आपकी एकाग्रता की रक्षा के लिए तैयार है।,bas do aasaan kadam aur Kavach aapki ekagrata ki raksha ke liye ready hai.,,Needs human review
kavach_shield_active_blocking,EkagraKavachSetup,Ekagra Shield is active and blocking distracting apps.,Ekagra Shield active है और distracting apps block कर रहा है।,Ekagra Shield active hai aur distracting apps block kar raha hai.,Latin text in Hindi: inspect names/technical terms,Needs human review
kavach_shield_bullet_no_save,KavachOnboardingScreen; KavachPermissionSetup,Safar doesn’t save notification text.,Safar notification text save नहीं करता।,Safar notification text save nahi karta.,Latin text in Hindi: inspect names/technical terms,Needs human review
kavach_shield_bullet_selected_apps,KavachOnboardingScreen; KavachPermissionSetup,Kavach hides notifications only from apps you chose to block.,Kavach सिर्फ आपके चुने blocked apps की notifications छिपाता है।,Kavach sirf aapke chune blocked apps ki notifications chhipata hai.,Latin text in Hindi: inspect names/technical terms,Needs human review
kavach_shield_bullet_timer_only,KavachOnboardingScreen; KavachPermissionSetup,This works only while your study timer is on.,यह सिर्फ study timer on होने पर काम करता है।,yeh sirf study timer on hone par kam karta hai.,Latin text in Hindi: inspect names/technical terms,Needs human review
kavach_shield_configuration_title,AppPickerScreen,Choose apps to block,शील्ड कॉन्फ़िगरेशन,Choose apps to block,,Needs human review
kavach_shield_off_active_session,EkagraKavachSetup,"Shield is off, so distracting apps aren’t blocked right now.","Shield बंद है, इसलिए distracting apps अभी block नहीं होंगे।","Shield band hai, isliye distracting apps abhi block nahi honge.",Latin text in Hindi: inspect names/technical terms,Needs human review
kavach_show_on_top,KavachOnboardingScreen,Show on top,ऊपर दिखाएँ,upar dikhayein,,Needs human review
kavach_show_on_top_help,KavachOnboardingScreen,Lets Kavach show a block screen over a distracting app.,इससे distracting app के ऊपर block screen दिखती है।,isse distracting app ke upar block screen dikhati hai.,Latin text in Hindi: inspect names/technical terms,Needs human review
kavach_skip_for_now,KavachOnboardingScreen,Skip for now,अभी skip करें,abhi skip karein,Latin text in Hindi: inspect names/technical terms,Needs human review
kavach_start_session_body,KavachAnalyticsSection,Start a Kavach session and your app time will show up here.,"एक कवच सेशन शुरू करें, फिर आपका ऐप टाइम यहाँ दिखेगा।","ek Kavach session shuru karein, phir aapka app time yahan dikhega.",,Needs human review
kavach_status_pill,KavachUiComponents,"Ready — choose apps, then start the study timer.","तैयार - ऐप्स चुनें, फिर ब्लॉक करने के लिए एकाग्र शुरू करें।","ready - apps chunein, phir block karne ke liye ekagra shuru karein.",,Needs human review
kavach_timer_notifications,EkagraKavachSetup,Timer notifications,Timer notifications,Timer notifications,Latin text in Hindi: inspect names/technical terms,Needs human review
kavach_timer_notifications_body,EkagraKavachSetup,Shows timer progress on your lock screen.,Lock screen पर timer progress दिखाता है।,Lock screen par timer progress dikhaata hai.,Latin text in Hindi: inspect names/technical terms,Needs human review
kavach_total,KavachAnalyticsSection,Total,कुल,kul,,Needs human review
kavach_turn_off,FocusShieldSettingsSheet,Turn off Kavach,Kavach off करें,Kavach off karein,Latin text in Hindi: inspect names/technical terms,Needs human review
kavach_turn_on,FocusShieldSettingsSheet,Turn on Kavach,Kavach on करें,Kavach on karein,Latin text in Hindi: inspect names/technical terms,Needs human review
kavach_uncategorised_time,KavachAnalyticsSection,Uncategorised time,बिना कैटेगरी वाला समय,bina category waala samay,,Needs human review
kavach_usage_access_body,KavachAnalyticsSection,Kavach can’t measure app time without usage access. Turn it on in Kavach settings and your usage will start showing here.,"यूसेज एक्सेस के बिना कवच ऐप टाइम नहीं माप सकता। कवच सेटिंग्स में इसे चालू करें, फिर आपका यूसेज यहाँ दिखने लगेगा।","usage access ke bina Kavach app time nahi mapa sakta. Kavach settings mein ise chalu karein, phir aapka usage yahan dikhne lagega.",,Needs human review
kavach_usage_bullet_block_only,KavachOnboardingScreen; KavachPermissionSetup,Safar uses it only to block apps you chose.,Safar इसका इस्तेमाल सिर्फ आपके चुने apps block करने के लिए करता है।,Safar isaka istemal sirf aapke chune apps block karne ke liye karta hai.,Latin text in Hindi: inspect names/technical terms,Needs human review
kavach_usage_bullet_no_ads,KavachOnboardingScreen; KavachPermissionSetup,"Nothing is shared for ads, and app names aren’t uploaded.",Ads के लिए कुछ share नहीं होता और app names upload नहीं होते।,Ads ke liye kuch share nahi hota aur app names upload nahi hote.,Latin text in Hindi: inspect names/technical terms,Needs human review
kavach_usage_bullet_open_app,KavachOnboardingScreen; KavachPermissionSetup,This only tells Safar which app is open right now.,इससे सिर्फ पता चलता है कि अभी कौन सा app खुला है।,isse sirf pata chalta hai ki abhi kaun sa app khula hai.,Latin text in Hindi: inspect names/technical terms,Needs human review
kavach_usage_bullet_private,KavachOnboardingScreen; KavachPermissionSetup,"We don’t read your messages, passwords, or photos.","हम आपके messages, passwords या photos नहीं पढ़ते।","hum aapke messages, passwords ya photos nahi padhte.",Latin text in Hindi: inspect names/technical terms,Needs human review
kavach_usage_off,KavachAnalyticsSection,Usage access is off,यूसेज एक्सेस बंद है,usage access band hai,,Needs human review
kavach_usage_permission,KavachOnboardingScreen,Usage permission,Usage permission,Usage permission,Latin text in Hindi: inspect names/technical terms,Needs human review
kavach_usage_permission_help,KavachOnboardingScreen,Lets Kavach see which app you opened.,इससे Kavach जान पाता है कि आपने कौन सा app खोला।,isse Kavach jana pata hai ki apne kaun sa app khola.,Latin text in Hindi: inspect names/technical terms,Needs human review
kavach_when_it_works,FocusShieldSettingsSheet,WHEN IT WORKS,कब काम करे,kab kam kare,,Needs human review
kavach_why_permission,KavachOnboardingScreen,Why does Kavach need this?,Kavach को यह permission क्यों चाहिए?,Kavach ko yeh permission kyon chahiye?,Latin text in Hindi: inspect names/technical terms,Needs human review
kavach_with_ekagra,FocusShieldSettingsSheet,With Ekagra,Ekagra के साथ,Ekagra ke saath,Latin text in Hindi: inspect names/technical terms,Needs human review
kavach_with_ekagra_help,FocusShieldSettingsSheet,Turns on with an Ekagra session and switches off when it ends.,Ekagra session के साथ on होगा और session खत्म होते ही off हो जाएगा।,Ekagra session ke saath on hoga aur session khatam hote hi off ho jaayega.,Latin text in Hindi: inspect names/technical terms,Needs human review
kavach_your_study_groups,KavachSummaryPills,YOUR STUDY GROUPS (%1$d/5),आपके स्टडी ग्रुप्स (%1$d/5),aapke study groups (%1$d/5),,Needs human review
kavach_youtube_focus,FocusShieldStandaloneScreen,YouTube Focus,YouTube Focus,YouTube Focus,Latin text in Hindi: inspect names/technical terms,Needs human review
launch_change_later,LaunchUsageQuestionnaireScreen,You can change this later.,इसे बाद में बदल सकते हैं।,ise baad mein badla sakte hain.,,Needs human review
launch_choose_all,LaunchUsageQuestionnaireScreen,Choose all that you want.,"जो भी चाहिए, सब चुनें।","jo bhi chahiye, sab chunein.",,Needs human review
launch_choose_one_error,LaunchUsageQuestionnaireScreen,Choose at least one option to continue,आगे बढ़ने के लिए कम से कम एक option चुनें,aage badhaane ke liye kam se kam ek option chunein,Latin text in Hindi: inspect names/technical terms,Needs human review
launch_finish_setup,LaunchUsageQuestionnaireScreen,Finish setup,Setup पूरा करें,Setup poora karein,Latin text in Hindi: inspect names/technical terms,Needs human review
launch_help_question,LaunchUsageQuestionnaireScreen,What do you need help with?,आपको किस चीज़ में मदद चाहिए?,aapko kis cheez mein madad chahiye?,,Needs human review
launch_kavach_always_on_description,LaunchUsageQuestionnaireScreen,Blocks selected apps until you turn Kavach off.,आपके खुद off करने तक Kavach apps block करता रहेगा।,aapke khud off karne tak Kavach apps block karta rahega.,Latin text in Hindi: inspect names/technical terms,Needs human review
launch_kavach_always_on_title,LaunchUsageQuestionnaireScreen,Always On,Always on,Always on,Latin text in Hindi: inspect names/technical terms,Needs human review
launch_kavach_normal_description,LaunchUsageQuestionnaireScreen,Blocks selected apps while keeping Quick Unlock available.,"Selected apps block होंगे, और Quick Unlock available रहेगा।","Selected apps block honge, aur Quick Unlock available rahega.",Latin text in Hindi: inspect names/technical terms,Needs human review
launch_kavach_normal_title,LaunchUsageQuestionnaireScreen,Normal Mode,Normal mode,Normal mode,Latin text in Hindi: inspect names/technical terms,Needs human review
launch_kavach_setup,LaunchUsageQuestionnaireScreen,KAVACH Setup,Kavach setup,Kavach setup,Latin text in Hindi: inspect names/technical terms,Needs human review
launch_kavach_strict_description,LaunchUsageQuestionnaireScreen,Blocks selected apps without Quick Unlock until your study timer ends.,Selected apps background में 24/7 block रहेंगे।,Selected apps background mein 24/7 block rahenge.,Latin text in Hindi: inspect names/technical terms,Needs human review
launch_kavach_strict_title,LaunchUsageQuestionnaireScreen,Strict Mode,Always-on mode,Always-on mode,Latin text in Hindi: inspect names/technical terms,Needs human review
launch_kavach_with_ekagra_description,LaunchUsageQuestionnaireScreen,Kavach turns on with an Ekagra session and turns off when it ends.,Ekagra session के साथ Kavach on होगा और session खत्म होते ही off हो जाएगा।,Ekagra session ke saath Kavach on hoga aur session khatam hote hi off ho jaayega.,Latin text in Hindi: inspect names/technical terms,Needs human review
launch_kavach_with_ekagra_title,LaunchUsageQuestionnaireScreen,With Ekagra,Ekagra के साथ,Ekagra ke saath,Latin text in Hindi: inspect names/technical terms,Needs human review
launch_protection_level,LaunchUsageQuestionnaireScreen,PROTECTION LEVEL,Protection level,Protection level,Latin text in Hindi: inspect names/technical terms,Needs human review
launch_reason_all_subtitle,LaunchUsageQuestionnaireScreen,Use all SAFAR tools,पूरा SAFAR experience चाहिए,poora SAFAR experience chahiye,Latin text in Hindi: inspect names/technical terms,Needs human review
launch_reason_all_title,LaunchUsageQuestionnaireScreen,Use all SAFAR tools,SAFAR के सभी tools इस्तेमाल करने हैं,SAFAR ke sabhi tools istemal karne hain,Latin text in Hindi: inspect names/technical terms,Needs human review
launch_reason_calm_subtitle,LaunchUsageQuestionnaireScreen,Feel calm,Breathing और meditation try करना है,Breathing aur meditation try karna hai,Latin text in Hindi: inspect names/technical terms,Needs human review
launch_reason_calm_title,LaunchUsageQuestionnaireScreen,Feel calm,मन शांत करना है,mann shaant karna hai,,Needs human review
launch_reason_focus_subtitle,LaunchUsageQuestionnaireScreen,Focus better,Distractions से दूर रहना है,Distractions se dura rahana hai,Latin text in Hindi: inspect names/technical terms,Needs human review
launch_reason_focus_title,LaunchUsageQuestionnaireScreen,Focus better,बेहतर focus करना है,behtar focus karna hai,Latin text in Hindi: inspect names/technical terms,Needs human review
launch_reason_habits_subtitle,LaunchUsageQuestionnaireScreen,Build daily habits,हर दिन छोटे tasks करने हैं,har din chhote tasks karne hain,Latin text in Hindi: inspect names/technical terms,Needs human review
launch_reason_habits_title,LaunchUsageQuestionnaireScreen,Build daily habits,Daily habits बनानी हैं,Daily habits banani hain,Latin text in Hindi: inspect names/technical terms,Needs human review
launch_reason_journal_subtitle,LaunchUsageQuestionnaireScreen,Try breathing and meditation,एक simple daily note रखना है,ek simple daily note rakhana hai,Latin text in Hindi: inspect names/technical terms,Needs human review
launch_reason_journal_title,LaunchUsageQuestionnaireScreen,Try breathing and meditation,अपने thoughts लिखने हैं,apne thoughts likhane hain,Latin text in Hindi: inspect names/technical terms,Needs human review
launch_set_up_kavach,LaunchUsageQuestionnaireScreen,Set up KAVACH,Kavach set up करें,Kavach set up karein,Latin text in Hindi: inspect names/technical terms,Needs human review
launch_step_of_two,LaunchUsageQuestionnaireScreen,KAVACH Setup %1$d,2 में से step %1$d,2 mein se step %1$d,Latin text in Hindi: inspect names/technical terms,Needs human review
launch_when_does_it_work,LaunchUsageQuestionnaireScreen,WHEN DOES IT WORK?,यह कब काम करे?,yeh kab kam kare?,,Needs human review
leaderboard_ekagra_focus_time,LeaderboardScreen,Ekagra Focus Time,Ekagra focus time,Ekagra focus time,Latin text in Hindi: inspect names/technical terms,Needs human review
leaderboard_enter_rankings_help,LeaderboardScreen,Complete an Ekagra session to enter rankings,Rankings में आने के लिए एक Ekagra session पूरा करें,Rankings mein aane ke liye ek Ekagra session poora karein,Latin text in Hindi: inspect names/technical terms,Needs human review
leaderboard_focused_this_week,LeaderboardScreen,Complete an Ekagra session to enter rankings %1$s,इस हफ्ते %1$s focus किया,is hafte %1$s focus kiya,Latin text in Hindi: inspect names/technical terms,Needs human review
leaderboard_last_week_champions,LeaderboardPodiumVariations; LeaderboardScreen,Last Week\'s Champions,पिछले हफ़्ते के चैंपियन्स,Pichhle hafte ke champions,,Needs human review
leaderboard_live_rankings,LeaderboardScreen,Live Rankings,Live rankings,Live rankings,Latin text in Hindi: inspect names/technical terms,Needs human review
leaderboard_load_error,LeaderboardScreen,Unable to load leaderboard,Leaderboard load नहीं हो पाया,Leaderboard load nahi ho paaya,Latin text in Hindi: inspect names/technical terms,Needs human review
leaderboard_next_page,LeaderboardScreen,Next page,अगला page,agla page,Latin text in Hindi: inspect names/technical terms,Needs human review
leaderboard_not_ranked,LeaderboardScreen,Not Ranked Yet,अभी rank नहीं मिला,abhi rank nahi mila,Latin text in Hindi: inspect names/technical terms,Needs human review
leaderboard_podium_pending,LeaderboardPodiumVariations; LeaderboardScreen,Podium winners will appear once the weekly cycle completes.,हफ़्ते का साइकल पूरा होते ही पोडियम विनर्स यहाँ दिखेंगे।,Weekly cycle poora hone ke baad podium winners yahan dikhenge.,,Needs human review
leaderboard_preparing,LeaderboardScreen,This week\'s leaderboard is being prepared. It updates automatically as Ekagra sessions are completed.,इस हफ्ते का leaderboard तैयार हो रहा है। Ekagra sessions पूरे होते ही यह automatically update होगा।,is hafte ka leaderboard ready ho raha hai. Ekagra sessions pure hote hi yeh automatically update hoga.,Latin text in Hindi: inspect names/technical terms,Needs human review
leaderboard_previous_page,LeaderboardScreen,Previous page,पिछला page,pichhla page,Latin text in Hindi: inspect names/technical terms,Needs human review
leaderboard_refresh_rankings,LeaderboardScreen,Refresh rankings,Rankings refresh करें,Rankings refresh karein,Latin text in Hindi: inspect names/technical terms,Needs human review
leaderboard_this_week,LeaderboardScreen,This week,इस हफ्ते,is hafte,,Needs human review
leaderboard_your_position,LeaderboardScreen,Your Position,आपकी position,aapki position,Latin text in Hindi: inspect names/technical terms,Needs human review
live_add_comment,LiveChatPaneView,Add a comment…,कमेंट लिखें…,comment likhein…,,Needs human review
live_catch_up,LiveSessionsScreen,Missed a session? Catch up below,सेशन छूट गया? नीचे देखकर पूरा कर लें,session chhoot gaya? neeche dekhkar poora kar lein,,Needs human review
live_clear_filters,LiveClassroomComponents,Clear filters,फ़िल्टर हटाएँ,filter hataayein,,Needs human review
live_clear_search,LiveClassroomComponents,Clear search,सर्च हटाएँ,sarca hataayein,,Needs human review
live_comments,LiveChatPaneView; LiveSessionScreen,Live comments,लाइव कमेंट्स,live comments,,Needs human review
live_comments_closed,LiveChatPaneView,Comments are closed,कमेंट्स बंद हैं,comments band hain,,Needs human review
live_connecting,LiveSessionScreen; LiveSessionViewModel,Connecting…,कनेक्ट हो रहा है…,kanekta ho raha hai…,,Needs human review
live_error_expired,LiveSessionScreen,Your session has expired. Please sign in again.,आपका सेशन एक्सपायर हो गया। फिर से साइन इन करें।,aapka session expire ho gaya. phir se sign in karein.,,Needs human review
live_error_forbidden,LiveSessionScreen,You don\'t have access to this live session.,आपके पास इस लाइव सेशन का एक्सेस नहीं है।,aapke paas is live session ka access nahi hai.,,Needs human review
live_error_load,LiveSessionScreen,Failed to load session.,सेशन लोड नहीं हुआ।,session load nahi hua.,,Needs human review
live_error_not_found,LiveSessionScreen,This live session could not be found.,यह लाइव सेशन नहीं मिला।,yeh live session nahi mila.,,Needs human review
live_error_technical,LiveSessionScreen,We\'re experiencing technical difficulties. Please try again shortly.,अभी थोड़ी टेक्निकल दिक्कत है। कुछ देर बाद फिर कोशिश करें।,abhi thodi technical dikkat hai. kuch der baad phir koshish karein.,,Needs human review
live_exit_fullscreen,LiveSessionScreen,Exit Fullscreen,फ़ुल स्क्रीन से बाहर आएँ,fula screen se baahar aayein,,Needs human review
live_join_community,LiveSessionsScreen,Join the Safar Dhyan community,Safar ध्यान कम्युनिटी से जुड़ें,Safar Dhyan community se judein,Latin text in Hindi: inspect names/technical terms,Needs human review
live_join_intro,LiveSessionsScreen,Join Parmar sir live for yoga and meditation.,योग और मेडिटेशन के लिए परमार सर के साथ लाइव जुड़ें।,yoga aur meditation ke liye paramara sara ke saath live judein.,,Needs human review
live_join_session,LiveClassroomComponents,Join Live Session,लाइव सेशन जॉइन करें,live session join karein,,Needs human review
live_join_telegram,LiveSessionsScreen,Join our Telegram group,हमारा Telegram ग्रुप जॉइन करें,hamara Telegram group join karein,Latin text in Hindi: inspect names/technical terms,Needs human review
live_locked,LiveSessionsHubScreen,Dhyan Live locked,ध्यान लाइव लॉक है,Dhyan live loka hai,,Needs human review
live_many_watching,LiveChatPaneView,● %1$d watching,● %1$d लोग देख रहे हैं,● %1$d log dekha rahe hain,,Needs human review
live_no_comments,LiveChatPaneView; LiveSessionScreen,No comments yet. Say hello!,अभी कोई कमेंट नहीं। आप हेलो बोलें!,abhi koi comment nahi. aap helo bolein!,,Needs human review
live_not_live_now,LiveClassroomComponents,Parmar sir isn\'t live right now,परमार सर अभी लाइव नहीं हैं,paramara sara abhi live nahi hain,,Needs human review
live_notifications,LiveClassroomComponents,Notifications,नोटिफ़िकेशन्स,notifications,,Needs human review
live_now,LiveClassroomComponents,Live now,अभी लाइव,Live now,,Needs human review
live_now_playing,LiveClassroomComponents,NOW PLAYING,अभी चल रहा है,NOW PLAYING,,Needs human review
live_one_watching,LiveChatPaneView,● 1 watching,● 1 व्यक्ति देख रहा है,● 1 person dekha raha hai,,Needs human review
live_play,LiveClassroomComponents,Play,चलाएँ,Play,,Needs human review
live_play_named,LiveSessionScreen,Play %1$s,%1$s चलाएँ,%1$s chalayen,,Needs human review
live_play_video,LiveSessionScreen,Play Video,वीडियो चलाएँ,video chalayen,,Needs human review
live_playlist,LiveSessionScreen,Playlist,प्लेलिस्ट,Playlist,,Needs human review
live_recording_a11y,LiveClassroomComponents,Dhyan recording,ध्यान रिकॉर्डिंग,Dhyan rikordinga,,Needs human review
live_recordings,LiveSessionsScreen,Dhyan recordings,ध्यान रिकॉर्डिंग्स,Dhyan recordings,,Needs human review
live_refresh,LiveSessionScreen,Refresh,रिफ़्रेश करें,Refresh,,Needs human review
live_reload,LiveClassroomComponents,Reload,फिर लोड करें,phir load karein,,Needs human review
live_reload_sessions,LiveClassroomComponents,Reload live sessions,लाइव सेशन्स फिर लोड करें,live sessions phir load karein,,Needs human review
live_retry,LiveClassroomComponents,Retry,फिर कोशिश करें,Retry,,Needs human review
live_search_sessions,LiveClassroomComponents; LiveSessionsScreen,Search sessions,सेशन्स खोजें,sessions khojein,,Needs human review
live_send,LiveChatPaneView,Send,भेजें,Send,,Needs human review
live_send_comment,LiveSessionScreen,Send comment,कमेंट भेजें,comment bhejein,,Needs human review
live_session_not_found,LiveSessionScreen,Session not found,सेशन नहीं मिला,session nahi mila,,Needs human review
live_started_at,LiveClassroomComponents,Started: %1$s,शुरू हुआ: %1$s,shuru hua: %1$s,,Needs human review
live_tap_watch,LiveSessionScreen,Tap to watch live,लाइव देखने के लिए टैप करें,live dekhne ke liye tap karein,,Needs human review
live_title,LiveClassroomComponents; LiveSessionsHubScreen; LiveSessionsScreen,Dhyan Live,ध्यान लाइव,Dhyan live,,Needs human review
live_unlock,LiveSessionsHubScreen,Unlock Dhyan Live,ध्यान लाइव अनलॉक करें,Dhyan live unlock karein,,Needs human review
live_unlock_body,LiveSessionsHubScreen,"Get Dhyan Live for 6 months, or choose a Safar Premium bundle with Dhyan Live included.","6 महीने के लिए ध्यान लाइव लें, या ऐसा Safar Premium बंडल चुनें जिसमें ध्यान लाइव शामिल हो।","6 mahine ke liye Dhyan live lein, ya aisa Safar Premium bundle chunein jisamem Dhyan live shaamil ho.",Latin text in Hindi: inspect names/technical terms,Needs human review
live_video_thumbnail,LiveSessionScreen,Video Thumbnail,वीडियो थंबनेल,video thumbnail,,Needs human review
live_wait_comment,LiveChatPaneView,Wait %1$ds before commenting again,दोबारा कमेंट करने से पहले %1$d सेकंड रुकें,dobara comment karne se pehle %1$d sekanda rukem,,Needs human review
maintenance_auto_check,MaintenanceScreen,Auto-checking in background every 15 seconds,हर 15 seconds में अपने-आप भी check हो रहा है,har 15 seconds mein apne-aap bhi check ho raha hai,Latin text in Hindi: inspect names/technical terms,Needs human review
maintenance_check_back,MaintenanceScreen,Check Back Soon......,बस थोड़ी देर में वापस आएँ।,bas thodi der mein wapas aayein.,,Needs human review
maintenance_check_now,MaintenanceScreen,Check Status Now,फिर check करें,phir check karein,Latin text in Hindi: inspect names/technical terms,Needs human review
maintenance_checking,MaintenanceScreen,Checking server status...,Server check हो रहा है…,Server check ho raha hai…,Latin text in Hindi: inspect names/technical terms,Needs human review
maintenance_data_safe_body,MaintenanceScreen,Your Data is 100%% Safe,"आपकी स्ट्रीक, फ़ोकस लॉग, सिलेबस की प्रगति और जर्नल नोट्स सुरक्षित हैं।","Aapki streak, focus logs, syllabus progress aur journal notes safe hain.",Hindi literal percent signs differ; Hinglish literal percent signs differ,Needs human review
maintenance_data_safe_title,MaintenanceScreen,Your Data is 100%% Safe,आपका डेटा पूरी तरह सुरक्षित है,Your Data Is Safe,Hindi literal percent signs differ; Hinglish literal percent signs differ,Needs human review
maintenance_default_message,MaintenanceInterceptor,Check back soon.,थोड़ी देर बाद फिर आएँ।,thodi der baad phir aayein.,,Needs human review
maintenance_default_title,MaintenanceInterceptor,App Under Maintenance!,ऐप पर अभी मेंटेनेंस चल रहा है!,app par abhi maintenance chala raha hai!,,Needs human review
maintenance_optimization_body,MaintenanceScreen,Database & Server Optimization,"Servers और database upgrade हो रहे हैं, ताकि Safar और fast और reliable चले।","Servers aur database upgrade ho rahe hain, taaki Safar aur fast aur reliable chale.",Latin text in Hindi: inspect names/technical terms,Needs human review
maintenance_optimization_title,MaintenanceScreen,Database & Server Optimization,Safar को और fast बना रहे हैं,Safar ko aur fast bana rahe hain,Latin text in Hindi: inspect names/technical terms,Needs human review
maintenance_reconnect_body,MaintenanceScreen,This screen will automatically dismiss and take you back to your study space as soon as maintenance finishes.,Maintenance खत्म होते ही यह screen बंद होकर आपको वापस study space में ले जाएगी।,Maintenance khatam hote hi yeh screen band hokar aapko wapas study space mein le jaayegi.,Latin text in Hindi: inspect names/technical terms,Needs human review
maintenance_reconnect_title,MaintenanceScreen,This screen will automatically dismiss and take you back to your study space as soon as maintenance finishes.,अपने-आप reconnect हो जाएगा,apne-aap reconnect ho jaayega,Latin text in Hindi: inspect names/technical terms,Needs human review
maintenance_title,MaintenanceScreen,App Under Maintenance !,Safar में थोड़ा काम चल रहा है,Safar mein thoda kam chala raha hai,Latin text in Hindi: inspect names/technical terms,Needs human review
maintenance_upgrade_badge,MaintenanceScreen,SYSTEM & DATABASE UPGRADE,SYSTEM और DATABASE UPGRADE,SYSTEM aur DATABASE UPGRADE,Latin text in Hindi: inspect names/technical terms,Needs human review
material3_outlined_button_label,,Material 3 Outlined Button,मटीरियल 3 आउटलाइन बटन,Material 3 outline button,,Needs human review
mehfil_academic,MehfilSheets; MehfilTabs,ACADEMIC,पढ़ाई,padhai,,Needs human review
mehfil_add_comment,MehfilSheets,Add a comment...,Comment लिखें…,Comment likhein…,Latin text in Hindi: inspect names/technical terms,Needs human review
mehfil_admin,MehfilTabs,Admin,Admin,Admin,Latin text in Hindi: inspect names/technical terms,Needs human review
mehfil_all_matches_shown,MehfilTabs,All matching posts shown,सारे matching posts दिख गए,Saare matching posts dikh gaye.,Latin text in Hindi: inspect names/technical terms,Needs human review
mehfil_cannot_open_image,MehfilTabs,No app available to open this image.,इस image को खोलने के लिए कोई app नहीं मिला।,is image ko kholne ke liye koi app nahi mila.,Latin text in Hindi: inspect names/technical terms,Needs human review
mehfil_cannot_open_video,MehfilTabs,No app available to open this video.,इस video को खोलने के लिए कोई app नहीं मिला।,is video ko kholne ke liye koi app nahi mila.,Latin text in Hindi: inspect names/technical terms,Needs human review
mehfil_chat_requests,MehfilTabs,Chat requests,Chat requests,Chat requests,Latin text in Hindi: inspect names/technical terms,Needs human review
mehfil_chat_with,MehfilTabs,Chat with %1$s,%1$s से chat,%1$s se chat,Latin text in Hindi: inspect names/technical terms,Needs human review
mehfil_clear_search,MehfilTabs,Clear search,Search हटाएँ,Search hataayein,Latin text in Hindi: inspect names/technical terms,Needs human review
mehfil_comment,MehfilTabs,Comment,Comment,Comment,Latin text in Hindi: inspect names/technical terms,Needs human review
mehfil_comment_count,MehfilSheets,Comment count %1$d,%1$d comments,%1$d comments,Latin text in Hindi: inspect names/technical terms,Needs human review
mehfil_commented,MehfilTabs,Liked a post %1$s,Comment किया: %1$s,Comment kiya: %1$s,Latin text in Hindi: inspect names/technical terms,Needs human review
mehfil_comments,MehfilSheets; MehfilTabs,Comments,Comments,Comments,Latin text in Hindi: inspect names/technical terms,Needs human review
mehfil_community_messages,MehfilSheets,Messages from the community,Community के messages,Community ke messages,Latin text in Hindi: inspect names/technical terms,Needs human review
mehfil_community_posts,MehfilTabs,COMMUNITY POSTS,COMMUNITY POSTS,COMMUNITY POSTS,Latin text in Hindi: inspect names/technical terms,Needs human review
mehfil_community_space,MehfilTabs,Community Space,Community space,Community Space,Latin text in Hindi: inspect names/technical terms,Needs human review
mehfil_connect,MehfilTabs,Connect,Connect,Connect,Latin text in Hindi: inspect names/technical terms,Needs human review
mehfil_connect_help,MehfilTabs,Tap Connect on a post to ask that student to chat.,उस student से chat के लिए post पर Connect tap करें।,us student se chat ke liye post par Connect tap karein.,Latin text in Hindi: inspect names/technical terms,Needs human review
mehfil_connecting,MehfilTabs,Connecting...,Connect हो रहा है…,Connect ho raha hai…,Latin text in Hindi: inspect names/technical terms,Needs human review
mehfil_connecting_again,DmChatScreen,Connecting again…,फिर से connect हो रहा है…,phir se connect ho raha hai…,Latin text in Hindi: inspect names/technical terms,Needs human review
mehfil_connecting_chat,DmChatScreen,Connecting to Chat...,Chat connect हो रही है…,Chat connect ho rahi hai…,Latin text in Hindi: inspect names/technical terms,Needs human review
mehfil_connection_request_sent,DmChatScreen,Connection Request Sent!,Connection request भेज दी!,Connection request bheja di!,Latin text in Hindi: inspect names/technical terms,Needs human review
mehfil_connection_sent,MehfilScreen,Connection request sent!,कनेक्शन रिक्वेस्ट भेज दी!,connection request bheja di!,,Needs human review
mehfil_connection_status,DmChatScreen,Connection Status,Connection status,Connection status,Latin text in Hindi: inspect names/technical terms,Needs human review
mehfil_corner_attachment,MehfilTabs,Parmar Sir\'s Corner attachment. Tap to open.,Parmar Sir’s Corner attachment। खोलने के लिए tap करें।,Parmar Sir’s Corner attachment. kholne ke liye tap karein.,Latin text in Hindi: inspect names/technical terms,Needs human review
mehfil_create_post,MehfilContent,Create post,Post बनाएँ,Post banayein,Latin text in Hindi: inspect names/technical terms,Needs human review
mehfil_earlier_saved_posts,MehfilTabs,Earlier saved posts,पुराने saved posts,purane saved posts,Latin text in Hindi: inspect names/technical terms,Needs human review
mehfil_entering_chat,DmChatScreen,Entering private chat with %1$s...,%1$s के साथ private chat खुल रही है…,%1$s ke saath private chat khula rahi hai…,Latin text in Hindi: inspect names/technical terms,Needs human review
mehfil_error_tap_retry,MehfilTabs,No saved posts yet %1$s,%1$s फिर try करने के लिए tap करें।,%1$s phir try karne ke liye tap karein.,Latin text in Hindi: inspect names/technical terms,Needs human review
mehfil_faculty,MehfilTabs,Faculty,Faculty,Faculty,Latin text in Hindi: inspect names/technical terms,Needs human review
mehfil_find_study_people,MehfilTabs,Find your study people,अपने study partners खोजें,apne study partners khojein,Latin text in Hindi: inspect names/technical terms,Needs human review
mehfil_first_to_share,MehfilTabs,Be the first to share in this room.,इस room में सबसे पहले कुछ share करें।,is room mein sabse pehle kuch share karein.,Latin text in Hindi: inspect names/technical terms,Needs human review
mehfil_focus_together,MehfilTabs,"Focus together, grow together","साथ focus करें, साथ आगे बढ़ें","saath focus karein, saath aage badhein",Latin text in Hindi: inspect names/technical terms,Needs human review
mehfil_focusing_count,MehfilTabs,Official %1$d,%1$d focus कर रहे हैं,%1$d focus kar rahe hain,Latin text in Hindi: inspect names/technical terms,Needs human review
mehfil_guidelines,MehfilContent,Guidelines,Community के rules,Community ke rules,Latin text in Hindi: inspect names/technical terms,Needs human review
mehfil_hide_name,MehfilSheets,Hide my name,मेरा नाम छिपाएँ,mera naam chhipaayein,,Needs human review
mehfil_join_first_circle,MehfilTabs,Join or create your first circle,Circle join करें या अपना पहला circle बनाएँ,Circle join karein ya apna pehla circle banayein,Latin text in Hindi: inspect names/technical terms,Needs human review
mehfil_leave,DmChatScreen,Leave,बाहर जाएँ,baahar jaayein,,Needs human review
mehfil_like,MehfilTabs,Like,Like,Like,Latin text in Hindi: inspect names/technical terms,Needs human review
mehfil_liked_post,MehfilTabs,Liked a post,एक post like किया,ek post like kiya,Latin text in Hindi: inspect names/technical terms,Needs human review
mehfil_likes,MehfilTabs,Likes,Likes,Likes,Latin text in Hindi: inspect names/technical terms,Needs human review
mehfil_message_placeholder,DmChatScreen,Message...,Message लिखें…,Message likhein…,Latin text in Hindi: inspect names/technical terms,Needs human review
mehfil_more_saved_posts,MehfilTabs,More saved posts,और saved posts,aur saved posts,Latin text in Hindi: inspect names/technical terms,Needs human review
mehfil_my_activity,MehfilTabs,My Activity,मेरी activity,My Activity,Latin text in Hindi: inspect names/technical terms,Needs human review
mehfil_name_hidden_help,MehfilSheets,Your name won\'t be shown,आपका नाम नहीं दिखेगा,aapka naam nahi dikhega,,Needs human review
mehfil_new_post,MehfilSheets,New Post,नया post,New Post,Latin text in Hindi: inspect names/technical terms,Needs human review
mehfil_no_activity,MehfilTabs,No activity yet.,अभी कोई activity नहीं है।,abhi koi activity nahi hai.,Latin text in Hindi: inspect names/technical terms,Needs human review
mehfil_no_comments,MehfilSheets,No comments yet. Be the first!,अभी कोई comment नहीं है। पहला comment आप करें!,abhi koi comment nahi hai. pehla comment aap karein!,Latin text in Hindi: inspect names/technical terms,Needs human review
mehfil_no_posts,MehfilTabs,No posts yet,अभी कोई post नहीं है,abhi koi post nahi hai,Latin text in Hindi: inspect names/technical terms,Needs human review
mehfil_no_results,MehfilTabs,"No results for ""%1$s""",“%1$s” के लिए कुछ नहीं मिला,“%1$s” ke liye kuch nahi mila,,Needs human review
mehfil_no_saved_posts,MehfilTabs,No saved posts yet,अभी कोई saved post नहीं है,abhi koi saved post nahi hai,Latin text in Hindi: inspect names/technical terms,Needs human review
mehfil_not_sent,DmChatScreen,Not sent,नहीं भेजा गया,nahi bheja gaya,,Needs human review
mehfil_official,MehfilTabs,Official,Official,Official,Latin text in Hindi: inspect names/technical terms,Needs human review
mehfil_online_count,MehfilTabs,%1$d online,%1$d online,%1$d online,Latin text in Hindi: inspect names/technical terms,Needs human review
mehfil_other_ended_chat,MehfilSocketManager,The other student ended this chat.,दूसरे स्टूडेंट ने यह चैट बंद कर दी।,doosre student ne yeh chat band kar di.,,Needs human review
mehfil_parmar_corner,MehfilTabs,Parmar Sir\'s Corner,Parmar Sir’s Corner,Parmar Sir’s Corner,Latin text in Hindi: inspect names/technical terms,Needs human review
mehfil_post_anonymously,MehfilSheets,Post without my name,बिना नाम के post करें,bina naam ke post karein,Latin text in Hindi: inspect names/technical terms,Needs human review
mehfil_post_shared,MehfilScreen,Post shared.,पोस्ट शेयर हो गई।,post share ho gayi.,,Needs human review
mehfil_posted,MehfilTabs,Posted,Post किया,Post kiya,Latin text in Hindi: inspect names/technical terms,Needs human review
mehfil_posts,MehfilTabs,Posts,Posts,Posts,Latin text in Hindi: inspect names/technical terms,Needs human review
mehfil_private_chat,MehfilTabs,Private chat,Private chat,Private chat,Latin text in Hindi: inspect names/technical terms,Needs human review
mehfil_private_not_saved,DmChatScreen,Private chat · Messages are not saved,Private chat · Messages save नहीं होते,Private chat · Messages save nahi hote,Latin text in Hindi: inspect names/technical terms,Needs human review
mehfil_private_premium,PremiumGateSheet,Private Connect is in Safar Premium,"Private Connect, Safar Premium में मिलता है","Private Connect, Safar Premium mein milata hai",Latin text in Hindi: inspect names/technical terms,Needs human review
mehfil_private_premium_body,PremiumGateSheet,Safar Plus includes normal Mehfil. Upgrade to Safar Premium to send connection requests and start private chats.,Safar Plus में नॉर्मल महफ़िल शामिल है। कनेक्शन रिक्वेस्ट भेजने और प्राइवेट चैट शुरू करने के लिए Safar Premium लें।,Safar Plus mein normal Mehfil shaamil hai. connection request bhejne aur praiveta chat shuru karne ke liye Safar Premium lein.,Latin text in Hindi: inspect names/technical terms,Needs human review
mehfil_profile_photo,DmChatScreen; MehfilTabs,%1$s profile photo,%1$s की profile photo,%1$s ki profile photo,Latin text in Hindi: inspect names/technical terms,Needs human review
mehfil_reflective,MehfilSheets; MehfilTabs,REFLECTIVE,दिल की बात,dil ki baat,,Needs human review
mehfil_rule_kind_body,MehfilSheets,Be kind,"Abuse, spam या unsafe content post न करें।","Abuse, spam ya unsafe content post na karein.",Latin text in Hindi: inspect names/technical terms,Needs human review
mehfil_rule_kind_title,MehfilSheets,Be kind,प्यार से बात करें,Be kind,,Needs human review
mehfil_rule_safe_body,MehfilSheets,Keep it safe,Unsafe posts हटाए जा सकते हैं और account block हो सकता है।,Unsafe posts hatae ja sakte hain aur account block ho sakta hai.,Latin text in Hindi: inspect names/technical terms,Needs human review
mehfil_rule_safe_title,MehfilSheets,Keep it safe,Safe रखें,Keep it safe,Latin text in Hindi: inspect names/technical terms,Needs human review
mehfil_rule_study_body,MehfilSheets,"Ask about study, exams and careers.","पढ़ाई, exams और career के बारे में पूछें।","padhai, exams aur career ke baare mein puchem.",Latin text in Hindi: inspect names/technical terms,Needs human review
mehfil_rule_study_title,MehfilSheets,"Ask about study, exams and careers.",Study room,Study room,Latin text in Hindi: inspect names/technical terms,Needs human review
mehfil_rule_talk_body,MehfilSheets,Talk room,मन की बात share करें और दूसरे students को support करें।,mann ki baat share karein aur doosre students ko support karein.,Latin text in Hindi: inspect names/technical terms,Needs human review
mehfil_rule_talk_title,MehfilSheets,Talk room,Talk room,Talk room,Latin text in Hindi: inspect names/technical terms,Needs human review
mehfil_sandesh,MehfilSheets; MehfilTabs,SANDESH,SANDESH,SANDESH,Latin text in Hindi: inspect names/technical terms,Needs human review
mehfil_sandesh_title,MehfilSheets,Sandesh,Sandesh,Sandesh,Latin text in Hindi: inspect names/technical terms,Needs human review
mehfil_saved_posts,MehfilTabs,No saved posts yet,Saved posts,Saved posts,Latin text in Hindi: inspect names/technical terms,Needs human review
mehfil_say_hello,DmChatScreen,Say hello to %1$s below.,नीचे %1$s को hello बोलें।,neeche %1$s ko hello bolein.,Latin text in Hindi: inspect names/technical terms,Needs human review
mehfil_search_placeholder,MehfilContent,Search posts or names...,Posts या names खोजें…,Posts ya names khojein…,Latin text in Hindi: inspect names/technical terms,Needs human review
mehfil_searching_more,MehfilTabs,Searching more pages...,और posts खोज रहे हैं…,aur posts khoj rahe hain…,Latin text in Hindi: inspect names/technical terms,Needs human review
mehfil_searching_posts,MehfilTabs,Searching posts...,Posts खोज रहे हैं…,Posts khoj rahe hain…,Latin text in Hindi: inspect names/technical terms,Needs human review
mehfil_send_message,DmChatScreen,Send message,Message भेजें,Message bhejein,Latin text in Hindi: inspect names/technical terms,Needs human review
mehfil_sending,DmChatScreen,Sending…,भेज रहे हैं…,bheja rahe hain…,,Needs human review
mehfil_setting_up,MehfilContent,Setting up Mehfil...,Mehfil तैयार हो रही है…,Mehfil ready ho rahi hai…,Latin text in Hindi: inspect names/technical terms,Needs human review
mehfil_share_failed,MehfilSocketManager,Could not share post.,पोस्ट शेयर नहीं हो पाई।,post share nahi ho pai.,,Needs human review
mehfil_share_post,MehfilSheets,Share post,Post share करें,Post share karein,Latin text in Hindi: inspect names/technical terms,Needs human review
mehfil_simple_rules,MehfilSheets,Simple rules,कुछ आसान rules,Simple rules,Latin text in Hindi: inspect names/technical terms,Needs human review
mehfil_space,MehfilSheets,Space,Space,Space,Latin text in Hindi: inspect names/technical terms,Needs human review
mehfil_start_private_chat,DmChatScreen,Start your private chat,Private chat शुरू करें,Private chat shuru karein,Latin text in Hindi: inspect names/technical terms,Needs human review
mehfil_student,DmChatScreen,Student,student,student,Latin text in Hindi: inspect names/technical terms,Needs human review
mehfil_student_away,DmChatScreen,Student is away,Student अभी away है,Student abhi away hai,Latin text in Hindi: inspect names/technical terms,Needs human review
mehfil_tab_activity,MehfilContent,Activity,Activity,Activity,Latin text in Hindi: inspect names/technical terms,Needs human review
mehfil_tab_chats,MehfilContent,Chats,Chats,Chats,Latin text in Hindi: inspect names/technical terms,Needs human review
mehfil_tab_community,MehfilContent,Community,Community,Community,Latin text in Hindi: inspect names/technical terms,Needs human review
mehfil_tab_saved,MehfilContent,Saved,Saved,Saved,Latin text in Hindi: inspect names/technical terms,Needs human review
mehfil_title,MehfilContent; MehfilSheets,Mehfil,Mehfil,Mehfil,Latin text in Hindi: inspect names/technical terms,Needs human review
mehfil_waiting_accept,DmChatScreen,"}} to accept your Mehfil Connect request.

You will automatically enter the chat room once accepted. %1$s",%1$s के Mehfil Connect request accept करने का इंतज़ार है।\n\nAccept होते ही chat अपने-आप खुल जाएगी।,%1$s ke Mehfil Connect request accept karne ka intezaar hai.\n\nAccept hote hi chat apne-aap khula jaayegi.,Latin text in Hindi: inspect names/technical terms,Needs human review
mehfil_waiting_reply,MehfilTabs,Waiting reply %1$s,%1$s के reply का इंतज़ार है,%1$s ke reply ka intezaar hai,Latin text in Hindi: inspect names/technical terms,Needs human review
mehfil_wants_to_connect,MehfilTabs,Decline %1$s,%1$s connect करना चाहते हैं,%1$s connect karna chahte hain,Latin text in Hindi: inspect names/technical terms,Needs human review
mehfil_whats_on_mind,MehfilSheets,What\'s on your mind?,मन में क्या चल रहा है?,Aapke mann mein kya chal raha hai?,,Needs human review
mehfil_youtube_thumbnail,MehfilTabs,YouTube thumbnail,YouTube video thumbnail,YouTube video thumbnail,Latin text in Hindi: inspect names/technical terms,Needs human review
module_courses,SafarDrawer,Courses,कोर्सेस,courses,,Needs human review
module_dhyan,DhyanScreen; DhyanTopNavigation; HomeScreen; SafarDrawer,Dhyan,ध्यान,Dhyan,,Needs human review
module_dhyan_sub,,Meditation,मेडिटेशन,meditation,,Needs human review
module_ekagra,EkagraScreen; GoalListContent; HomeScreen; SafarDrawer,Ekagra,एकाग्र,Ekagra,,Needs human review
module_ekagra_sub,,Ekagra & flow,एकाग्रता और प्रवाह,Ekagra & flow,,Needs human review
module_mehfil,HomeScreen; SafarDrawer,Mehfil,महफ़िल,Mehfil,,Needs human review
module_mehfil_sub,,Community,कम्युनिटी,community,,Needs human review
module_nishtha,HomeScreen; NishthaScreen; SafarDrawer,Nishtha,निष्ठा,Nishtha,,Needs human review
module_nishtha_sub,,Emotional wellness,भावनात्मक स्वास्थ्य,Emotional wellness,,Needs human review
module_study_planner,HomeScreen,Exam Planner,एग्जाम प्लानर,Exam Planner,,Needs human review
mood_angry,CheckInScreen,Angry,गुस्सा,gussa,,Needs human review
mood_anxious,CheckInScreen,Anxious,चिंतित,chintit,,Needs human review
mood_calm,CheckInScreen,Calm,शांत,shaant,,Needs human review
mood_excited,CheckInScreen,Excited,उत्साहित,utsaahit,,Needs human review
mood_happy,CheckInScreen,Happy,खुश,khush,,Needs human review
mood_motivated,CheckInScreen,Motivated,प्रेरित,prerit,,Needs human review
mood_neutral,CheckInScreen,Neutral,सामान्य,samanya,,Needs human review
mood_sad,CheckInScreen,Sad,उदास,udaas,,Needs human review
mood_tired,CheckInScreen,Tired,थका हुआ,thaka hua,,Needs human review
nav_admin_notifications,SafarDrawer,Admin Notifications,एडमिन सूचनाएं,Admin notifications,,Needs human review
nav_back,,Back,पीछे,Wapas,,Needs human review
nav_dashboard,SafarDrawer,Dashboard,डैशबोर्ड,Dashboard,,Needs human review
nav_focus_shield,FocusShieldStandaloneScreen; HomeScreen; SafarDrawer,KAVACH,कवच,Kavach,,Needs human review
nav_habit_tracker,,Habit tracker,हैबिट ट्रैकर,Habit Tracker,,Needs human review
nav_home,HomeScreen; SafarDrawer,Home,होम,Home,,Needs human review
nav_human_support,,Human support,किसी से बात करें,kisi se baat karein,,Needs human review
nav_leaderboard,HomeScreen; LeaderboardScreen; SafarDrawer,Leaderboard,लीडरबोर्ड,Leaderboard,,Needs human review
nav_live_classes,,Live Classes,लाइव क्लासेस,live classes,,Needs human review
nav_live_sessions,,Dhyan Live,ध्यान लाइव,Dhyan live,,Needs human review
nav_next,,Next,अगला,Agla,,Needs human review
nav_night_mode,,Night Mode,नाइट मोड,Night mode,,Needs human review
nav_open_menu,SafarDrawerScaffold,Open menu,मेनू खोलें,Menu kholein,,Needs human review
nav_premium,SafarDrawer,Premium,प्रीमियम,Premium,,Needs human review
nav_previous,KavachStitchComponents,Previous,पिछला,Pichhla,,Needs human review
nav_profile,SafarDrawer,Profile,प्रोफाइल,Profile,,Needs human review
nav_study_circle,HomeScreen; SafarDrawer,Study Circle,स्टडी सर्कल,Study Circle,,Needs human review
nav_study_planner,SafarDrawer,Exam Planner,एग्जाम प्लानर,Exam Planner,,Needs human review
nav_toggle_night,,Toggle night mode,नाइट मोड बदलें,Night mode badlein,,Needs human review
nav_youtube_study_mode,,YouTube Focus,YouTube फोकस,YouTube focus,Latin text in Hindi: inspect names/technical terms,Needs human review
nishtha_analytics_home,NishthaAnalyticsHubSections,Analytics Home,एनालिटिक्स होम,Analytics Home,,Needs human review
nishtha_analytics_overview,NishthaAnalyticsHubSections; NishthaAnalyticsScreen,Overview,ओवरव्यू,overview,,Needs human review
nishtha_checkin_saved,CheckInScreen,Check-in saved!,चेक-इन सेव हो गया!,check-in save ho gaya!,,Needs human review
nishtha_ekagra_insights,NishthaAnalyticsHubSections,Ekagra Insights,एकाग्र इनसाइट्स,ekagra insights,,Needs human review
nishtha_ekagra_insights_subtitle,NishthaAnalyticsHubSections,Focused metrics from Ekagra timer sessions.,एकाग्र टाइमर सेशन के फ़ोकस मेट्रिक्स।,ekagra timer session ke focus metrics.,,Needs human review
nishtha_entry_title_hint,JournalScreen,Give your entry a title…,अपनी एंट्री को एक टाइटल दें…,apni entry ko ek title dein…,,Needs human review
nishtha_goal_consistency_trend,NishthaAnalyticsHubSections,Goal Consistency Trend,गोल कंसिस्टेंसी ट्रेंड,goal consistency trend,,Needs human review
nishtha_goal_insights,NishthaAnalyticsHubSections,Goal Insights,गोल इनसाइट्स,goal insights,,Needs human review
nishtha_goal_insights_subtitle,NishthaAnalyticsHubSections,Completion insights and goal progress from Nishtha goals.,निष्ठा गोल्स की प्रोग्रेस और कंप्लीशन इनसाइट्स।,Nishtha goals ki progress aur completion insights.,,Needs human review
nishtha_journal,JournalScreen,Journal,जर्नल,journal,,Needs human review
nishtha_journal_saved,JournalScreen,Journal saved!,जर्नल सेव हो गया!,journal save ho gaya!,,Needs human review
nishtha_logged_in,StreaksScreen,Logged in,लॉग इन किया,log in kiya,,Needs human review
nishtha_new_entry,JournalScreen,New Entry,नई एंट्री,New Entry,,Needs human review
nishtha_next_month,NishthaAnalyticsScreen,Next Month,अगला महीना,agla mahina,,Needs human review
nishtha_overview_subtitle,NishthaAnalyticsHubSections,"Quick read across goals, ekagra, and the monthly review.","गोल्स, एकाग्र और महीने की रिव्यू का झटपट ओवरव्यू।","Goals, Ekagra aur monthly review ka quick overview.",,Needs human review
nishtha_previous_month,NishthaAnalyticsScreen,Previous Month,पिछला महीना,pichhla mahina,,Needs human review
nishtha_prompt_swipe_hint,JournalScreen,Swipe the prompt above or tap +,ऊपर प्रॉम्प्ट स्वाइप करें या + पर टैप करें,Upar swipe karein ya + par tap karein.,,Needs human review
nishtha_select_month,NishthaAnalyticsScreen,Select Month,महीना चुनें,mahina chunein,,Needs human review
nishtha_start_writing_hint,JournalScreen,Start writing…,लिखना शुरू करें…,likhna shuru karein…,,Needs human review
nishtha_tab_analytics,NishthaScreen; SafarDrawer,Analytics,विश्लेषण,Analytics,,Needs human review
nishtha_tab_checkin,NishthaScreen,Check-In,चेक-इन,check-in,,Needs human review
nishtha_tab_goals,NishthaScreen,Goals,लक्ष्य,Goals,,Needs human review
nishtha_tab_journal,NishthaScreen,Journal,जर्नल,journal,,Needs human review
nishtha_tab_streaks,NishthaScreen,Streaks,सक्रियता,Streaks,,Needs human review
nishtha_timer_duration_usage,NishthaAnalyticsHubSections,Timer Duration Usage,टाइमर कितनी देर चला,timer kitni der chala,,Needs human review
nishtha_today,StreaksScreen,Today,आज,Today,,Needs human review
nishtha_today_prompt,JournalScreen,Today\'s Prompt,आज का प्रॉम्प्ट,aaj ka prompt,,Needs human review
nishtha_weekly_growth_pulse,NishthaAnalyticsHubSections,Weekly Growth Pulse,हफ़्ते की ग्रोथ,Weekly Growth Pulse,,Needs human review
notification_action_start_now,SafarNotificationManager,Start Now,अभी शुरू करें,abhi shuru karein,,Needs human review
notifications_allow,NotificationPermission,Allow Notifications,नोटिफ़िकेशन चालू करें,notification chalu karein,,Needs human review
notifications_exam_approaching,PlannerAlertsWorker,Exam approaching!,एग्ज़ाम पास आ रहा है!,exam paas a raha hai!,,Needs human review
notifications_exam_days_body,PlannerAlertsWorker,Your exam for %1$s is in %2$d days.,%1$s का एग्ज़ाम %2$d दिन में है।,%1$s ka exam %2$d din mein hai.,,Needs human review
notifications_missed_many_body,PlannerAlertsWorker,You missed %1$d topics. Tap to fit them back in.,%1$d टॉपिक्स छूट गए। इन्हें फिर प्लान में जोड़ने के लिए टैप करें।,%1$d topics chhoot gaye. inhein phir plan mein jodne ke liye tap karein.,,Needs human review
notifications_missed_one_body,PlannerAlertsWorker,You missed 1 topic. Tap to fit it back in.,1 टॉपिक छूट गया। इसे फिर प्लान में जोड़ने के लिए टैप करें।,1 topic chhoot gaya. ise phir plan mein jodne ke liye tap karein.,,Needs human review
notifications_missed_topics,PlannerAlertsWorker,Missed topics: %1$s,छूटे हुए टॉपिक्स: %1$s,chhoote hue topics: %1$s,,Needs human review
notifications_off,NotificationPermission,Notifications are off,नोटिफ़िकेशन बंद हैं,notification band hain,,Needs human review
notifications_off_body,NotificationPermission,"To receive study reminders and ekagra-session alerts, enable notifications from Android settings.",स्टडी रिमाइंडर और एकाग्र सेशन अलर्ट पाने के लिए Android सेटिंग्स में नोटिफ़िकेशन चालू करें।,study reminder aur ekagra session alert pane ke liye Android settings mein notification chalu karein.,Latin text in Hindi: inspect names/technical terms,Needs human review
notifications_open_settings,NotificationPermission,Open settings,सेटिंग्स खोलें,settings kholein,,Needs human review
notifications_permission_body,NotificationPermission,"Get reminders for your study goals, focus sessions, daily streaks, and new classes. We’ll also send important account alerts so you never miss a thing!","स्टडी गोल्स, फ़ोकस सेशन्स, डेली स्ट्रीक और नई क्लास के रिमाइंडर पाएँ। ज़रूरी अकाउंट अपडेट भी भेजेंगे, ताकि कुछ मिस न हो!","study goals, focus sessions, daily streak aur nai class ke reminders paayein. zaroori account updates bhi bhejenge, taaki kuch miss na ho!",,Needs human review
notifications_revise_many_body,PlannerAlertsWorker,You have %1$d topics ready for revision today.,आज %1$d टॉपिक्स रिविज़न के लिए तैयार हैं।,aaj %1$d topics revision ke liye ready hain.,,Needs human review
notifications_revise_one_body,PlannerAlertsWorker,Revise %1$s from %2$s today.,आज %2$s का %1$s रिवाइज़ करें।,aaj %2$s ka %1$s revise karein.,,Needs human review
notifications_stay_loop,NotificationPermission,Stay in the loop,हर अपडेट पाते रहें,har update paate rahein,,Needs human review
notifications_study_ready,StudyReminderWorker,Your study time is ready,आपकी पढ़ाई का समय हो गया,aapki padhai ka samay ho gaya,,Needs human review
notifications_study_ready_body,StudyReminderWorker,Start a 25-minute Ekagra session.,25 मिनट का एकाग्र सेशन शुरू करें।,25 minute ka ekagra session shuru karein.,,Needs human review
notifications_time_revise,PlannerAlertsWorker,Time to revise,रिविज़न का समय है,revision ka samay hai,,Needs human review
onboarding_body,SafarOnboardingScreen,Experience frictionless travel designed for the modern rhythm.,आधुनिक जीवन के लिए तैयार की गई आसान यात्रा का अनुभव करें।,Padhai aur well-being ke safar ko simple banayein.,,Needs human review
onboarding_headline,SafarOnboardingScreen,Move at the speed of thought.,विचारों की गति से आगे बढ़ें।,Apni pace par aage badhein.,,Needs human review
planner_active_exams_count,StudyPlannerScreen,ACTIVE EXAMS (%1$d),ACTIVE EXAMS (%1$d),ACTIVE EXAMS (%1$d),Latin text in Hindi: inspect names/technical terms,Needs human review
planner_add_anyway,SyllabusSubjectsScreen,Add anyway,फिर भी जोड़ें,Add anyway,,Needs human review
planner_add_chapter,ManualTopicTreeStep; TemplatePickerStep,Add chapter,Chapter जोड़ें,Chapter jodein,Latin text in Hindi: inspect names/technical terms,Needs human review
planner_add_chapter_plus,SyllabusSubjectsScreen,+ Add chapter,+ चैप्टर जोड़ें,+ chapter jodein,,Needs human review
planner_add_custom_plus,PlanHomeRedesign,+ Add custom,+ Custom जोड़ें,+ Custom jodein,Latin text in Hindi: inspect names/technical terms,Needs human review
planner_add_daily_topic,DailyTopicsStep; PlanTabV2Components,Add daily topic,Daily topic जोड़ें,Daily topic jodein,Latin text in Hindi: inspect names/technical terms,Needs human review
planner_add_daily_topics,DailyTopicsStep; PlanTabV2Components,Add daily topics?,Daily topics जोड़ें?,Daily topics jodein?,Latin text in Hindi: inspect names/technical terms,Needs human review
planner_add_daily_topics_body,DailyTopicsStep; PlanTabV2Components,Add anything you want to do every day. You’ll see it on Home.,"जो काम रोज़ करना है, उसे जोड़ें। वह Home पर दिखेगा।","jo kam roz karna hai, use jodein. woh Home par dikhega.",Latin text in Hindi: inspect names/technical terms,Needs human review
planner_add_exam_date_finish,InsightsMomentumWidgets,Add an exam date to see when you’ll finish.,कब पूरा होगा देखने के लिए exam date जोड़ें।,kab poora hoga dekhne ke liye exam date jodein.,Latin text in Hindi: inspect names/technical terms,Needs human review
planner_add_first_subject,ManualTopicTreeStep,Add your first subject,पहला subject जोड़ें,pehla subject jodein,Latin text in Hindi: inspect names/technical terms,Needs human review
planner_add_subject,ManualTopicTreeStep; SyllabusSubjectsScreen; TemplatePickerStep,Add subject,Subject जोड़ें,Subject jodein,Latin text in Hindi: inspect names/technical terms,Needs human review
planner_add_subject_plus,SyllabusSubjectsScreen,+ Add subject,+ सब्जेक्ट जोड़ें,+ subject jodein,,Needs human review
planner_add_to_today,PlanTabScreen,Add to today,आज में जोड़ें,aaj mein jodein,,Needs human review
planner_add_topic,ChapterTopicsSheet; ManualTopicTreeStep; TemplatePickerStep,Add topic,Topic जोड़ें,Topic jodein,Latin text in Hindi: inspect names/technical terms,Needs human review
planner_add_topic_today,PlanTabScreen,Add a topic for today,आज के लिए topic जोड़ें,aaj ke liye topic jodein,Latin text in Hindi: inspect names/technical terms,Needs human review
planner_add_topic_today_body,PlanTabScreen,This adds a one-time topic to today’s plan. It won’t change your daily goal or future days.,यह topic सिर्फ आज के plan में जुड़ेगा। Daily goal या आने वाले दिनों पर असर नहीं पड़ेगा।,yeh topic sirf aaj ke plan mein jurega. Daily goal ya aane waale dinon par asara nahi parega.,Latin text in Hindi: inspect names/technical terms,Needs human review
planner_add_topic_today_plus,PlanHomeRedesign,+ Add a topic for today,+ आज के लिए topic जोड़ें,+ aaj ke liye topic jodein,Latin text in Hindi: inspect names/technical terms,Needs human review
planner_add_topics_progress,InsightsMomentumWidgets,Add topics to see progress here.,Progress देखने के लिए topics जोड़ें।,Progress dekhne ke liye topics jodein.,Latin text in Hindi: inspect names/technical terms,Needs human review
planner_added_today,StudyPlannerViewModel,Added to today,आज के प्लान में जोड़ दिया,aaj ke plan mein joda diya,,Needs human review
planner_adjusted_for_tough,ChapterRatingStep,💡 Adjusted for your tough chapters,💡 Tough chapters के हिसाब से adjust किया,💡 Tough chapters ke hisaab se adjust kiya,Latin text in Hindi: inspect names/technical terms,Needs human review
planner_back_to_subjects,DeepFocusOrderStep,Back to subjects,Subjects पर वापस जाएँ,Subjects par wapas jaayein,Latin text in Hindi: inspect names/technical terms,Needs human review
planner_balanced,PlanSettingsStep; RescheduleFlowSheet,Balanced,Balanced,Balanced,Latin text in Hindi: inspect names/technical terms,Needs human review
planner_balanced_body,RescheduleFlowSheet,Mix subjects evenly across study days.,Study days में subjects बराबर mix करें।,Study days mein subjects barabar mix karein.,Latin text in Hindi: inspect names/technical terms,Needs human review
planner_balanced_mode,PlanTabScreen,Balanced mode,Balanced mode,Balanced mode,Latin text in Hindi: inspect names/technical terms,Needs human review
planner_balanced_mode_body,PlanTabScreen,Mix subjects each day.,हर दिन subjects mix करें।,har din subjects mix karein.,Latin text in Hindi: inspect names/technical terms,Needs human review
planner_balanced_option_body,PlanSettingsStep,Study a little of every subject each day.,हर दिन सभी subjects थोड़ा-थोड़ा पढ़ें।,har din sabhi subjects thoda-thoda padhein.,Latin text in Hindi: inspect names/technical terms,Needs human review
planner_balanced_option_info,PlanSettingsStep,Get a steady daily mix in the order you arrange. Nothing waits until the end.,आपके arranged order में हर subject का steady daily mix मिलेगा। कुछ भी आखिर तक नहीं रुकेगा।,aapke arranged order mein har subject ka steady daily mix milega. kuch bhi akhira tak nahi rukega.,Latin text in Hindi: inspect names/technical terms,Needs human review
planner_based_recent_study,InsightsMomentumWidgets,Based on your recent study,आपकी recent study के हिसाब से,aapki recent study ke hisaab se,Latin text in Hindi: inspect names/technical terms,Needs human review
planner_behind_schedule_notification,PlannerAlertsWorker,"You\'re behind schedule, time to catch up!",आप शेड्यूल से पीछे हैं—अब थोड़ा कैच अप कर लें!,Aap schedule se peeche hain — aaj thoda kaam poora kar lein!,,Needs human review
planner_big_topics_count_more,InsightsMomentumWidgets; PlanSettingsStep,Bigger topics count as more.,बड़े topics ज़्यादा count होंगे।,baare topics zyada count honge.,Latin text in Hindi: inspect names/technical terms,Needs human review
planner_bonus_ahead,PlanTabScreen,"Bonus, if you want to get ahead",आगे बढ़ना हो तो bonus,aage barhana ho to bonus,Latin text in Hindi: inspect names/technical terms,Needs human review
planner_browse_exam_syllabi,StudyPlannerScreen,Browse exam syllabi →,Exam syllabi देखें →,Exam syllabi dekhein →,Latin text in Hindi: inspect names/technical terms,Needs human review
planner_build_manually,PasteSyllabusStep,Build manually,Manually बनाएँ,Build manually,Latin text in Hindi: inspect names/technical terms,Needs human review
planner_build_my_plan,ChapterRatingStep; PlanSettingsStep,Build my plan,मेरा plan बनाएँ,mera plan banayein,Latin text in Hindi: inspect names/technical terms,Needs human review
planner_build_myself,ChoosePathStep,Build it myself,खुद बनाऊँगा,Build it myself,,Needs human review
planner_build_myself_body,ChoosePathStep,Reuse one you made or create a new syllabus,पहले बनाया syllabus reuse करें या नया बनाएँ,pehle banaya syllabus reuse karein ya naya banayein,Latin text in Hindi: inspect names/technical terms,Needs human review
planner_build_planner,PlanTabScreen,Build planner,Planner बनाएँ,Planner banayein,Latin text in Hindi: inspect names/technical terms,Needs human review
planner_build_syllabus,ManualTopicTreeStep,Build syllabus,Syllabus बनाएँ,Syllabus banayein,Latin text in Hindi: inspect names/technical terms,Needs human review
planner_by_subject,InsightsMomentumWidgets,By subject,Subject के हिसाब से,Subject ke hisaab se,Latin text in Hindi: inspect names/technical terms,Needs human review
planner_change_add_missing,SyllabusSubjectsScreen,Add something missing from your syllabus.,"सिलेबस में जो छूट गया है, उसे जोड़ें।","syllabus mein jo chhoot gaya hai, use jodein.",,Needs human review
planner_change_date,CalendarTab,Change date,Date बदलें,Date badlein,Latin text in Hindi: inspect names/technical terms,Needs human review
planner_change_details_help,SyllabusSubjectsScreen,"Change exam date, daily study, or rest days.","एग्ज़ाम डेट, डेली स्टडी या रेस्ट डेज़ बदलें।","exam data, daily study ya resta deza badlein.",,Needs human review
planner_change_exam_date,PlanTabScreen,Change exam date,Exam date बदलें,Exam date badlein,Latin text in Hindi: inspect names/technical terms,Needs human review
planner_change_my_plan,SyllabusRedesign,Change my plan,मेरा plan बदलें,mera plan badlein,Latin text in Hindi: inspect names/technical terms,Needs human review
planner_change_option_body,SyllabusSubjectsScreen,Choose one option. Your plan won’t change until you save.,एक option चुनें। Save करने तक आपका plan नहीं बदलेगा।,ek option chunein. Save karne tak aapka plan nahi badalega.,Latin text in Hindi: inspect names/technical terms,Needs human review
planner_change_order_help,SyllabusSubjectsScreen,See how to move topics or mark work as easy or tough.,टॉपिक्स मूव करें या काम को आसान/मुश्किल मार्क करना सीखें।,Topics move karein ya kaam ko aasaan ya mushkil mark karna seekhein.,,Needs human review
planner_change_order_size,SyllabusSubjectsScreen,Change order or topic size,Order या topic size बदलें,Order ya topic size badlein,Latin text in Hindi: inspect names/technical terms,Needs human review
planner_change_plan_details,SyllabusSubjectsScreen,Change plan details,Plan details बदलें,Plan details badlein,Latin text in Hindi: inspect names/technical terms,Needs human review
planner_change_study_plan,SyllabusRedesign,Change your study plan,Study plan बदलें,Study plan badlein,Latin text in Hindi: inspect names/technical terms,Needs human review
planner_change_study_plan_body,SyllabusRedesign,"Add subjects, change daily study, or create new dates.","Subjects जोड़ें, daily study बदलें या नई dates बनाएँ।","Subjects jodein, daily study badlein ya nai dates banayein.",Latin text in Hindi: inspect names/technical terms,Needs human review
planner_chapter,ManualTopicTreeStep; PlanTabScreen,Chapter,Chapter,Chapter,Latin text in Hindi: inspect names/technical terms,Needs human review
planner_chapter_names_hint,ManualTopicTreeStep; TemplatePickerStep,Chapter name (use commas for multiple),Chapter का नाम (एक से ज़्यादा हों तो comma लगाएँ),Chapter ka naam (ek se zyada ho to comma lagaayein),Latin text in Hindi: inspect names/technical terms,Needs human review
planner_chapter_options,SyllabusRedesign,Chapter options,Chapter options,Chapter options,Latin text in Hindi: inspect names/technical terms,Needs human review
planner_chapters,SyllabusRedesign,Chapters,Chapters,Chapters,Latin text in Hindi: inspect names/technical terms,Needs human review
planner_choose_study_style,PlanTabScreen,Choose how SAFAR should place topics across your study days.,चुनें कि SAFAR topics को आपके study days में कैसे रखे।,chunein ki SAFAR topics ko aapke study days mein kaise rakhe.,Latin text in Hindi: inspect names/technical terms,Needs human review
planner_choose_study_style_title,PlanSettingsStep,Choose your study style,अपना study style चुनें,apna study style chunein,Latin text in Hindi: inspect names/technical terms,Needs human review
planner_clear_date,StudyPlannerExamDate,Clear date,Date हटाएँ,Date hataayein,Latin text in Hindi: inspect names/technical terms,Needs human review
planner_confirm_order,PlanTabV2Components,Confirm order,Order confirm करें,Order confirm karein,Latin text in Hindi: inspect names/technical terms,Needs human review
planner_count_planned,PlanTabScreen,%1$d planned,%1$d planned,%1$d planned,Latin text in Hindi: inspect names/technical terms,Needs human review
planner_count_suggested,PlanTabScreen,%1$d suggested,%1$d suggested,%1$d suggested,Latin text in Hindi: inspect names/technical terms,Needs human review
planner_count_total,PlanTabScreen,%1$d total,कुल %1$d,kul %1$d,,Needs human review
planner_create_custom_syllabus,SavedSyllabusPickerStep,Create a custom syllabus,अपना syllabus बनाएँ,apna syllabus banayein,Latin text in Hindi: inspect names/technical terms,Needs human review
planner_create_custom_syllabus_body,SavedSyllabusPickerStep,Start with your own subjects and topics,अपने subjects और topics से शुरू करें,apne subjects aur topics se shuru karein,Latin text in Hindi: inspect names/technical terms,Needs human review
planner_create_exam_plan,StudyPlannerScreen,Create your exam plan,अपना exam plan बनाएँ,apna exam plan banayein,Latin text in Hindi: inspect names/technical terms,Needs human review
planner_create_exam_plan_body,StudyPlannerScreen,Set up an exam to see your daily study plan here.,Daily study plan देखने के लिए पहले exam setup करें।,Daily study plan dekhne ke liye pehle exam setup karein.,Latin text in Hindi: inspect names/technical terms,Needs human review
planner_create_plan,PlanTabScreen,Create your plan,अपना plan बनाएँ,apna plan banayein,Latin text in Hindi: inspect names/technical terms,Needs human review
planner_create_syllabus,SavedSyllabusPickerStep,Create syllabus,Syllabus बनाएँ,Syllabus banayein,Latin text in Hindi: inspect names/technical terms,Needs human review
planner_current_pace_late,InsightsMomentumWidgets,"At your current pace, you may finish about %1$d days after the exam.",अभी की pace पर exam के करीब %1$d दिन बाद पूरा हो सकता है।,abhi ki pace par exam ke kareeb %1$d din baad poora ho sakta hai.,Latin text in Hindi: inspect names/technical terms,Needs human review
planner_currently_style,PlanTabScreen,Currently: %1$s,अभी: %1$s,abhi: %1$s,,Needs human review
planner_custom_date,RevisionTopicCard,Custom date,Custom date,Custom date,Latin text in Hindi: inspect names/technical terms,Needs human review
planner_customize_arrow,PlanSettingsStep,Customise →,Customize करें →,Customize karein →,Latin text in Hindi: inspect names/technical terms,Needs human review
planner_daily_goal_adjusted,ChapterRatingStep,Daily goal set to %1$d topics a day,Daily goal रोज़ %1$d topics किया,Daily goal roz %1$d topics kiya,Latin text in Hindi: inspect names/technical terms,Needs human review
planner_daily_goal_finish_body,ChapterRatingStep,"To finish before the exam, your daily goal is %1$d topics.",Exam से पहले पूरा करने के लिए daily goal %1$d topics रखा है।,Exam se pehle poora karne ke liye daily goal %1$d topics rakha hai.,Latin text in Hindi: inspect names/technical terms,Needs human review
planner_daily_goal_lower,InsightsMomentumWidgets,daily goal,daily goal,daily goal,Latin text in Hindi: inspect names/technical terms,Needs human review
planner_daily_study,InsightsMomentumWidgets,Daily study,Daily study,Daily study,Latin text in Hindi: inspect names/technical terms,Needs human review
planner_daily_todo,PlanHomeRedesign,Daily to-do,Daily to-do,Daily to-do,Latin text in Hindi: inspect names/technical terms,Needs human review
planner_daily_todo_example,PlanTabV2Components,"e.g. Calculation practice, vocabulary, tables","जैसे calculation practice, vocabulary, tables","jaise calculation practice, vocabulary, tables",Latin text in Hindi: inspect names/technical terms,Needs human review
planner_daily_todo_list,PlanTabV2Components,Daily to-do list,Daily to-do list,Daily to-do list,Latin text in Hindi: inspect names/technical terms,Needs human review
planner_daily_topic_example,DailyTopicsStep; PlanTabV2Components,e.g. Revise vocabulary,जैसे vocabulary revise करना,jaise vocabulary revise karna,Latin text in Hindi: inspect names/technical terms,Needs human review
planner_day_finished,StudyPlannerViewModel,Done for the day. Remaining topics moved to Missed.,आज का काम पूरा। बाकी टॉपिक्स Missed में चले गए।,aaj ka kam poora. baaki topics Missed mein chale gaye.,Latin text in Hindi: inspect names/technical terms,Needs human review
planner_days_left_study,InsightsMomentumWidgets,%1$d days left to study,पढ़ने के लिए %1$d दिन बाकी,padhne ke liye %1$d din baaki,,Needs human review
planner_days_per_week,PlanSettingsStep,How many days a week do you want to study?,हफ्ते में कितने दिन पढ़ना चाहते हैं?,hafte mein kitne din padhna chahte hain?,,Needs human review
planner_days_to_exam,PlanPreviewStep,Days to exam,Exam में दिन,Exam mein din,Latin text in Hindi: inspect names/technical terms,Needs human review
planner_days_to_exam_lower,InsightsMomentumWidgets,days to exam,exam में दिन,exam mein din,Latin text in Hindi: inspect names/technical terms,Needs human review
planner_deep_focus,PlanSettingsStep; RescheduleFlowSheet,Deep Focus,Deep Focus,Deep Focus,Latin text in Hindi: inspect names/technical terms,Needs human review
planner_deep_focus_body,RescheduleFlowSheet,Follow the exact topic order in your syllabus.,Syllabus के exact topic order में चलें।,Syllabus ke exact topic order mein chalein.,Latin text in Hindi: inspect names/technical terms,Needs human review
planner_deep_focus_mode,PlanTabScreen,Deep Focus mode,Deep Focus mode,Deep Focus mode,Latin text in Hindi: inspect names/technical terms,Needs human review
planner_deep_focus_mode_body,PlanTabScreen,Follow the same topic order as your syllabus.,Syllabus के order में topics पूरे करें।,Syllabus ke order mein topics pure karein.,Latin text in Hindi: inspect names/technical terms,Needs human review
planner_deep_focus_option_body,PlanSettingsStep,Focus on one subject at a time.,एक समय में एक subject पर focus करें।,ek samay mein ek subject par focus karein.,Latin text in Hindi: inspect names/technical terms,Needs human review
planner_deep_focus_option_info,PlanSettingsStep,Finish one subject before moving to the next.,अगले subject पर जाने से पहले एक subject पूरा करें।,agale subject par jane se pehle ek subject poora karein.,Latin text in Hindi: inspect names/technical terms,Needs human review
planner_delete_chapter_impact,SyllabusSubjectsScreen,This will remove %1$d topics. %2$d of them already have a date set. You can undo this from the message that appears after.,इससे %1$d टॉपिक्स हटेंगे। इनमें से %2$d की तारीख पहले से तय है। बाद में दिखने वाले मैसेज से इसे वापस ला सकते हैं।,isse %1$d topics hatenge. inamem se %2$d ki tareekh pehle se tay hai. baad mein dikhne waale message se ise wapas la sakte hain.,,Needs human review
planner_delete_daily_topic_question,PlanTabV2Components,Delete this daily topic?,यह daily topic delete करें?,yeh daily topic delete karein?,Latin text in Hindi: inspect names/technical terms,Needs human review
planner_delete_named,ManualTopicTreeStep; SavedSyllabusPickerStep,Delete %1$s,%1$s delete करें,%1$s delete karein,Latin text in Hindi: inspect names/technical terms,Needs human review
planner_delete_plan,StudyPlannerScreen,Delete plan,Plan delete करें,Plan delete karein,Latin text in Hindi: inspect names/technical terms,Needs human review
planner_delete_plan_named,StudyPlannerScreen,This will delete %1$s and its syllabus.,इससे %1$s और उसका सिलेबस डिलीट हो जाएगा।,isse %1$s aur uska syllabus delete ho jaayega.,,Needs human review
planner_delete_plan_question,StudyPlannerScreen,Delete this plan?,यह plan delete करें?,yeh plan delete karein?,Latin text in Hindi: inspect names/technical terms,Needs human review
planner_delete_syllabus_body,SavedSyllabusPickerStep,Delete “%1$s”? Existing study plans won’t change.,“%1$s” delete करें? Existing study plans नहीं बदलेंगे।,“%1$s” delete karein? Existing study plans nahi badalenge.,Latin text in Hindi: inspect names/technical terms,Needs human review
planner_delete_syllabus_question,SavedSyllabusPickerStep,Delete this syllabus?,यह syllabus delete करें?,yeh syllabus delete karein?,Latin text in Hindi: inspect names/technical terms,Needs human review
planner_delete_topic_named,SyllabusSubjectsScreen,This will remove “%1$s”. You can undo this from the message that appears after.,इससे “%1$s” हट जाएगा। बाद में दिखने वाले मैसेज से इसे वापस ला सकते हैं।,isse “%1$s” hata jaayega. baad mein dikhne waale message se ise wapas la sakte hain.,,Needs human review
planner_done_for_day,PlanTabScreen,DONE FOR THE DAY,आज का काम पूरा,DONE FOR THE DAY,,Needs human review
planner_done_to_go,InsightsMomentumWidgets,%1$d done · %2$d to go,%1$d पूरे · %2$d बाकी,%1$d pure · %2$d baaki,,Needs human review
planner_draft_saved,ManualTopicTreeStep,Draft saved,Draft save हो गया,Draft save ho gaya,Latin text in Hindi: inspect names/technical terms,Needs human review
planner_drafts_count,StudyPlannerScreen,Drafts (%1$d),Drafts (%1$d),Drafts (%1$d),Latin text in Hindi: inspect names/technical terms,Needs human review
planner_drafts_explainer,StudyPlannerScreen,"If you leave while building your own syllabus—subjects, chapters, and topics—we save it here as a draft.\n\nTap the card anytime to continue or delete the unfinished syllabus.","अपना syllabus—subjects, chapters और topics—बनाते समय बीच में निकलेंगे, तो वह यहाँ draft के रूप में save हो जाएगा।\n\nबाद में card tap करके आगे बना सकते हैं या अधूरा syllabus delete कर सकते हैं।","apna syllabus—subjects, chapters aur topics—banate samay beech mein nikalenge, to woh yahan draft ke roop mein save ho jaayega.\n\nbada mein card tap karke aage bana sakte hain ya adhura syllabus delete kar sakte hain.",Latin text in Hindi: inspect names/technical terms,Needs human review
planner_due_mark_revised,RevisionTopicCard,Due — tap to mark revised,Due है — revised mark करने के लिए tap करें,Due hai — revised mark karne ke liye tap karein,Latin text in Hindi: inspect names/technical terms,Needs human review
planner_duplicate_chapter,SyllabusSubjectsScreen,You already have a chapter called “%1$s”. Add it again?,“%1$s” नाम का चैप्टर पहले से है। फिर भी जोड़ें?,“%1$s” naam ka chapter pehle se hai. phir bhi jodein?,,Needs human review
planner_duplicate_subject,SyllabusSubjectsScreen,You already have a subject called “%1$s”. Add it again?,“%1$s” नाम का सब्जेक्ट पहले से है। फिर भी जोड़ें?,“%1$s” naam ka subject pehle se hai. phir bhi jodein?,,Needs human review
planner_duplicate_topic,SyllabusSubjectsScreen,You already have a topic called “%1$s”. Add it again?,“%1$s” नाम का टॉपिक पहले से है। फिर भी जोड़ें?,“%1$s” naam ka topic pehle se hai. phir bhi jodein?,,Needs human review
planner_edit_named,SavedSyllabusPickerStep,Edit %1$s,%1$s edit करें,%1$s edit karein,Latin text in Hindi: inspect names/technical terms,Needs human review
planner_edit_revision_schedule,RevisionTopicCard,Edit revision schedule,Revision schedule बदलें,Revision schedule badlein,Latin text in Hindi: inspect names/technical terms,Needs human review
planner_empty_plan_body,StudyPlannerScreen,Plan an exam and it will appear here.,"एग्ज़ाम प्लान करें, वह यहाँ दिखेगा।","exam plan karein, woh yahan dikhega.",,Needs human review
planner_enter_exam_name,StudyPlannerScreen,Enter an exam name,Exam का नाम लिखें,Exam ka naam likhein,Latin text in Hindi: inspect names/technical terms,Needs human review
planner_exam_date_updated,RescheduleFlowSheet,Exam date updated — let’s re-plan,Exam date बदल गई — plan फिर बनाते हैं,Exam date badla gayi — plan phir banate hain,Latin text in Hindi: inspect names/technical terms,Needs human review
planner_exam_day,CalendarTab,Exam day,Exam का दिन,Exam ka din,Latin text in Hindi: inspect names/technical terms,Needs human review
planner_exam_label,InsightsMomentumWidgets,Exam · %1$s,Exam · %1$s,Exam · %1$s,Latin text in Hindi: inspect names/technical terms,Needs human review
planner_exam_name,StudyPlannerScreen,Exam name,Exam का नाम,Exam ka naam,Latin text in Hindi: inspect names/technical terms,Needs human review
planner_exam_renamed,StudyPlannerViewModel,Exam renamed,एग्ज़ाम का नाम बदल गया,exam ka naam badla gaya,,Needs human review
planner_export_pdf,PlanTabV2Components,Export PDF,PDF export करें,PDF export karein,Latin text in Hindi: inspect names/technical terms,Needs human review
planner_few_details,PlanSettingsStep,A few details,कुछ details,kuch details,Latin text in Hindi: inspect names/technical terms,Needs human review
planner_finish_label,InsightsMomentumWidgets,Finish · %1$s,पूरा · %1$s,poora · %1$s,,Needs human review
planner_go_by_difficulty,ChapterRatingStep,Go by how hard it is,Difficulty के हिसाब से,Difficulty ke hisaab se,Latin text in Hindi: inspect names/technical terms,Needs human review
planner_go_to_syllabus,PlanTabScreen,Go to Syllabus,Syllabus पर जाएँ,Syllabus par jaayein,Latin text in Hindi: inspect names/technical terms,Needs human review
planner_goal_pace_late,InsightsMomentumWidgets,"Even with your daily goal, you may finish about %1$d days after the exam.",Daily goal पूरा करने पर भी exam के करीब %1$d दिन बाद पूरा हो सकता है।,Daily goal poora karne par bhi exam ke kareeb %1$d din baad poora ho sakta hai.,Latin text in Hindi: inspect names/technical terms,Needs human review
planner_goal_per_day,PlanPreviewStep,Goal / day,रोज़ का goal,roz ka goal,Latin text in Hindi: inspect names/technical terms,Needs human review
planner_how_many_reviews,RevisionScheduleSheet,How many reviews?,कितनी बार review करना है?,kitni baar review karna hai?,Latin text in Hindi: inspect names/technical terms,Needs human review
planner_if_daily_goal,InsightsMomentumWidgets,If you complete your daily goal,अगर daily goal पूरा करते हैं,agar daily goal poora karte hain,Latin text in Hindi: inspect names/technical terms,Needs human review
planner_in_my_order,MixedBagSubjectPickerStep; RescheduleFlowSheet,In my order,मेरे order में,mere order mein,Latin text in Hindi: inspect names/technical terms,Needs human review
planner_keep_going_notification,StudyPlannerViewModel,"You\'ve got this, keep going!","आप कर सकते हैं, चलते रहिए!","aap kar sakte hain, chalte rahiye!",,Needs human review
planner_last_review,RevisionScheduleSheet,Last review: %1$s,आखिरी review: %1$s,akhiri review: %1$s,Latin text in Hindi: inspect names/technical terms,Needs human review
planner_lets_setup,PlanTabScreen,Let’s set up your plan,चलिए plan setup करते हैं,chaliye plan setup karte hain,Latin text in Hindi: inspect names/technical terms,Needs human review
planner_looks_correct,PasteSyllabusStep,Looks correct,सब सही है,Looks correct,,Needs human review
planner_looks_good,PlanPreviewStep,Looks good,सही लग रहा है,Looks good,,Needs human review
planner_make_new_dates,PlanTabV2Components; SyllabusSubjectsScreen,Create new study dates,नई study dates बनाएँ,nai study dates banayein,Latin text in Hindi: inspect names/technical terms,Needs human review
planner_make_new_dates_question,SyllabusSubjectsScreen,Create new study dates?,नई study dates बनाएँ?,nai study dates banayein?,Latin text in Hindi: inspect names/technical terms,Needs human review
planner_manual_order_body,PlanTabV2Components,You chose Manual mode. Set the order you want to study these subjects; topics will follow this order one subject at a time.,आपने Manual mode चुना है। Subjects का study order सेट करें; topics इसी order में एक-एक subject करके आएँगे।,apne Manual mode chuna hai. Subjects ka study order set karein; topics isi order mein ek-ek subject karke aemge.,Latin text in Hindi: inspect names/technical terms,Needs human review
planner_mark_topic_as,PlanTabScreen,Mark this topic as…,इस topic को क्या mark करें?,is topic ko kya mark karein?,Latin text in Hindi: inspect names/technical terms,Needs human review
planner_mark_topics_revision,InsightsMomentumWidgets,Mark topics to revise. They’ll show up here.,Topics को revise mark करें। वे यहाँ दिखेंगे।,Topics ko revise mark karein. ve yahan dikhenge.,Latin text in Hindi: inspect names/technical terms,Needs human review
planner_may_not_finish,InsightsMomentumWidgets,You may not finish the whole syllabus before the exam,Exam से पहले पूरा syllabus शायद खत्म न हो,Exam se pehle poora syllabus shayad khatam na ho,Latin text in Hindi: inspect names/technical terms,Needs human review
planner_missed,CalendarTab,Missed,छूट गया,chhoot gaya,,Needs human review
planner_missed_restored,StudyPlannerViewModel,Missed topics restored,छूटे हुए टॉपिक्स वापस आ गए,chhoote hue topics wapas a gaye,,Needs human review
planner_mix_together,MixedBagSubjectPickerStep; RescheduleFlowSheet,Mix them together,सबको mix करें,sabako mix karein,Latin text in Hindi: inspect names/technical terms,Needs human review
planner_mixed_bag,PlanSettingsStep; RescheduleFlowSheet,Mixed Bag,Mixed Bag,Mixed Bag,Latin text in Hindi: inspect names/technical terms,Needs human review
planner_mixed_bag_body,RescheduleFlowSheet,"Rotate subjects and, if you want, give tougher ones daily priority.",Subjects rotate करें और चाहें तो tough subjects को रोज़ priority दें।,Subjects rotate karein aur chahein to tough subjects ko roz priority dein.,Latin text in Hindi: inspect names/technical terms,Needs human review
planner_mixed_bag_option_body,PlanSettingsStep,Tackle your hardest subjects first.,सबसे tough subjects पहले करें।,sabse tough subjects pehle karein.,Latin text in Hindi: inspect names/technical terms,Needs human review
planner_mixed_bag_option_info,PlanSettingsStep,Pick your 2–3 hardest subjects. They’ll be scheduled first in your chosen order; the others begin after that.,अपने 2–3 सबसे tough subjects चुनें। वे आपके चुने order में पहले schedule होंगे; फिर बाकी शुरू होंगे।,apne 2–3 sabse tough subjects chunein. ve aapke chune order mein pehle schedule honge; phir baaki shuru honge.,Latin text in Hindi: inspect names/technical terms,Needs human review
planner_move_to_today,PlanTabV2Components,Move to today,आज में move करें,aaj mein move karein,Latin text in Hindi: inspect names/technical terms,Needs human review
planner_move_topic_today_question,PlanTabV2Components,Move this topic to today?,यह topic आज में move करें?,yeh topic aaj mein move karein?,Latin text in Hindi: inspect names/technical terms,Needs human review
planner_my_rest_days,StudyPlannerScreen,My rest days,मेरे rest days,My rest days,Latin text in Hindi: inspect names/technical terms,Needs human review
planner_my_rest_days_upper,PlanRestDaysRow,MY REST DAYS,मेरे REST DAYS,MY REST DAYS,Latin text in Hindi: inspect names/technical terms,Needs human review
planner_name_already_used,SyllabusSubjectsScreen,That name is already used,यह नाम पहले से इस्तेमाल हुआ है,yeh naam pehle se istemal hua hai,,Needs human review
planner_new_dates_help,SyllabusSubjectsScreen,Give new dates using your latest changes.,अपने नए बदलावों के हिसाब से नई तारीखें दें।,apne naye badalavom ke hisaab se nai dates dein.,,Needs human review
planner_new_plan,StudyPlannerScreen,New plan,नया plan,New plan,Latin text in Hindi: inspect names/technical terms,Needs human review
planner_new_plan_subtitle,StudyPlannerScreen,Start fresh or use a template,नया शुरू करें या template लें,naya shuru karein ya template lein,Latin text in Hindi: inspect names/technical terms,Needs human review
planner_next_month,CalendarTab,Next month,अगला महीना,agla mahina,,Needs human review
planner_next_week,PlanPreviewStep,Next week,अगला हफ्ता,agla hafta,,Needs human review
planner_no_chapters_subject,SyllabusSubjectsScreen,No chapters yet. Add the first chapter to this subject.,अभी कोई chapter नहीं है। इस subject में पहला chapter जोड़ें।,abhi koi chapter nahi hai. is subject mein pehla chapter jodein.,Latin text in Hindi: inspect names/technical terms,Needs human review
planner_no_chapters_yet,ManualTopicTreeStep,No chapters yet,अभी कोई chapter नहीं है,abhi koi chapter nahi hai,Latin text in Hindi: inspect names/technical terms,Needs human review
planner_no_custom_syllabi,SavedSyllabusPickerStep,No custom syllabi yet,अभी कोई custom syllabus नहीं है,abhi koi custom syllabus nahi hai,Latin text in Hindi: inspect names/technical terms,Needs human review
planner_no_custom_syllabi_body,SavedSyllabusPickerStep,Create one now. Your work will be saved here as a draft.,अभी बनाएँ। आपका काम यहाँ draft के रूप में save होगा।,abhi banayein. aapka kam yahan draft ke roop mein save hoga.,Latin text in Hindi: inspect names/technical terms,Needs human review
planner_no_daily_tasks,PlanTabV2Components,No daily tasks yet,अभी कोई daily task नहीं है,abhi koi daily task nahi hai,Latin text in Hindi: inspect names/technical terms,Needs human review
planner_no_daily_tasks_body,PlanTabV2Components,Add a few recurring tasks you want to track every day.,कुछ recurring tasks जोड़ें जिन्हें रोज़ track करना है।,kuch recurring tasks jodein jinhein roz track karna hai.,Latin text in Hindi: inspect names/technical terms,Needs human review
planner_no_matching_topics,PlanTabV2Components,No matching topics in this chapter,इस chapter में matching topic नहीं मिला,is chapter mein matching topic nahi mila,Latin text in Hindi: inspect names/technical terms,Needs human review
planner_no_revision_body,RevisionScreen,Topics you mark for revision will appear here.,Revision के लिए mark किए topics यहाँ दिखेंगे।,Revision ke liye mark kiye topics yahan dikhenge.,Latin text in Hindi: inspect names/technical terms,Needs human review
planner_no_revision_scheduled,RevisionScreen,No revision scheduled,कोई revision schedule नहीं है,koi revision schedule nahi hai,Latin text in Hindi: inspect names/technical terms,Needs human review
planner_no_subjects_body,ManualTopicTreeStep,"Add a subject, then organise its chapters and topics.","एक subject जोड़ें, फिर उसके chapters और topics organise करें।","ek subject jodein, phir usake chapters aur topics organise karein.",Latin text in Hindi: inspect names/technical terms,Needs human review
planner_no_subjects_syllabus,SyllabusSubjectsScreen,No subjects yet. Add your first one to start building the syllabus.,अभी कोई subject नहीं है। Syllabus बनाना शुरू करने के लिए पहला subject जोड़ें।,abhi koi subject nahi hai. Syllabus banana shuru karne ke liye pehla subject jodein.,Latin text in Hindi: inspect names/technical terms,Needs human review
planner_no_subjects_yet,ManualTopicTreeStep,No subjects yet,अभी कोई subject नहीं है,abhi koi subject nahi hai,Latin text in Hindi: inspect names/technical terms,Needs human review
planner_no_target_exam,StudyPlannerScreen,No target exam yet,अभी target exam नहीं है,abhi target exam nahi hai,Latin text in Hindi: inspect names/technical terms,Needs human review
planner_no_topics_add_above,ChapterTopicsSheet,No topics yet. Add one above; commas let you add several at once.,अभी कोई topic नहीं है। ऊपर जोड़ें; comma से कई topics एक साथ जोड़ सकते हैं।,abhi koi topic nahi hai. upar jodein; comma se kai topics ek saath joda sakte hain.,Latin text in Hindi: inspect names/technical terms,Needs human review
planner_no_topics_yet,DailyTopicsStep; PlanTabV2Components,No topics yet.,अभी कोई topic नहीं है।,abhi koi topic nahi hai.,Latin text in Hindi: inspect names/technical terms,Needs human review
planner_nothing_finished,PlanTabScreen,Nothing finished yet. Your completed topics will collect here.,अभी कुछ पूरा नहीं हुआ। पूरे topics यहाँ दिखेंगे।,abhi kuch poora nahi hua. pure topics yahan dikhenge.,Latin text in Hindi: inspect names/technical terms,Needs human review
planner_on_track_ahead,InsightsMomentumWidgets,On track — about %1$d days before the exam,On track — exam से करीब %1$d दिन पहले,On track — exam se kareeb %1$d din pehle,Latin text in Hindi: inspect names/technical terms,Needs human review
planner_options_named,PlanTabV2Components,Options for %1$s,%1$s के options,%1$s ke options,Latin text in Hindi: inspect names/technical terms,Needs human review
planner_order_updated,StudyPlannerViewModel,Syllabus order updated,सिलेबस का ऑर्डर अपडेट हो गया,syllabus ka order update ho gaya,,Needs human review
planner_organize_syllabus,PasteSyllabusStep,Organise syllabus,Syllabus organise करें,Syllabus organise karein,Latin text in Hindi: inspect names/technical terms,Needs human review
planner_paste_syllabus,PasteSyllabusStep,Paste syllabus,Syllabus paste करें,Syllabus paste karein,Latin text in Hindi: inspect names/technical terms,Needs human review
planner_plan_busy_days_body,PlanPreviewStep,All %1$d topics have a date. %2$d days are slightly over your goal.,सभी %1$d topics की date है। %2$d दिन goal से थोड़ा ज़्यादा हैं।,sabhi %1$d topics ki date hai. %2$d din goal se thoda zyada hain.,Latin text in Hindi: inspect names/technical terms,Needs human review
planner_plan_created,StudyPlannerViewModel,Plan created,प्लान बन गया,Plan ban gaya.,,Needs human review
planner_plan_deleted,StudyPlannerViewModel,Plan deleted,प्लान डिलीट हो गया,plan delete ho gaya,,Needs human review
planner_plan_empty,PlanTabScreen,Your plan is empty,आपका plan खाली है,aapka plan khaali hai,Latin text in Hindi: inspect names/technical terms,Needs human review
planner_plan_empty_body,PlanTabScreen,Add subjects and topics first. Then you can build your study schedule.,पहले subjects और topics जोड़ें। फिर study schedule बना सकते हैं।,pehle subjects aur topics jodein. phir study schedule bana sakte hain.,Latin text in Hindi: inspect names/technical terms,Needs human review
planner_plan_fits,PlanPreviewStep,Your plan fits before the exam,आपका plan exam से पहले पूरा हो जाएगा,aapka plan exam se pehle poora ho jaayega,Latin text in Hindi: inspect names/technical terms,Needs human review
planner_plan_fits_body,PlanPreviewStep,"All %1$d topics have a date, and no day goes over your goal.",सभी %1$d topics की date है और कोई दिन goal से ऊपर नहीं जाता।,sabhi %1$d topics ki date hai aur koi din goal se upar nahi jaata.,Latin text in Hindi: inspect names/technical terms,Needs human review
planner_plan_needs_daily,PlanPreviewStep,This plan needs about %1$d topics a day,इस plan में रोज़ करीब %1$d topics करने होंगे,is plan mein roz kareeb %1$d topics karne honge,Latin text in Hindi: inspect names/technical terms,Needs human review
planner_plan_needs_daily_body,PlanPreviewStep,"You chose %1$d a day. Every topic still has a date, but a few days will be busier.","आपने रोज़ %1$d चुने हैं। हर topic की date है, बस कुछ दिन थोड़ा ज़्यादा काम होगा।","apne roz %1$d chune hain. har topic ki date hai, bas kuch din thoda zyada kam hoga.",Latin text in Hindi: inspect names/technical terms,Needs human review
planner_plan_ready,CreatePlanScreen,Your SAFAR plan is ready.,आपका SAFAR plan तैयार है।,aapka SAFAR plan ready hai.,Latin text in Hindi: inspect names/technical terms,Needs human review
planner_plan_reset,StudyPlannerViewModel,Plan reset,प्लान रीसेट हो गया,plan reset ho gaya,,Needs human review
planner_plan_settings,ManualTopicTreeStep; PlanHomeRedesign; PlanTabV2Components,Plan settings,Plan settings,Plan settings,Latin text in Hindi: inspect names/technical terms,Needs human review
planner_plan_title,PlanTabV2Components,Plan title,Plan title,Plan title,Latin text in Hindi: inspect names/technical terms,Needs human review
planner_premium_body,StudyPlannerScreen,"Upgrade to unlock Exam Planner, build-your-own plans, AI syllabus setup, calendar, and insights.","Exam Planner, अपना plan बनाने, AI syllabus setup, calendar और insights के लिए upgrade करें।","Exam Planner, apna plan banane, AI syllabus setup, calendar aur insights ke liye upgrade karein.",Latin text in Hindi: inspect names/technical terms,Needs human review
planner_premium_feature,StudyPlannerScreen,SAFAR Premium feature,SAFAR Premium feature,SAFAR Premium feature,Latin text in Hindi: inspect names/technical terms,Needs human review
planner_preview_unavailable,PlanPreviewStep,We couldn’t build a schedule preview yet.,अभी schedule preview नहीं बन पाया।,abhi schedule preview nahi bana paaya.,Latin text in Hindi: inspect names/technical terms,Needs human review
planner_previous_month,CalendarTab,Previous month,पिछला महीना,pichhla mahina,,Needs human review
planner_previous_week,PlanPreviewStep,Previous week,पिछला हफ्ता,pichhla hafta,,Needs human review
planner_priority_subjects_limit,RescheduleFlowSheet,"Priority subjects (optional, up to %1$d)","Priority subjects (optional, अधिकतम %1$d)","Priority subjects (optional, adhikatama %1$d)",Latin text in Hindi: inspect names/technical terms,Needs human review
planner_rearrange_order,PlanSettingsStep,Rearrange chapters & topics,Chapters और topics rearrange करें,Chapters aur topics rearrange karein,Latin text in Hindi: inspect names/technical terms,Needs human review
planner_rebuild_explainer,PlanTabScreen,This reschedules only your unfinished topics. Today’s list and completed work stay as they are.,सिर्फ बचे हुए topics reschedule होंगे। आज की list और पूरा काम वैसे ही रहेगा।,sirf bache hue topics reschedule honge. aaj ki list aur poora kam vaise hi rahega.,Latin text in Hindi: inspect names/technical terms,Needs human review
planner_rebuild_plan,PlanTabScreen,Rebuild your plan,Plan फिर बनाएँ,Plan phir banayein,Latin text in Hindi: inspect names/technical terms,Needs human review
planner_rebuild_schedule_now,RescheduleFlowSheet,Rebuild schedule now,Schedule अभी फिर बनाएँ,Schedule abhi phir banayein,Latin text in Hindi: inspect names/technical terms,Needs human review
planner_recommendation_summary,PlanSettingsStep,"With %1$d topics across %2$d study days, we recommend %3$d topics a day.",%1$d topics और %2$d study days के हिसाब से रोज़ %3$d topics पढ़ना सही रहेगा।,%1$d topics aur %2$d study days ke hisaab se roz %3$d topics padhna sahi rahega.,Latin text in Hindi: inspect names/technical terms,Needs human review
planner_remove_daily_named,PlanTabV2Components,Are you sure you want to remove “%1$s” from your daily to-do list?,क्या “%1$s” को अपनी डेली टू-डू लिस्ट से हटाना चाहते हैं?,kya “%1$s” ko apni daily to-do list se hatana chahte hain?,,Needs human review
planner_remove_named,DailyTopicsStep; PlanTabV2Components,Remove %1$s,%1$s हटाएँ,%1$s hataayein,,Needs human review
planner_remove_today_body,PlanTabScreen,“%1$s” will move to Not assigned. You can add it again later.,“%1$s” Not assigned में चला जाएगा। बाद में फिर जोड़ सकते हैं।,“%1$s” Not assigned mein chala jaayega. baad mein phir joda sakte hain.,Latin text in Hindi: inspect names/technical terms,Needs human review
planner_remove_today_question,PlanTabScreen,Remove from today?,आज से हटाएँ?,aaj se hataayein?,,Needs human review
planner_remove_topic,TemplatePickerStep,Remove topic,Topic हटाएँ,Topic hataayein,Latin text in Hindi: inspect names/technical terms,Needs human review
planner_rename_daily_topic,PlanTabV2Components,Rename daily topic,Daily topic का नाम बदलें,Daily topic ka naam badlein,Latin text in Hindi: inspect names/technical terms,Needs human review
planner_rename_exam,StudyPlannerScreen,Rename exam,Exam का नाम बदलें,Exam ka naam badlein,Latin text in Hindi: inspect names/technical terms,Needs human review
planner_rename_named,PlanTabV2Components,Rename %1$s,%1$s का नाम बदलें,%1$s ka naam badlein,,Needs human review
planner_rename_topic,PlanPreviewStep,Rename topic,Topic का नाम बदलें,Topic ka naam badlein,Latin text in Hindi: inspect names/technical terms,Needs human review
planner_reorder_first_body,RescheduleFlowSheet,"This opens Syllabus so you can drag subjects, chapters, and topics. Then tap “Build reordered syllabus” to apply it.","यह Syllabus खोलेगा, जहाँ subjects, chapters और topics drag कर सकते हैं। फिर “Build reordered syllabus” tap करके apply करें।","yeh Syllabus kholega, jahan subjects, chapters aur topics drag kar sakte hain. phir “Build reordered syllabus” tap karke apply karein.",Latin text in Hindi: inspect names/technical terms,Needs human review
planner_reorder_syllabus_first,RescheduleFlowSheet,Reorder syllabus first,पहले syllabus reorder करें,pehle syllabus reorder karein,Latin text in Hindi: inspect names/technical terms,Needs human review
planner_replan_window_body,RescheduleFlowSheet,Choose how SAFAR should fit your topics into the new timeline. Completed work and dates you set yourself won’t move.,चुनें कि SAFAR topics को नई timeline में कैसे रखे। पूरा काम और आपकी manually set dates नहीं बदलेंगी।,chunein ki SAFAR topics ko nai timeline mein kaise rakhe. poora kam aur aapki manually set dates nahi badalengi.,Latin text in Hindi: inspect names/technical terms,Needs human review
planner_reset_plan_body,PlanTabScreen,"All topics will go back to To do, and their dates will be removed.",सारे topics फिर To do में चले जाएँगे और उनकी dates हट जाएँगी।,saare topics phir To do mein chale jaayenge aur unaki dates hata jaayengi.,Latin text in Hindi: inspect names/technical terms,Needs human review
planner_reset_plan_question,PlanTabScreen,Reset this plan?,यह plan reset करें?,yeh plan reset karein?,Latin text in Hindi: inspect names/technical terms,Needs human review
planner_resume_building,StudyPlannerScreen,Keep building →,बनाना जारी रखें →,banana jaari rakhein →,,Needs human review
planner_reuse_or_resume,SavedSyllabusPickerStep,Reuse a syllabus or continue a draft.,Syllabus reuse करें या draft आगे बढ़ाएँ।,Syllabus reuse karein ya draft aage badhaayein.,Latin text in Hindi: inspect names/technical terms,Needs human review
planner_revision,InsightsMomentumWidgets,Revision,Revision,Revision,Latin text in Hindi: inspect names/technical terms,Needs human review
planner_revision_moved,StudyPlannerViewModel,Revision moved to %1$s,रिविज़न %1$s पर शिफ़्ट हो गया,Revision %1$s par shift ho gaya.,,Needs human review
planner_revision_subtitle,RevisionScreen,Strengthen what you’ve learned,"जो पढ़ा है, उसे और मज़बूत करें","Jo padha hai, usse aur mazboot karein.",,Needs human review
planner_revision_tasks,RevisionScreen,Revision tasks,Revision tasks,Revision tasks,Latin text in Hindi: inspect names/technical terms,Needs human review
planner_ring_revision_tap,InsightsMomentumWidgets,Each ring is one revision · tap a topic,हर ring एक revision है · topic tap करें,har ring ek revision hai · topic tap karein,Latin text in Hindi: inspect names/technical terms,Needs human review
planner_same_every_day,ChapterRatingStep,Same every day,हर दिन बराबर,har din barabar,,Needs human review
planner_save_for_reuse,SyllabusSubjectsScreen,Save for reuse,दोबारा इस्तेमाल के लिए save करें,dobara istemal ke liye save karein,Latin text in Hindi: inspect names/technical terms,Needs human review
planner_save_reuse_help,SyllabusSubjectsScreen,Use these subjects and topics when creating another plan.,नया प्लान बनाते समय यही सब्जेक्ट्स और टॉपिक्स इस्तेमाल करें।,naya plan banate samay yahi subjects aur topics istemal karein.,,Needs human review
planner_save_syllabus_reuse,SyllabusSubjectsScreen,Save syllabus for reuse,सिलेबस दोबारा इस्तेमाल करने के लिए सेव करें,syllabus dobara istemal karne ke liye save karein,,Needs human review
planner_saved_syllabi_load_error,SavedSyllabusPickerStep,Couldn’t load your saved syllabi,Saved syllabi load नहीं हो पाए,Saved syllabi load nahi ho paaye,Latin text in Hindi: inspect names/technical terms,Needs human review
planner_schedule_preview_title,PlanPreviewStep,Here’s your schedule,यह रहा आपका schedule,yeh raha aapka schedule,Latin text in Hindi: inspect names/technical terms,Needs human review
planner_search_chapter_topics,PlanTabV2Components,Search topics in this chapter…,इस chapter में topics search करें…,is chapter mein topics search karein…,Latin text in Hindi: inspect names/technical terms,Needs human review
planner_search_syllabi,SavedSyllabusPickerStep,Search syllabi,Syllabi search करें,Syllabi search karein,Latin text in Hindi: inspect names/technical terms,Needs human review
planner_see_all_revise,InsightsMomentumWidgets,See all to revise,सारे revision topics देखें,saare revision topics dekhein,Latin text in Hindi: inspect names/technical terms,Needs human review
planner_select_exam_date_error,PlanSettingsStep,Please select exam date,एग्ज़ाम की तारीख चुनें,exam ki tareekh chunein,,Needs human review
planner_select_revision_date,RevisionScheduleSheet,Select revision date,Revision date चुनें,Revision date chunein,Latin text in Hindi: inspect names/technical terms,Needs human review
planner_set_date,RevisionScheduleSheet,Set date,Date सेट करें,Date set karein,Latin text in Hindi: inspect names/technical terms,Needs human review
planner_setup_first_body,PlanTabScreen,First add subjects and topics in Syllabus. Then come back here to build your study schedule.,पहले Syllabus में subjects और topics जोड़ें। फिर यहाँ आकर study schedule बनाएँ।,pehle Syllabus mein subjects aur topics jodein. phir yahan akara study schedule banayein.,Latin text in Hindi: inspect names/technical terms,Needs human review
planner_setup_guide,StudyPlannerScreen,Setup guide,Setup guide,Setup guide,Latin text in Hindi: inspect names/technical terms,Needs human review
planner_skip_even_mix,MixedBagSubjectPickerStep,Skip — keep an even mix,Skip करें — mix बराबर रखें,Skip karein — mix barabar rakhein,Latin text in Hindi: inspect names/technical terms,Needs human review
planner_smart_effort_adjustment,ChapterRatingStep,⚡ SMART EFFORT ADJUSTMENT,⚡ SMART EFFORT ADJUSTMENT,⚡ SMART EFFORT ADJUSTMENT,Latin text in Hindi: inspect names/technical terms,Needs human review
planner_spaced_revision,RevisionTopicCard,Spaced revision,Spaced revision,Spaced revision,Latin text in Hindi: inspect names/technical terms,Needs human review
planner_studied,InsightsMomentumWidgets,Studied,पढ़ाई की,padhai ki,,Needs human review
planner_studied_days_row,InsightsMomentumWidgets,Studied %1$d days in a row,लगातार %1$d दिन पढ़ाई की,lagataar %1$d din padhai ki,,Needs human review
planner_study_more_daily,PlanTabScreen,Study more each day,हर दिन थोड़ा ज़्यादा पढ़ें,har din thoda zyada padhein,,Needs human review
planner_study_today,SyllabusRedesign,Study today,आज पढ़ें,Study today,,Needs human review
planner_study_today_begin,InsightsMomentumWidgets,Study today to begin,शुरू करने के लिए आज पढ़ें,shuru karne ke liye aaj padhein,,Needs human review
planner_subject,ManualTopicTreeStep; PlanTabScreen,Subject,Subject,Subject,Latin text in Hindi: inspect names/technical terms,Needs human review
planner_subject_names_hint,ManualTopicTreeStep; TemplatePickerStep,Subject name (use commas for multiple),Subject का नाम (एक से ज़्यादा हों तो comma लगाएँ),Subject ka naam (ek se zyada ho to comma lagaayein),Latin text in Hindi: inspect names/technical terms,Needs human review
planner_subject_options,SyllabusRedesign,Subject options,Subject options,Subject options,Latin text in Hindi: inspect names/technical terms,Needs human review
planner_swipe_all_tap_topic,InsightsMomentumWidgets,Swipe to see all · tap a topic,सब देखने के लिए swipe करें · topic tap करें,sab dekhne ke liye swipe karein · topic tap karein,Latin text in Hindi: inspect names/technical terms,Needs human review
planner_syllabus_counts,ManualTopicTreeStep,%1$d subjects · %2$d chapters · %3$d topics,%1$d subjects · %2$d chapters · %3$d topics,%1$d subjects · %2$d chapters · %3$d topics,Latin text in Hindi: inspect names/technical terms,Needs human review
planner_syllabus_done,InsightsMomentumWidgets,syllabus done,syllabus पूरा,syllabus poora,Latin text in Hindi: inspect names/technical terms,Needs human review
planner_syllabus_intro,SyllabusRedesign,Your study plan is built from these subjects and topics.,आपका study plan इन्हीं subjects और topics से बनता है।,aapka study plan inhim subjects aur topics se banata hai.,Latin text in Hindi: inspect names/technical terms,Needs human review
planner_syllabus_name,ManualTopicTreeStep,Syllabus name,Syllabus का नाम,Syllabus ka naam,Latin text in Hindi: inspect names/technical terms,Needs human review
planner_syllabus_name_example,ManualTopicTreeStep,e.g. SSC CGL Tier 1 — 2026,जैसे SSC CGL Tier 1 — 2026,jaise SSC CGL Tier 1 — 2026,Latin text in Hindi: inspect names/technical terms,Needs human review
planner_syllabus_organized,PasteSyllabusStep,We organised your syllabus.,हमने आपका syllabus organise कर दिया।,hamane aapka syllabus organise kar diya.,Latin text in Hindi: inspect names/technical terms,Needs human review
planner_syllabus_saved_reuse,StudyPlannerViewModel,Syllabus saved for reuse,सिलेबस दोबारा इस्तेमाल करने के लिए सेव हो गया,syllabus dobara istemal karne ke liye save ho gaya,,Needs human review
planner_tap_day,InsightsMomentumWidgets,Tap a day,कोई दिन tap करें,koi din tap karein,Latin text in Hindi: inspect names/technical terms,Needs human review
planner_tap_know_more,InsightsMomentumWidgets,Tap to know more,और जानने के लिए tap करें,aur janane ke liye tap karein,Latin text in Hindi: inspect names/technical terms,Needs human review
planner_template_free_help,TemplatePickerStep,You can still create a custom plan manually for free.,आप फ़्री में मैन्युअली कस्टम प्लान बना सकते हैं।,aap fri mein manually custom plan bana sakte hain.,,Needs human review
planner_templates,StudyPlannerScreen,Templates,Templates,Templates,Latin text in Hindi: inspect names/technical terms,Needs human review
planner_templates_premium_title,TemplatePickerStep,Templates are a Premium feature,Templates Premium feature हैं,Templates Premium feature hain,Latin text in Hindi: inspect names/technical terms,Needs human review
planner_templates_require_premium,PlanSettingsStep,SAFAR Premium is required to create plans from templates.,Templates से plan बनाने के लिए SAFAR Premium चाहिए।,Templates se plan banane ke liye SAFAR Premium chahiye.,Latin text in Hindi: inspect names/technical terms,Needs human review
planner_this_syllabus,SavedSyllabusPickerStep,this syllabus,यह syllabus,yeh syllabus,Latin text in Hindi: inspect names/technical terms,Needs human review
planner_to_revise,CalendarTab; PlanHomeRedesign; PlanTabScreen,To revise,Revise करना है,Revise karna hai,Latin text in Hindi: inspect names/technical terms,Needs human review
planner_to_study,CalendarTab,To study,पढ़ना है,padhna hai,,Needs human review
planner_today_agenda,PlanTabScreen,Today’s agenda,आज का agenda,Today’s agenda,Latin text in Hindi: inspect names/technical terms,Needs human review
planner_today_conquered,PlanTabScreen,Today’s queue conquered!,आज की queue पूरी!,aaj ki queue poori!,Latin text in Hindi: inspect names/technical terms,Needs human review
planner_today_conquered_body,PlanTabScreen,Nice work. Your completed tasks stay below so you can see the progress you made.,बहुत बढ़िया। पूरे tasks नीचे रहेंगे ताकि आपकी progress साफ दिखे।,bahut badhiya. pure tasks neeche rahenge taaki aapki progress saaf dikhe.,Latin text in Hindi: inspect names/technical terms,Needs human review
planner_today_tasks_restored,StudyPlannerViewModel,Today\'s tasks restored,आज के टास्क वापस आ गए,Aaj ke tasks wapas aa gaye.,,Needs human review
planner_topic,ManualTopicTreeStep; PlanTabScreen,Topic,Topic,Topic,Latin text in Hindi: inspect names/technical terms,Needs human review
planner_topic_deleted,StudyPlannerViewModel,Topic deleted,टॉपिक डिलीट हो गया,topic delete ho gaya,,Needs human review
planner_topic_name,PlanPreviewStep; PlanTabScreen; PlanTabV2Components,Topic name,Topic का नाम,Topic ka naam,Latin text in Hindi: inspect names/technical terms,Needs human review
planner_topic_name_empty,PlanTabV2Components,Topic name cannot be empty,टॉपिक का नाम खाली नहीं हो सकता,topic ka naam khaali nahi ho sakta,,Needs human review
planner_topic_names_hint,ChapterTopicsSheet; ManualTopicTreeStep; TemplatePickerStep,Topic name (use commas for multiple),Topic का नाम (एक से ज़्यादा हों तो comma लगाएँ),Topic ka naam (ek se zyada ho to comma lagaayein),Latin text in Hindi: inspect names/technical terms,Needs human review
planner_topic_options,PlanHomeRedesign; SyllabusRedesign,Topic options,Topic options,Topic options,Latin text in Hindi: inspect names/technical terms,Needs human review
planner_topic_replaced,StudyPlannerViewModel,Topic replaced,टॉपिक बदल दिया,Topic badal diya gaya.,,Needs human review
planner_topic_size_help,PlanTabScreen,Topic size — bigger topics count as more,Topic size — बड़े topics ज़्यादा count होंगे,Topic size — baare topics zyada count honge,Latin text in Hindi: inspect names/technical terms,Needs human review
planner_topics,ChapterTopicsSheet,Topics,Topics,Topics,Latin text in Hindi: inspect names/technical terms,Needs human review
planner_topics_per_day,PlanSettingsStep; PlanTabV2Components,Topics per day,Topics per day,Topics per day,Latin text in Hindi: inspect names/technical terms,Needs human review
planner_topics_per_day_optional,PlanSettingsStep,Optional — we’ll recommend a number.,Optional — हम एक number recommend करेंगे।,Optional — hum ek number recommend karenge.,Latin text in Hindi: inspect names/technical terms,Needs human review
planner_topics_per_day_question,PlanSettingsStep,How many topics per day?,हर दिन कितने topics?,har din kitne topics?,Latin text in Hindi: inspect names/technical terms,Needs human review
planner_topics_scheduled,PlanPreviewStep,Topics scheduled,Scheduled topics,Scheduled topics,Latin text in Hindi: inspect names/technical terms,Needs human review
planner_topics_swapped,StudyPlannerViewModel,Topics swapped,टॉपिक्स की जगह बदल गई,Topics ki jagah badal di gayi.,,Needs human review
planner_tough_adjustment_body,ChapterRatingStep,"Because some chapters are tough, we adjusted your daily effort from %1$d to %2$d topics so everything finishes before the exam.","कुछ chapters tough हैं, इसलिए daily effort %1$d से %2$d topics किया है ताकि exam से पहले सब पूरा हो जाए।","kuch chapters tough hain, isliye daily effort %1$d se %2$d topics kiya hai taaki exam se pehle sab poora ho jae.",Latin text in Hindi: inspect names/technical terms,Needs human review
planner_type_chapter_name,ManualTopicTreeStep,Type a chapter name,Chapter का नाम लिखें,Chapter ka naam likhein,Latin text in Hindi: inspect names/technical terms,Needs human review
planner_type_subject_name,ManualTopicTreeStep,Type a subject name,Subject का नाम लिखें,Subject ka naam likhein,Latin text in Hindi: inspect names/technical terms,Needs human review
planner_type_topic_name,ManualTopicTreeStep,Type a topic name,Topic का नाम लिखें,Topic ka naam likhein,Latin text in Hindi: inspect names/technical terms,Needs human review
planner_unassigned_topics_warning,PlanTabScreen,Some syllabus topics aren’t assigned yet. Tap to schedule them.,Syllabus के कुछ topics अभी assign नहीं हैं। Schedule करने के लिए tap करें।,Syllabus ke kuch topics abhi assign nahi hain. Schedule karne ke liye tap karein.,Latin text in Hindi: inspect names/technical terms,Needs human review
planner_untitled_syllabus,SavedSyllabusPickerStep,Untitled syllabus,बिना नाम का syllabus,bina naam ka syllabus,Latin text in Hindi: inspect names/technical terms,Needs human review
planner_update_saved_syllabus,SyllabusSubjectsScreen,Update saved syllabus,सेव किया सिलेबस अपडेट करें,save kiya syllabus update karein,,Needs human review
planner_upgrade_premium,StudyPlannerScreen,Upgrade to SAFAR Premium,SAFAR Premium में upgrade करें,SAFAR Premium mein upgrade karein,Latin text in Hindi: inspect names/technical terms,Needs human review
planner_use_syllabus,SavedSyllabusPickerStep,Use this syllabus,यह syllabus इस्तेमाल करें,yeh syllabus istemal karein,Latin text in Hindi: inspect names/technical terms,Needs human review
planner_use_template,ChoosePathStep,Use a template,Template इस्तेमाल करें,Template istemal karein,Latin text in Hindi: inspect names/technical terms,Needs human review
planner_use_template_body,ChoosePathStep,"SSC, UPSC, Railways, Defence — ready for you to customise","SSC, UPSC, Railways, Defence — customize करने के लिए तैयार","SSC, UPSC, Railways, Defence — customize karne ke liye ready",Latin text in Hindi: inspect names/technical terms,Needs human review
planner_view_missed_topics,CalendarTab,View missed topics,Missed topics देखें,Missed topics dekhein,Latin text in Hindi: inspect names/technical terms,Needs human review
planner_view_revision_topics,CalendarTab,View revision topics,Revision topics देखें,Revision topics dekhein,Latin text in Hindi: inspect names/technical terms,Needs human review
planner_week_number,PlanPreviewStep,WEEK %1$d,हफ्ता %1$d,WEEK %1$d,,Needs human review
planner_what_are_drafts,StudyPlannerScreen,What are drafts?,Drafts क्या हैं?,Drafts kya hain?,Latin text in Hindi: inspect names/technical terms,Needs human review
planner_what_change,SyllabusSubjectsScreen,What do you want to change?,आप क्या बदलना चाहते हैं?,aap kya badalana chahte hain?,,Needs human review
planner_when_exam,PlanSettingsStep,When is your exam?,आपका exam कब है?,aapka exam kab hai?,Latin text in Hindi: inspect names/technical terms,Needs human review
planner_when_finish,InsightsMomentumWidgets,When you’ll finish,कब पूरा होगा,kab poora hoga,,Needs human review
planner_which_subject_first,PlanTabV2Components,Which subject comes first?,पहले कौन-सा subject?,pehle kaun-sa subject?,Latin text in Hindi: inspect names/technical terms,Needs human review
planner_work_per_day,InsightsMomentumWidgets,work/day,रोज़ का काम,roz ka kam,,Needs human review
planner_your_subjects,SyllabusSubjectsScreen,Your subjects,आपके subjects,Your subjects,Latin text in Hindi: inspect names/technical terms,Needs human review
planner_your_syllabi,SavedSyllabusPickerStep,Your syllabi,आपके syllabi,Your syllabi,Latin text in Hindi: inspect names/technical terms,Needs human review
planner_your_usual,PlanTabV2Components,Your usual,आपका usual,aapka usual,Latin text in Hindi: inspect names/technical terms,Needs human review
premium_active_title,PremiumPaywallScreen,Safar Premium Active,Safar Premium active है!,Safar Premium active hai!,Latin text in Hindi: inspect names/technical terms,Needs human review
premium_benefit_analytics,PremiumPaywallScreen,Detailed Analytics and Insights of Your Activity,आपकी activity के detailed analytics और insights,aapki activity ke detailed analytics aur insights,Latin text in Hindi: inspect names/technical terms,Needs human review
premium_benefit_connect,PremiumPaywallScreen,Mehfil Connect feature to chat personally with other students,दूसरे students से private chat के लिए Mehfil Connect,doosre students se private chat ke liye Mehfil Connect,Latin text in Hindi: inspect names/technical terms,Needs human review
premium_benefit_dhyan_audio,PremiumPaywallScreen,Dhyan audio and guided focus sessions,Dhyan audio और guided focus sessions,Dhyan audio aur guided focus sessions,Latin text in Hindi: inspect names/technical terms,Needs human review
premium_benefit_live_sessions,PremiumPaywallScreen,Meditation and Yoga Sessions with Parmar Sir,Parmar Sir के साथ meditation और yoga sessions,Parmar Sir ke saath meditation aur yoga sessions,Latin text in Hindi: inspect names/technical terms,Needs human review
premium_benefit_planner,PremiumPaywallScreen,Get detailed Exam planner with Various ReadyMade Templates and Progress Tracker,Ready-made templates और progress tracking वाला detailed exam planner,Ready-made templates aur progress tracking waala detailed exam planner,Latin text in Hindi: inspect names/technical terms,Needs human review
premium_benefit_revision,PremiumPaywallScreen,Automatic reminder for Revision of the Topics,Topics revise करने के automatic reminders,Topics revise karne ke automatic reminders,Latin text in Hindi: inspect names/technical terms,Needs human review
premium_bundle_for_duration,PremiumPaywallScreen,Premium + Dhyan Live for %1$s,%1$s के लिए Premium + Dhyan Live,%1$s ke liye Premium + Dhyan Live,Latin text in Hindi: inspect names/technical terms,Needs human review
premium_bundle_starts_after_current,PremiumPaywallScreen,Premium and Dhyan Live start after your current Premium plan ends.,Premium और Dhyan Live current Premium plan के बाद शुरू होंगे।,Premium aur Dhyan Live current Premium plan ke baad shuru honge.,Latin text in Hindi: inspect names/technical terms,Needs human review
premium_bundle_starts_today,PremiumPaywallScreen,Premium and Dhyan Live start today.,Premium और Dhyan Live आज से शुरू होंगे।,Premium aur Dhyan Live aaj se shuru honge.,Latin text in Hindi: inspect names/technical terms,Needs human review
premium_buy_now,PremiumPaywallScreen,Buy Now,अभी खरीदें,abhi kharidem,,Needs human review
premium_calculating,PremiumPaywallScreen,Calculating...,Calculate हो रहा है…,Calculate ho raha hai…,Latin text in Hindi: inspect names/technical terms,Needs human review
premium_checkout_active_screen,PremiumPaywallScreen,Checkout needs an active screen. Please try again.,Checkout के लिए screen active होनी चाहिए। फिर कोशिश करें।,Checkout ke liye screen active honi chahiye. phir koshish karein.,Latin text in Hindi: inspect names/technical terms,Needs human review
premium_checkout_launch_error,PremiumPaywallScreen,Error launching checkout,Checkout नहीं खुल पाया,Checkout nahi khula paaya,Latin text in Hindi: inspect names/technical terms,Needs human review
premium_choose_help,PremiumPaywallScreen,"Choose Dhyan Live only, or get Premium with Dhyan Live included.","सिर्फ Dhyan Live चुनें, या Dhyan Live के साथ Premium लें।","sirf Dhyan Live chunein, ya Dhyan Live ke saath Premium lein.",Latin text in Hindi: inspect names/technical terms,Needs human review
premium_choose_later_help,PremiumPaywallScreen,We couldn\'t find an active Safar Premium or trial plan for this account.,Study tools और analytics unlock करने के लिए नीचे कभी भी plan चुन सकते हैं।,Study tools aur analytics unlock karne ke liye neeche kabhi bhi plan chuna sakte hain.,Latin text in Hindi: inspect names/technical terms,Needs human review
premium_choose_what_to_add,PremiumPaywallScreen,Choose what to add,"क्या add करना है, चुनें","kya add karna hai, chunein",Latin text in Hindi: inspect names/technical terms,Needs human review
premium_choose_your_plan,PremiumPaywallScreen,Choose your plan,अपना plan चुनें,apna plan chunein,Latin text in Hindi: inspect names/technical terms,Needs human review
premium_current_expiry,PremiumPaywallScreen,Current expiry: %1$s,Current expiry: %1$s,Current expiry: %1$s,Latin text in Hindi: inspect names/technical terms,Needs human review
premium_dhyan_access_active,PremiumPaywallScreen,Your six-month meditation and yoga access is now active.,आपका 6 महीने का meditation और yoga access अब active है।,aapka 6 mahine ka meditation aur yoga access ab active hai.,Latin text in Hindi: inspect names/technical terms,Needs human review
premium_dhyan_active,PremiumPaywallScreen,Dhyan Live is active,Dhyan Live active है,Dhyan Live active hai,Latin text in Hindi: inspect names/technical terms,Needs human review
premium_dhyan_active_add_premium,PremiumPaywallScreen,Your 6-month Dhyan Live plan is active. You can also add Premium below.,आपका 6 महीने का Dhyan Live plan active है। नीचे Premium भी add कर सकते हैं।,aapka 6 mahine ka Dhyan Live plan active hai. neeche Premium bhi add kar sakte hain.,Latin text in Hindi: inspect names/technical terms,Needs human review
premium_dhyan_for_duration,PremiumPaywallScreen,Dhyan Live for %1$s,%1$s के लिए Dhyan Live,%1$s ke liye Dhyan Live,Latin text in Hindi: inspect names/technical terms,Needs human review
premium_dhyan_included_current,PremiumPaywallScreen,It is included with your current Premium plan.,यह आपके current Premium plan में शामिल है।,yeh aapke current Premium plan mein shaamil hai.,Latin text in Hindi: inspect names/technical terms,Needs human review
premium_dhyan_live,PremiumPaywallScreen,Dhyan Live,Dhyan Live,Dhyan Live,Latin text in Hindi: inspect names/technical terms,Needs human review
premium_dhyan_schedule_range,PremiumPaywallScreen,Dhyan Live: %1$s to %2$s. It does not use time from your current plan.,Dhyan Live: %1$s से %2$s। यह current plan का time इस्तेमाल नहीं करेगा।,Dhyan Live: %1$s se %2$s. yeh current plan ka time istemal nahi karega.,Latin text in Hindi: inspect names/technical terms,Needs human review
premium_dhyan_six_months,PremiumPaywallScreen,Dhyan Live · 6 months,Dhyan Live · 6 महीने,Dhyan Live · 6 mahine,Latin text in Hindi: inspect names/technical terms,Needs human review
premium_dhyan_unlocked,PremiumPaywallScreen,Dhyan Live unlocked,Dhyan Live unlock हो गया,Dhyan Live unlock ho gaya,Latin text in Hindi: inspect names/technical terms,Needs human review
premium_existing_member_benefit,PremiumPaywallScreen,Existing member benefit,Existing member benefit,Existing member benefit,Latin text in Hindi: inspect names/technical terms,Needs human review
premium_existing_member_price,PremiumPaywallScreen,Existing Premium member price,Existing member price,Existing member price,Latin text in Hindi: inspect names/technical terms,Needs human review
premium_extend_help,PremiumPaywallScreen,Choose 3 or 6 more months. The new time starts after your current plan ends.,3 या 6 महीने और चुनें। Extra time current plan खत्म होने के बाद शुरू होगा।,3 ya 6 mahine aur chunein. Extra time current plan khatam hone ke baad shuru hoga.,Latin text in Hindi: inspect names/technical terms,Needs human review
premium_extend_your_plan,PremiumPaywallScreen,Extend your plan,अपना plan बढ़ाएं,apna plan badhaayein,Latin text in Hindi: inspect names/technical terms,Needs human review
premium_free_plan,PremiumPaywallScreen,Free Plan,Free plan,Free plan,Latin text in Hindi: inspect names/technical terms,Needs human review
premium_gateway_not_configured,PremiumPaywallScreen,The payment gateway is not configured on this server.,इस server पर payment gateway configure नहीं है।,is server par payment gateway configure nahi hai.,Latin text in Hindi: inspect names/technical terms,Needs human review
premium_legacy_choice_help,PremiumPaywallScreen,"Add Safar Meditation and Yoga course, or extend the premium by 3 or 6 months. Extra time is added after your current plan.","Safar Meditation और Yoga add करें, या Premium को 3 या 6 महीने बढ़ाएं। Extra time current plan के बाद शुरू होगा।","Safar Meditation aur Yoga add karein, ya Premium ko 3 ya 6 mahine badhaayein. Extra time current plan ke baad shuru hoga.",Latin text in Hindi: inspect names/technical terms,Needs human review
premium_legacy_offer,PremiumPaywallScreen,"You joined Premium before Dhyan Live was added, so you can add 6 months of Dhyan Live for ₹29.","आपने Dhyan Live आने से पहले Premium लिया था, इसलिए 6 महीने का Dhyan Live ₹29 में add कर सकते हैं।","apne Dhyan Live aane se pehle Premium liya tha, isliye 6 mahine ka Dhyan Live ₹29 mein add kar sakte hain.",Latin text in Hindi: inspect names/technical terms,Needs human review
premium_legacy_offer_terms,PremiumPaywallScreen,This member price is available while your current Premium plan is active. Future Premium plans use the regular price: ₹99 for 3 months or ₹119 for 6 months.,यह member price current Premium plan active रहने तक मिलेगा। आगे regular price ₹99 में 3 महीने या ₹119 में 6 महीने होगा।,yeh member price current Premium plan active rehne tak milega. aage regular price ₹99 mein 3 mahine ya ₹119 mein 6 mahine hoga.,Latin text in Hindi: inspect names/technical terms,Needs human review
premium_meditation_only,PremiumPaywallScreen,Meditation & yoga sessions only,सिर्फ meditation और yoga sessions,sirf meditation aur yoga sessions,Latin text in Hindi: inspect names/technical terms,Needs human review
premium_named_plan_active,PremiumPaywallScreen,Safar Premium Active %1$s,%1$s active है।,%1$s active hai.,Latin text in Hindi: inspect names/technical terms,Needs human review
premium_new_expiry,PremiumPaywallScreen,New expiry after purchase: %1$s,Purchase के बाद नई expiry: %1$s,Purchase ke baad nai expiry: %1$s,Latin text in Hindi: inspect names/technical terms,Needs human review
premium_next_bundle_help,PremiumPaywallScreen,Your new Premium + Dhyan Live period starts after your current Premium plan ends.,नया Premium + Dhyan Live period current Premium plan के बाद शुरू होगा।,naya Premium + Dhyan Live period current Premium plan ke baad shuru hoga.,Latin text in Hindi: inspect names/technical terms,Needs human review
premium_next_bundle_scheduled,PremiumPaywallScreen,Next bundle scheduled,अगला bundle scheduled है,agla bundle scheduled hai,Latin text in Hindi: inspect names/technical terms,Needs human review
premium_no_active_plan_body,PremiumPaywallScreen,We couldn\'t find an active Safar Premium or trial plan for this account.,इस account पर कोई active Safar Premium या trial plan नहीं मिला।,is account par koi active Safar Premium ya trial plan nahi mila.,Latin text in Hindi: inspect names/technical terms,Needs human review
premium_no_active_plan_title,PremiumPaywallScreen,No Active Plan Found,कोई active plan नहीं मिला,koi active plan nahi mila,Latin text in Hindi: inspect names/technical terms,Needs human review
premium_no_active_subscription,PremiumPaywallScreen,No active subscription,कोई active subscription नहीं,koi active subscription nahi,Latin text in Hindi: inspect names/technical terms,Needs human review
premium_paid_access_body,PremiumPaywallScreen,Enjoy unlimited access to all AI study planning and Ekagra analytics features.,AI study planning और Ekagra analytics का unlimited access पाएं।,AI study planning aur Ekagra analytics ka unlimited access paayein.,Latin text in Hindi: inspect names/technical terms,Needs human review
premium_payment_returned_inactive,PremiumPaywallScreen,"Payment returned, but Safar Premium is not active yet. Please tap Restore Safar Premium.","Payment हो गया, लेकिन Safar Premium अभी active नहीं है। Restore Safar Premium पर tap करें।","Payment ho gaya, lekin Safar Premium abhi active nahi hai. Restore Safar Premium par tap karein.",Latin text in Hindi: inspect names/technical terms,Needs human review
premium_payment_success_title,PremiumPaywallScreen,Safar Premium Active!,Payment successful!,Payment successful!,Latin text in Hindi: inspect names/technical terms,Needs human review
premium_plan_active_until,PremiumPaywallScreen,Your Safar Premium plan is active until %1$s,आपका Safar Premium plan %1$s तक active है,aapka Safar Premium plan %1$s tak active hai,Latin text in Hindi: inspect names/technical terms,Needs human review
premium_plan_generic_label,PremiumPaywallScreen,Safar Premium plan,Safar Premium plan,Safar Premium plan,Latin text in Hindi: inspect names/technical terms,Needs human review
premium_plan_six_month_label,PremiumPaywallScreen,6-month Premium plan,6 महीने का Premium plan,6 mahine ka Premium plan,Latin text in Hindi: inspect names/technical terms,Needs human review
premium_plan_three_month_label,PremiumPaywallScreen,3-month Premium plan,3 महीने का Premium plan,3 mahine ka Premium plan,Latin text in Hindi: inspect names/technical terms,Needs human review
premium_plan_trial_label,PremiumPaywallScreen,7-day free trial,7 दिन का free trial,7 din ka free trial,Latin text in Hindi: inspect names/technical terms,Needs human review
premium_plus_dhyan,PremiumPaywallScreen,Premium + Dhyan Live,Safar Premium + Dhyan Live,Safar Premium + Dhyan Live,Latin text in Hindi: inspect names/technical terms,Needs human review
premium_popular,PremiumPaywallScreen,Popular,Popular,Popular,Latin text in Hindi: inspect names/technical terms,Needs human review
premium_regular_price,PremiumPaywallScreen,Regular ₹%1$d,Regular ₹%1$d,Regular ₹%1$d,Latin text in Hindi: inspect names/technical terms,Needs human review
premium_restore,PremiumPaywallScreen,Restore Safar Premium,Safar Premium restore करें,Safar Premium restore karein,Latin text in Hindi: inspect names/technical terms,Needs human review
premium_safar_premium,PremiumPaywallScreen,Safar Premium,Safar Premium,Safar Premium,Latin text in Hindi: inspect names/technical terms,Needs human review
premium_scheduled_end,PremiumPaywallScreen,scheduled end,scheduled end,scheduled end,Latin text in Hindi: inspect names/technical terms,Needs human review
premium_scheduled_start,PremiumPaywallScreen,scheduled start,scheduled start,scheduled start,Latin text in Hindi: inspect names/technical terms,Needs human review
premium_secure_checkout,PremiumPaywallScreen,Cancel anytime • 256-bit Secure Razorpay Checkout,कभी भी cancel करें • Secure 256-bit Razorpay checkout,kabhi bhi cancel karein • Secure 256-bit Razorpay checkout,Latin text in Hindi: inspect names/technical terms,Needs human review
premium_selected_plan,PremiumPaywallScreen,Selected Plan: %1$s,Selected plan: %1$s,Selected plan: %1$s,Latin text in Hindi: inspect names/technical terms,Needs human review
premium_six_months,PremiumPaywallScreen,6 Months,6 महीने,6 mahine,,Needs human review
premium_six_months_lower,PremiumPaywallScreen,6 months,6 महीने,6 mahine,,Needs human review
premium_standalone_dhyan,PremiumPaywallScreen,Standalone Dhyan plan,Standalone Dhyan plan,Standalone Dhyan plan,Latin text in Hindi: inspect names/technical terms,Needs human review
premium_start_free_trial,PremiumPaywallScreen,Start Free Trial,Free trial शुरू करें,Free trial shuru karein,Latin text in Hindi: inspect names/technical terms,Needs human review
premium_start_trial_title,PremiumPaywallScreen,Start 7-Day Free Trial,7 दिन का free trial शुरू करें,7 din ka free trial shuru karein,Latin text in Hindi: inspect names/technical terms,Needs human review
premium_starter,PremiumPaywallScreen,Starter,Starter,Starter,Latin text in Hindi: inspect names/technical terms,Needs human review
premium_three_months,PremiumPaywallScreen,3 Months,3 महीने,3 mahine,,Needs human review
premium_three_months_lower,PremiumPaywallScreen,3 months,3 महीने,3 mahine,,Needs human review
premium_trial_access_body,PremiumPaywallScreen,Enjoy full access to all AI study planning and Ekagra analytics features during your trial.,Trial के दौरान AI study planning और Ekagra analytics का full access पाएं।,Trial ke dauraan AI study planning aur Ekagra analytics ka full access paayein.,Latin text in Hindi: inspect names/technical terms,Needs human review
premium_trial_active_summary,PremiumPaywallScreen,Premium Trial Active,Premium trial active है,Premium trial active hai,Latin text in Hindi: inspect names/technical terms,Needs human review
premium_trial_active_title,PremiumPaywallScreen,Your 7-day free trial is active.,Free trial active है!,Free trial active hai!,Latin text in Hindi: inspect names/technical terms,Needs human review
premium_trial_active_until,PremiumPaywallScreen,Your 7-day free trial is active until %1$s,आपका 7 दिन का free trial %1$s तक active है,aapka 7 din ka free trial %1$s tak active hai,Latin text in Hindi: inspect names/technical terms,Needs human review
premium_trial_bundle_help,PremiumPaywallScreen,Your trial includes Premium study features. Dhyan Live needs a separate plan or a Premium bundle.,Trial में Premium study features हैं। Dhyan Live के लिए अलग plan या Premium bundle चाहिए।,Trial mein Premium study features hain. Dhyan Live ke liye alag plan ya Premium bundle chahiye.,Latin text in Hindi: inspect names/technical terms,Needs human review
premium_trial_description,PremiumPaywallScreen,Use Safar\'s Premium study features for 7 days. Dhyan Live is not included in the trial.,Safar के Premium study features 7 दिन इस्तेमाल करें। Trial में Dhyan Live शामिल नहीं है।,Safar ke Premium study features 7 din istemal karein. Trial mein Dhyan Live shaamil nahi hai.,Latin text in Hindi: inspect names/technical terms,Needs human review
premium_trial_is_active,PremiumPaywallScreen,Your 7-day trial is active,आपका 7 दिन का free trial active है।,aapka 7 din ka free trial active hai.,Latin text in Hindi: inspect names/technical terms,Needs human review
premium_trial_short_description,PremiumPaywallScreen,Premium study features for 7 days · Dhyan Live not included,Premium study features 7 दिन · Dhyan Live शामिल नहीं,Premium study features 7 din · Dhyan Live shaamil nahi,Latin text in Hindi: inspect names/technical terms,Needs human review
premium_trial_started_title,PremiumPaywallScreen,Free Trial Started!,Free trial शुरू हो गया!,Free trial shuru ho gaya!,Latin text in Hindi: inspect names/technical terms,Needs human review
premium_try_free,PremiumPaywallScreen,Try Free,Free try करें,Free try karein,Latin text in Hindi: inspect names/technical terms,Needs human review
premium_unlocked_manage_help,PremiumPaywallScreen,Safar Premium is unlocked. Manage or extend your subscription plan below.,Safar Premium unlock है। नीचे subscription manage या extend करें।,Safar Premium unlock hai. neeche subscription manage ya extend karein.,Latin text in Hindi: inspect names/technical terms,Needs human review
premium_valid_until,PremiumPaywallScreen,Valid until %1$s,%1$s तक valid,%1$s tak valid,Latin text in Hindi: inspect names/technical terms,Needs human review
premium_verify_plans_error,PremiumPaywallScreen,We could not verify your available plans. Please reopen this screen and try again.,Available plans verify नहीं हो पाए। Screen दोबारा खोलकर फिर कोशिश करें।,Available plans verify nahi ho paaye. Screen dobara kholkar phir koshish karein.,Latin text in Hindi: inspect names/technical terms,Needs human review
premium_view,TemplatePickerStep,View Premium,Premium देखें,Premium dekhein,Latin text in Hindi: inspect names/technical terms,Needs human review
premium_view_plans,PremiumPaywallScreen,View Plans,Plans देखें,Plans dekhein,Latin text in Hindi: inspect names/technical terms,Needs human review
premium_what_you_get,PremiumPaywallScreen,What you get,आपको क्या मिलेगा,aapko kya milega,,Needs human review
profile_academic_focus,ProfileScreen,Academic & Exam Focus,पढ़ाई और एग्ज़ाम फोकस,padhai aur exam focus,,Needs human review
profile_account_subscription,ProfileScreen,Account & Subscription,अकाउंट और सब्सक्रिप्शन,account aur subscription,,Needs human review
profile_app_version,,App Version,ऐप वर्ज़न,App version,,Needs human review
profile_cancel,ProfileScreen,Cancel,कैंसल करें,Cancel karein,,Needs human review
profile_change_photo,ProfileScreen,Change profile photo,प्रोफाइल फोटो बदलें,profile photo badlein,,Needs human review
profile_close_photo,ProfileScreen,Close profile photo,प्रोफाइल फोटो बंद करें,profile photo band karein,,Needs human review
profile_confirm_logout,ProfileScreen,Confirm Logout,लॉगआउट करना है?,logout karna hai?,,Needs human review
profile_copy_email,ProfileScreen,Copy Email,ईमेल कॉपी करें,email copy karein,,Needs human review
profile_dark_mode,,Dark Mode,डार्क मोड,dark mode,,Needs human review
profile_delete_account,ProfileScreen,Delete Account,अकाउंट डिलीट करें,account delete karein,,Needs human review
profile_email_address,ProfileScreen,EMAIL ADDRESS,ईमेल एड्रेस,email address,,Needs human review
profile_email_copied,ProfileScreen,Email copied to clipboard,ईमेल कॉपी हो गया,email copy ho gaya,,Needs human review
profile_email_linked,ProfileScreen,Linked to your account.,आपके अकाउंट से लिंक है।,aapke account se link hai.,,Needs human review
profile_explore_premium,ProfileScreen,Explore Premium,Premium देखें,Premium dekhein,Latin text in Hindi: inspect names/technical terms,Needs human review
profile_footer_version,ProfileScreen,© 2026 SAFAR • Version 1.0.4,© 2026 SAFAR • Version 1.0.4,© 2026 SAFAR • Version 1.0.4,Latin text in Hindi: inspect names/technical terms,Needs human review
profile_free_plan,ProfileScreen,Free Access Plan,Free Access प्लान,Free Access plan,Latin text in Hindi: inspect names/technical terms,Needs human review
profile_full_name,ProfileScreen,Enter your full name,पूरा नाम,poora naam,,Needs human review
profile_full_name_placeholder,ProfileScreen,Enter your full name,अपना पूरा नाम डालें,apna poora naam daalein,,Needs human review
profile_gender,ProfileScreen,Select gender,जेंडर,gender,,Needs human review
profile_guest,,Guest,मेहमान,Guest,,Needs human review
profile_language_dialog_title,ProfileScreen; SettingsScreen,Select Language / भाषा चुनें,अपनी भाषा चुनें,Apni language choose karein,,Needs human review
profile_language_english,ProfileScreen; SettingsScreen,English,English (अंग्रेजी),English,Latin text in Hindi: inspect names/technical terms,Needs human review
profile_language_hindi,ProfileScreen; SettingsScreen,हिन्दी (Hindi),हिन्दी (Hindi),Hindi,Latin text in Hindi: inspect names/technical terms,Needs human review
profile_language_hinglish,ProfileScreen; SettingsScreen,Language hinglish,Hinglish,Hinglish,Latin text in Hindi: inspect names/technical terms,Needs human review
profile_language_subtitle,,Change app language to English or Hindi,"English, हिंदी या Hinglish चुनें","English, Hindi, ya Hinglish choose karein",Latin text in Hindi: inspect names/technical terms,Needs human review
profile_language_title,SettingsScreen,App Language,ऐप की भाषा,App language,,Needs human review
profile_light_mode,,Light Mode,लाइट मोड,light mode,,Needs human review
profile_logging_out,ProfileScreen,Logging out...,लॉगआउट हो रहा है…,logout ho raha hai…,,Needs human review
profile_logout,ProfileScreen,Logout,लॉगआउट,Logout karein,,Needs human review
profile_logout_confirm,,Are you sure you want to logout?,क्या आप लॉगआउट करना चाहते हैं?,Pakka logout karna hai?,,Needs human review
profile_logout_message,ProfileScreen,Confirm Logout,क्या आप वाकई लॉगआउट करना चाहते हैं? SAFAR फीचर्स इस्तेमाल करने के लिए दोबारा sign in करना होगा।,kya aap vakai logout karna chahte hain? SAFAR features istemal karne ke liye dobara sign in karna hoga.,Latin text in Hindi: inspect names/technical terms,Needs human review
profile_manage_plan,ProfileScreen,Manage Plan,प्लान मैनेज करें,plan manage karein,,Needs human review
profile_night_mode,,Night Mode,नाइट मोड,Night mode,,Needs human review
profile_no_email,,No email set,कोई ईमेल नहीं है,Email set nahi hai,,Needs human review
profile_option_advanced,ProfileScreen,Select preparation stage,एडवांस्ड,Advanced,,Needs human review
profile_option_beginner,ProfileScreen,Select preparation stage,अभी शुरुआत की है,Beginner,,Needs human review
profile_option_female,ProfileScreen,Select gender,महिला,Female,,Needs human review
profile_option_intermediate,ProfileScreen,Select preparation stage,तैयारी चल रही है,Intermediate,,Needs human review
profile_option_male,ProfileScreen,Select gender,पुरुष,Male,,Needs human review
profile_option_mock_tests,ProfileScreen,Select preparation stage,मॉक टेस्ट,Mock Tests,,Needs human review
profile_option_other,ProfileScreen,Select gender,अन्य,Other,,Needs human review
profile_option_other_exam,ProfileScreen,Select target exam,दूसरा एग्ज़ाम,Other Exam,,Needs human review
profile_option_private,ProfileScreen,Select gender,बताना नहीं चाहते,Prefer not to say,,Needs human review
profile_option_revision,ProfileScreen,Select preparation stage,रिविज़न,Revision,,Needs human review
profile_personal_information,ProfileScreen,Personal Information,निजी जानकारी,niji jaankari,,Needs human review
profile_photo,ProfileScreen,Profile photo,प्रोफाइल फोटो,profile photo,,Needs human review
profile_photo_fullscreen,ProfileScreen,"%1$s profile photo, full screen","%1$s की प्रोफाइल फोटो, full screen","%1$s ki profile photo, full screen",Latin text in Hindi: inspect names/technical terms,Needs human review
profile_photo_updated,ProfileScreen,Profile photo updated!,प्रोफाइल फोटो अपडेट हो गई!,Profile photo update ho gayi!,,Needs human review
profile_premium_active,ProfileScreen,Premium subscription active,Premium सब्सक्रिप्शन एक्टिव है,Premium subscription active hai,Latin text in Hindi: inspect names/technical terms,Needs human review
profile_preparation_stage,ProfileScreen,Select preparation stage,तैयारी का स्टेज,taiyari ka stage,,Needs human review
profile_primary_email,ProfileScreen,Primary Email,मुख्य ईमेल,main email,,Needs human review
profile_safar_plus,ProfileScreen,Safar Plus,Safar Plus,Safar Plus,Latin text in Hindi: inspect names/technical terms,Needs human review
profile_safar_premium,ProfileScreen,Safar Premium,Safar Premium,Safar Premium,Latin text in Hindi: inspect names/technical terms,Needs human review
profile_save_content_description,ProfileScreen,Save Profile,प्रोफाइल सेव करें,Profile save karein,,Needs human review
profile_save_profile,ProfileScreen,Save Profile,प्रोफाइल सेव करें,profile save karein,,Needs human review
profile_saved_success,ProfileScreen,Profile saved successfully!,प्रोफाइल सेव हो गई!,Profile save ho gayi!,,Needs human review
profile_section_about,,About,हमारे बारे में,About,,Needs human review
profile_section_settings,SafarDrawer,Settings,सेटिंग्स,Settings,,Needs human review
profile_select_gender,ProfileScreen,Select gender,जेंडर चुनें,gender chunein,,Needs human review
profile_select_preparation_stage,ProfileScreen,Select preparation stage,तैयारी का स्टेज चुनें,taiyari ka stage chunein,,Needs human review
profile_select_target_exam,ProfileScreen,Select target exam,अपना टारगेट एग्ज़ाम चुनें,apna target exam chunein,,Needs human review
profile_support_contact,ProfileScreen,"For support or queries, reach us at:
onesafar@gmail.com • safarparmar0@gmail.com",सपोर्ट या सवालों के लिए संपर्क करें:\nonesafar@gmail.com • safarparmar0@gmail.com,support ya savalom ke liye sampark karein:\nonesafar@gmail.com • safarparmar0@gmail.com,Latin text in Hindi: inspect names/technical terms,Needs human review
profile_target_exam,ProfileScreen,Select target exam,टारगेट एग्ज़ाम,target exam,,Needs human review
profile_title,ProfileScreen,Profile,प्रोफाइल,Profile,,Needs human review
profile_update_details,ProfileScreen,Update your personal and exam details,अपनी प्रोफाइल और एग्ज़ाम की जानकारी अपडेट करें,Apni profile aur exam details update karein,,Needs human review
settings_account_data,SettingsScreen,Account & Data Management,अकाउंट और डेटा,Account & Data Management,,Needs human review
settings_account_subscription,SettingsScreen,Account & Subscription,अकाउंट और सब्सक्रिप्शन,account aur subscription,,Needs human review
settings_admin_tools,SettingsScreen,Admin Tools,एडमिन टूल्स,Admin Tools,,Needs human review
settings_allow_notifications,SettingsScreen,Allow Notifications,नोटिफिकेशन चालू रखें,notification chalu rakhein,,Needs human review
settings_allow_notifications_subtitle,SettingsScreen,Allow Notifications,सभी study alerts और reminders चालू करें,sabhi study alerts aur reminders chalu karein,Latin text in Hindi: inspect names/technical terms,Needs human review
settings_app_permissions,SettingsScreen,App Permissions (%1$d/4) %2$d,ऐप Permissions (%1$d/%2$d),app Permissions (%1$d/%2$d),Latin text in Hindi: inspect names/technical terms,Needs human review
settings_cancel,SettingsScreen,Cancel,कैंसल करें,Cancel,,Needs human review
settings_course_updates,SettingsScreen,Course Updates,Course अपडेट्स,Course updates,Latin text in Hindi: inspect names/technical terms,Needs human review
settings_course_updates_subtitle,SettingsScreen,Course Updates,Live classes और audio के alerts,Live classes aur audio ke alerts,Latin text in Hindi: inspect names/technical terms,Needs human review
settings_daily_reminder,SettingsScreen,Daily Study Reminder,रोज़ का Study Reminder,Daily Study Reminder,Latin text in Hindi: inspect names/technical terms,Needs human review
settings_daily_reminder_subtitle,SettingsScreen,Daily Study Reminder,पढ़ाई शुरू करने के लिए रोज़ reminder पाएं,padhai shuru karne ke liye roz reminder paayein,Latin text in Hindi: inspect names/technical terms,Needs human review
settings_dark_theme,SettingsScreen,Switch between dark and light theme,डार्क थीम,dark theme,,Needs human review
settings_dark_theme_subtitle,SettingsScreen,Switch between dark and light theme,डार्क या लाइट थीम चुनें,dark ya light theme chunein,,Needs human review
settings_delete_account,SettingsScreen,Delete Account & Data,अकाउंट और डेटा डिलीट करें,account aur data delete karein,,Needs human review
settings_delete_account_subtitle,SettingsScreen,Delete Account & Data,"अकाउंट, study history और private data हमेशा के लिए हटाएं","account, study history aur private data hamesha ke liye hataayein",Latin text in Hindi: inspect names/technical terms,Needs human review
settings_display_over_apps,SettingsScreen,Display Over Apps,दूसरे Apps के ऊपर दिखाएं,doosre Apps ke upar dikhayein,Latin text in Hindi: inspect names/technical terms,Needs human review
settings_display_over_apps_subtitle,SettingsScreen,Display Over Apps,Focus shield दिखाने के लिए ज़रूरी,Focus shield dikhne ke liye zaruri,Latin text in Hindi: inspect names/technical terms,Needs human review
settings_explore,SettingsScreen,Explore,देखें,Explore,,Needs human review
settings_footer_version,SettingsScreen,"SAFAR Study Planner & Focus Suite
Version 1.0.4 • Build 104",SAFAR Study Planner & Focus Suite\nVersion 1.0.4 • Build 104,SAFAR Study Planner & Focus Suite\nVersion 1.0.4 • Build 104,Latin text in Hindi: inspect names/technical terms,Needs human review
settings_free_active,SettingsScreen,Standard free features active,स्टैंडर्ड free फीचर्स एक्टिव हैं,staindarda free features active hain,Latin text in Hindi: inspect names/technical terms,Needs human review
settings_got_it,SettingsScreen,Got It,समझ गया,Got it,,Needs human review
settings_grant,KavachPermissionSetup; SettingsScreen,Grant,Allow करें,Allow karein,Latin text in Hindi: inspect names/technical terms,Needs human review
settings_granted,SettingsScreen,Granted,मिल गई,Granted,,Needs human review
settings_kavach_notification_explanation,SettingsScreen,• Notification Shield: Suppresses distracting notifications during active Ekagra focus sessions.,• Notification Shield: Active Ekagra session में distracting notifications रोकता है।,• Notification Shield: Active Ekagra session mein distracting notifications rokta hai.,Latin text in Hindi: inspect names/technical terms,Needs human review
settings_kavach_overlay_explanation,SettingsScreen,• Usage Access: Detects when a distracting app is launched so Kavach can block it.,• Display Over Apps: Distracting apps के ऊपर full-screen focus shield दिखाता है।,• Display Over Apps: Distracting apps ke upar full-screen focus shield dikhaata hai.,Latin text in Hindi: inspect names/technical terms,Needs human review
settings_kavach_permissions,SettingsScreen,Why Kavach Needs Permissions,Kavach को Permissions क्यों चाहिए,Kavach ko Permissions kyon chahiye,Latin text in Hindi: inspect names/technical terms,Needs human review
settings_kavach_permissions_subtitle,SettingsScreen,Why Kavach Needs Permissions,Focus Shield आपकी privacy कैसे बचाता है,Focus Shield aapki privacy kaise bacata hai,Latin text in Hindi: inspect names/technical terms,Needs human review
settings_kavach_privacy_intro,SettingsScreen,• Usage Access: Detects when a distracting app is launched so Kavach can block it.,SAFAR Kavach Android permissions सिर्फ active Ekagra study session में इस्तेमाल करता है:,SAFAR Kavach Android permissions sirf active Ekagra study session mein istemal karta hai:,Latin text in Hindi: inspect names/technical terms,Needs human review
settings_kavach_privacy_promise,SettingsScreen,Your personal data is never transmitted or sold.,आपका personal data कभी भेजा या बेचा नहीं जाता।,aapka personal data kabhi bheja ya beca nahi jaata.,Latin text in Hindi: inspect names/technical terms,Needs human review
settings_kavach_privacy_title,SettingsScreen,Kavach Privacy & Permissions,Kavach प्राइवेसी और Permissions,Kavach privacy aur Permissions,Latin text in Hindi: inspect names/technical terms,Needs human review
settings_kavach_usage_explanation,SettingsScreen,• Usage Access: Detects when a distracting app is launched so Kavach can block it.,• Usage Access: Distracting app खुलने पर पहचानता है ताकि Kavach उसे ब्लॉक कर सके।,• Usage Access: Distracting app khulne par pehchaanta hai taaki Kavach use block kar sake.,Latin text in Hindi: inspect names/technical terms,Needs human review
settings_legal_information,SettingsScreen,Legal & Information,कानूनी जानकारी,Legal & Information,,Needs human review
settings_link_failed,SettingsScreen,Could not open link,लिंक नहीं खुल पाया,link nahi khula paaya,,Needs human review
settings_manage,SettingsScreen,Manage,मैनेज करें,Manage,,Needs human review
settings_mehfil_replies,SettingsScreen,Mehfil Replies,Mehfil रिप्लाई,Mehfil Replies,Latin text in Hindi: inspect names/technical terms,Needs human review
settings_mehfil_replies_subtitle,SettingsScreen,Mehfil Replies,आपकी post पर reply आने पर alert पाएं,aapki post par reply aane par alert paayein,Latin text in Hindi: inspect names/technical terms,Needs human review
settings_notification_composer,SettingsScreen,Notification Composer,नोटिफिकेशन बनाएं,notification banayein,,Needs human review
settings_notification_composer_subtitle,SettingsScreen,Notification Composer,सभी जुड़े students को push alert भेजें,sabhi jure students ko push alert bhejein,Latin text in Hindi: inspect names/technical terms,Needs human review
settings_notification_shield,SettingsScreen,Notification Shield,Notification Shield,Notification Shield,Latin text in Hindi: inspect names/technical terms,Needs human review
settings_notification_shield_subtitle,SettingsScreen,Notification Shield,फोकस के दौरान distracting notifications रोकता है,focus ke dauraan distracting notifications rokta hai,Latin text in Hindi: inspect names/technical terms,Needs human review
settings_plus_plan,SettingsScreen,Safar Plus Plan,Safar Plus प्लान,Safar Plus plan,Latin text in Hindi: inspect names/technical terms,Needs human review
settings_preferences_appearance,SettingsScreen,Preferences & Appearance,पसंद और ऐप का लुक,Preferences & Appearance,,Needs human review
settings_premium_active,SettingsScreen,Safar Premium Active,Safar Premium एक्टिव है,Safar Premium active hai,Latin text in Hindi: inspect names/technical terms,Needs human review
settings_premium_unlocked,SettingsScreen,All AI planning and analytics features unlocked,सभी AI planning और analytics फीचर्स अनलॉक हैं,sabhi AI planning aur analytics features unlock hain,Latin text in Hindi: inspect names/technical terms,Needs human review
settings_privacy_policy,SettingsScreen,Privacy Policy,प्राइवेसी पॉलिसी,Privacy Policy,,Needs human review
settings_privacy_policy_subtitle,SettingsScreen,Privacy Policy,SAFAR आपका डेटा कैसे सुरक्षित रखता है,SAFAR aapka data kaise safe rakhta hai,Latin text in Hindi: inspect names/technical terms,Needs human review
settings_reminder_time,SettingsScreen,Reminder Time,Reminder का समय,Reminder ka samay,Latin text in Hindi: inspect names/technical terms,Needs human review
settings_save_time,SettingsScreen,Save Time,समय सेव करें,samay save karein,,Needs human review
settings_select_reminder_time,SettingsScreen,Select Reminder Time,Reminder का समय चुनें,Reminder ka samay chunein,Latin text in Hindi: inspect names/technical terms,Needs human review
settings_streak_warning,SettingsScreen,Alert 2 hours before losing daily streak,Streak खत्म होने की चेतावनी,Streak khatam hone ki warning,Latin text in Hindi: inspect names/technical terms,Needs human review
settings_streak_warning_subtitle,SettingsScreen,Alert 2 hours before losing daily streak,Daily streak खत्म होने से दो घंटे पहले alert पाएं,Daily streak khatam hone se do ghante pehle alert paayein,Latin text in Hindi: inspect names/technical terms,Needs human review
settings_study_notifications,SettingsScreen,Study Notifications,पढ़ाई के नोटिफिकेशन,Study Notifications,,Needs human review
settings_subtitle,SettingsScreen,"Customize theme, notifications, and permissions","थीम, नोटिफिकेशन और permissions अपनी पसंद से सेट करें","theme, notification aur permissions apni pasand se set karein",Latin text in Hindi: inspect names/technical terms,Needs human review
settings_system_notifications,SettingsScreen,System Notifications,System Notifications,System Notifications,Latin text in Hindi: inspect names/technical terms,Needs human review
settings_system_notifications_subtitle,SettingsScreen,System Notifications,Timer और study alerts के लिए ज़रूरी,Timer aur study alerts ke liye zaruri,Latin text in Hindi: inspect names/technical terms,Needs human review
settings_terms,SettingsScreen,Terms of Service,सेवा की शर्तें,Terms of Service,,Needs human review
settings_terms_subtitle,SettingsScreen,Terms of Service,End User License Agreement और rules,End User License Agreement aur rules,Latin text in Hindi: inspect names/technical terms,Needs human review
settings_timer_updates,SettingsScreen,Ekagra Timer Updates,Ekagra टाइमर अपडेट्स,Ekagra timer updates,Latin text in Hindi: inspect names/technical terms,Needs human review
settings_timer_updates_subtitle,SettingsScreen,Ekagra Timer Updates,Study timer के sound और vibration alerts,Study timer ke sound aur vibration alerts,Latin text in Hindi: inspect names/technical terms,Needs human review
settings_title,EkagraModels; SettingsScreen,Settings,सेटिंग्स,Settings,,Needs human review
settings_usage_access,SettingsScreen,Usage Access,Usage Access,Usage Access,Latin text in Hindi: inspect names/technical terms,Needs human review
settings_usage_access_subtitle,SettingsScreen,Usage Access,Focus app tracking के लिए ज़रूरी,Focus app tracking ke liye zaruri,Latin text in Hindi: inspect names/technical terms,Needs human review
splash_marks_mind,SplashScreen,"Your Marks Matter, But So Does Your Mind","मार्क्स ज़रूरी हैं, पर आपका मन भी उतना ही ज़रूरी है","marks zaruri hain, par aapka mann bhi utna hi zaruri hai",,Needs human review
splash_start_safar,SafarOnboardingScreen,Start Safar,सफर शुरू करें,Apna SAFAR shuru karein,,Needs human review
splash_tagline,,"Your marks matter, but so does your mind.","मार्क्स मायने रखते हैं, लेकिन आपका मन भी।","Marks maayne rakhte hain, lekin aapka mann bhi.",,Needs human review
splash_title,,सफर,सफर,Safar,,Needs human review
streaks_amazing,,Amazing! Keep it up!,बहुत बढ़िया! ऐसे ही लगे रहें!,bahut badhiya! aise hi lage rahein!,,Needs human review
streaks_avg_focus_score,StreaksScreen,Average Ekagra Score,औसत एकाग्रता स्कोर,ausat ekagrata score,,Needs human review
streaks_checkin_label,StreaksScreen,Check-In Streak,चेक-इन का क्रम,check-in ka streak,,Needs human review
streaks_consistency_trend,StreaksScreen,Goal Consistency Trend,लक्ष्य की निरंतरता का ट्रेंड,goal ki nirantarta ka trend,,Needs human review
streaks_current_label,,Current Streak,सक्रियता का क्रम,sakriyataa ka streak,,Needs human review
streaks_current_value,,7 days,7 दिन,7 din,,Needs human review
streaks_days_unit,StreaksScreen,days,दिन,din,,Needs human review
streaks_header_subtitle,StreaksScreen,Consistency is key to building sustainable habits. Monitor your progress below.,अच्छी आदतें बनाने के लिए निरंतरता ज़रूरी है। अपनी प्रगति नीचे देखें।,acchi aadatein banane ke liye nirantarta zaruri hai. apni progress neeche dekhein.,,Needs human review
streaks_header_title,StreaksScreen,Keep the fire burning!,जोश बनाए रखें!,josh banaye rakhein!,,Needs human review
streaks_keep_it_up,,Keep it up!,लगे रहो!,lage raho!,,Needs human review
streaks_login_label,,Login Streak,लॉगिन का क्रम,login ka streak,,Needs human review
streaks_longest_label,,Longest Streak,सबसे लंबा क्रम,sabse lamba streak,,Needs human review
streaks_longest_value,,21 days,21 दिन,21 din,,Needs human review
streaks_monthly_health,StreaksScreen,Monthly Health,मासिक स्वास्थ्य,maasik swasthya,,Needs human review
streaks_start_today,StreaksScreen,Start your streak today!,आज ही अपना क्रम शुरू करें!,aaj hi apna streak shuru karein!,,Needs human review
streaks_this_week,,This Week,इस हफ्ते,is hafte,,Needs human review
streaks_trend_subtitle,StreaksScreen,Your goal completion over the last 7 days,पिछले 7 दिनों में आपके पूरे हुए लक्ष्य,pichhle 7 dinon mein aapke pure hue goal,,Needs human review
study_circle_accept,StudyCircleScreen,Accept,Accept करें,Accept karein,Latin text in Hindi: inspect names/technical terms,Needs human review
study_circle_archive_description,StudyCircleScreen,You will lose access to this circle and its leaderboard.,"आप आख़िरी member हैं, इसलिए circle archive हो जाएगा।","aap akhiri member hain, isliye circle archive ho jaayega.",Latin text in Hindi: inspect names/technical terms,Needs human review
study_circle_by_owner_members,StudyCircleScreen,By %1$s · %2$d members,%1$s का · %2$d members,%1$s ka · %2$d members,Latin text in Hindi: inspect names/technical terms,Needs human review
study_circle_by_owner_one_member,StudyCircleScreen,By %1$s · %2$d member,%1$s का · %2$d member,%1$s ka · %2$d member,Latin text in Hindi: inspect names/technical terms,Needs human review
study_circle_clear_search,StudyCircleScreen,Clear search,Search हटाएं,Search hataayein,Latin text in Hindi: inspect names/technical terms,Needs human review
study_circle_code_example,StudyCircleScreen,e.g. JEE Morning Circle,जैसे ABC234,jaise ABC234,Latin text in Hindi: inspect names/technical terms,Needs human review
study_circle_connect,StudyCircleScreen,Connect (Premium),Connect करें,Connect karein,Latin text in Hindi: inspect names/technical terms,Needs human review
study_circle_connect_premium,StudyCircleScreen,Connect (Premium),Connect करें (Premium),Connect karein (Premium),Latin text in Hindi: inspect names/technical terms,Needs human review
study_circle_connection_requests,StudyCircleScreen,Connection Requests,Connection requests,Connection requests,Latin text in Hindi: inspect names/technical terms,Needs human review
study_circle_copied,StudyCircleScreen,Copied!,Copy हो गया!,Copy ho gaya!,Latin text in Hindi: inspect names/technical terms,Needs human review
study_circle_copy,StudyCircleScreen,Copy,Copy करें,Copy karein,Latin text in Hindi: inspect names/technical terms,Needs human review
study_circle_create,StudyCircleScreen,Create,बनाएं,banayein,,Needs human review
study_circle_create_circle,StudyCircleScreen,Create circle,Circle बनाएं,Circle banayein,Latin text in Hindi: inspect names/technical terms,Needs human review
study_circle_create_subtitle,StudyCircleScreen,Create a Study Circle,नाम चुनें और तय करें कि circle कौन join कर सकता है।,naam chunein aur tay karein ki circle kaun join kar sakta hai.,Latin text in Hindi: inspect names/technical terms,Needs human review
study_circle_create_title,StudyCircleScreen,Create a Study Circle,Study Circle बनाएं,Study Circle banayein,Latin text in Hindi: inspect names/technical terms,Needs human review
study_circle_created_by,StudyCircleScreen,Created by %1$s,%1$s ने बनाया,%1$s ne banaya,,Needs human review
study_circle_creating,StudyCircleScreen,Creating…,बन रहा है…,bana raha hai…,,Needs human review
study_circle_decline,StudyCircleScreen,Decline,Decline करें,Decline karein,Latin text in Hindi: inspect names/technical terms,Needs human review
study_circle_delete_circle,StudyCircleScreen,Delete circle,Circle delete करें,Circle delete karein,Latin text in Hindi: inspect names/technical terms,Needs human review
study_circle_delete_description,StudyCircleScreen,Leave and archive circle? %1$s,“%1$s” को delete करें? सभी members हट जाएंगे और इसे undo नहीं किया जा सकेगा।,“%1$s” ko delete karein? sabhi members hata jaayenge aur ise undo nahi kiya ja sakega.,Latin text in Hindi: inspect names/technical terms,Needs human review
study_circle_delete_title,StudyCircleScreen,Delete Study Circle?,Study Circle delete करें?,Study Circle delete karein?,Latin text in Hindi: inspect names/technical terms,Needs human review
study_circle_direct_messaging,StudyCircleScreen,Direct student messaging,Direct student messaging,Direct student messaging,Latin text in Hindi: inspect names/technical terms,Needs human review
study_circle_edit_name,StudyCircleScreen,Edit circle name,Circle का नाम बदलें,Circle ka naam badlein,Latin text in Hindi: inspect names/technical terms,Needs human review
study_circle_edit_name_help,StudyCircleScreen,Enter a new name for your study circle (3–%1$d characters).,Study circle का नया नाम डालें (3–%1$d characters)।,Study circle ka naya naam daalein (3–%1$d characters).,Latin text in Hindi: inspect names/technical terms,Needs human review
study_circle_edit_name_title,StudyCircleScreen,Edit Circle Name,Circle का नाम बदलें,Circle ka naam badlein,Latin text in Hindi: inspect names/technical terms,Needs human review
study_circle_focus_one_session,StudyCircleScreen,0m · Not focused today %1$s %2$d,%1$s · %2$d session,%1$s · %2$d session,Latin text in Hindi: inspect names/technical terms,Needs human review
study_circle_focus_sessions,StudyCircleScreen,0m · Not focused today %1$s %2$d,%1$s · %2$d sessions,%1$s · %2$d sessions,Latin text in Hindi: inspect names/technical terms,Needs human review
study_circle_focus_time,StudyCircleScreen,Focus Time,Focus time,Focus time,Latin text in Hindi: inspect names/technical terms,Needs human review
study_circle_focusing,StudyCircleScreen,Focusing,Focus कर रहे हैं,Focus kar rahe hain,Latin text in Hindi: inspect names/technical terms,Needs human review
study_circle_focusing_now,StudyCircleScreen,Focusing now,अभी focus कर रहे हैं,abhi focus kar rahe hain,Latin text in Hindi: inspect names/technical terms,Needs human review
study_circle_invite_code,StudyCircleScreen,Invite Code,Invite code,Invite code,Latin text in Hindi: inspect names/technical terms,Needs human review
study_circle_join,StudyCircleScreen,Join,Join करें,Join karein,Latin text in Hindi: inspect names/technical terms,Needs human review
study_circle_join_circle,StudyCircleScreen,Join Circle,Circle join करें,Circle join karein,Latin text in Hindi: inspect names/technical terms,Needs human review
study_circle_join_code_subtitle,StudyCircleScreen,Create a Study Circle,Circle organizer से मिला 6-character code डालें।,Circle organizer se mila 6-character code daalein.,Latin text in Hindi: inspect names/technical terms,Needs human review
study_circle_join_code_title,StudyCircleScreen,Join with code,Code से join करें,Code se join karein,Latin text in Hindi: inspect names/technical terms,Needs human review
study_circle_join_with_code,StudyCircleScreen,Join with code,Code से join करें,Code se join karein,Latin text in Hindi: inspect names/technical terms,Needs human review
study_circle_joined,StudyCircleScreen,Open circle,सर्कल खोलें,Circle kholein,,Needs human review
study_circle_joining,StudyCircleScreen,Joining…,Join हो रहा है…,Join ho raha hai…,Latin text in Hindi: inspect names/technical terms,Needs human review
study_circle_leave_archive_title,StudyCircleScreen,Leave and archive circle?,Circle छोड़कर archive करें?,Circle chhodkar archive karein?,Latin text in Hindi: inspect names/technical terms,Needs human review
study_circle_leave_circle,StudyCircleScreen,Leave circle,Circle छोड़ें,Circle chhodein,Latin text in Hindi: inspect names/technical terms,Needs human review
study_circle_leave_description,StudyCircleScreen,You will lose access to this circle and its leaderboard.,इस circle और leaderboard का access चला जाएगा।,is circle aur leaderboard ka access chala jaayega.,Latin text in Hindi: inspect names/technical terms,Needs human review
study_circle_leave_title,StudyCircleScreen,Leave and archive circle?,यह circle छोड़ें?,yeh circle chhodein?,Latin text in Hindi: inspect names/technical terms,Needs human review
study_circle_leave_transfer_title,StudyCircleScreen,Leave and transfer ownership?,Circle छोड़कर ownership transfer करें?,Circle chhodkar ownership transfer karein?,Latin text in Hindi: inspect names/technical terms,Needs human review
study_circle_limit_info,StudyCircleScreen,5-circle limit reached. Leave one to add another.,आप 5 circles तक join कर सकते हैं। Private circle में 100 members हो सकते हैं।,aap 5 circles tak join kar sakte hain. Private circle mein 100 members ho sakte hain.,Latin text in Hindi: inspect names/technical terms,Needs human review
study_circle_limit_reached,StudyCircleScreen,5-circle limit reached. Leave one to add another.,5 circles की limit पूरी हो गई है। नया जोड़ने के लिए एक छोड़ें।,5 circles ki limit poori ho gayi hai. naya jodne ke liye ek chhodein.,Latin text in Hindi: inspect names/technical terms,Needs human review
study_circle_live_count,StudyCircleScreen,Live count %1$d,%1$d लाइव,%1$d live,,Needs human review
study_circle_live_duration,StudyCircleScreen,Focusing now %1$s,Live · %1$s,Live · %1$s,Latin text in Hindi: inspect names/technical terms,Needs human review
study_circle_make_private,StudyCircleScreen,Make circle private,Circle private करें,Circle private karein,Latin text in Hindi: inspect names/technical terms,Needs human review
study_circle_make_public,StudyCircleScreen,Make circle public,Circle public करें,Circle public karein,Latin text in Hindi: inspect names/technical terms,Needs human review
study_circle_members_count,StudyCircleScreen,Members count %1$d,%1$d members,%1$d members,Latin text in Hindi: inspect names/technical terms,Needs human review
study_circle_members_focusing_now,StudyCircleScreen,1 member focusing right now %1$d,अभी %1$d members focus कर रहे हैं,abhi %1$d members focus kar rahe hain,Latin text in Hindi: inspect names/technical terms,Needs human review
study_circle_members_limit,StudyCircleScreen,Members limit %1$d %2$d,%1$d/%2$d members,%1$d/%2$d members,Latin text in Hindi: inspect names/technical terms,Needs human review
study_circle_members_official,StudyCircleScreen,Members official %1$d,%1$d members · Official,%1$d members · Official,Latin text in Hindi: inspect names/technical terms,Needs human review
study_circle_name_example,StudyCircleScreen,e.g. JEE Morning Circle,जैसे JEE Morning Circle,jaise JEE Morning Circle,Latin text in Hindi: inspect names/technical terms,Needs human review
study_circle_no_match,StudyCircleScreen,No study circles are available yet. %1$s,“%1$s” नाम का कोई circle नहीं मिला।,“%1$s” naam ka koi circle nahi mila.,Latin text in Hindi: inspect names/technical terms,Needs human review
study_circle_no_pending_requests,StudyCircleScreen,No pending requests,कोई pending request नहीं है,koi pending request nahi hai,Latin text in Hindi: inspect names/technical terms,Needs human review
study_circle_none_available,StudyCircleScreen,No study circles are available yet.,अभी कोई study circle available नहीं है।,abhi koi study circle available nahi hai.,Latin text in Hindi: inspect names/technical terms,Needs human review
study_circle_none_joined,StudyCircleScreen,You have not joined a circle yet.,आपने अभी कोई circle join नहीं किया है।,apne abhi koi circle join nahi kiya hai.,Latin text in Hindi: inspect names/technical terms,Needs human review
study_circle_not_focused_today,StudyCircleScreen,0m · Not focused today,0m · आज focus नहीं किया,0m · aaj focus nahi kiya,Latin text in Hindi: inspect names/technical terms,Needs human review
study_circle_not_found,StudyCircleScreen,Circle not found,Circle नहीं मिला,Circle nahi mila,Latin text in Hindi: inspect names/technical terms,Needs human review
study_circle_official,StudyCircleScreen,Official,Official,Official,Latin text in Hindi: inspect names/technical terms,Needs human review
study_circle_official_circle,StudyCircleScreen,Official circle,Official circle,Official circle,Latin text in Hindi: inspect names/technical terms,Needs human review
study_circle_one_focusing_now,StudyCircleScreen,1 member focusing right now %1$d,अभी %1$d member focus कर रहा है,abhi %1$d member focus kar raha hai,Latin text in Hindi: inspect names/technical terms,Needs human review
study_circle_one_student_connect,StudyCircleScreen,%1$d student wants to connect,%1$d student connect करना चाहता है,%1$d student connect karna cahata hai,Latin text in Hindi: inspect names/technical terms,Needs human review
study_circle_open,StudyCircleScreen,Open,खोलें,kholein,,Needs human review
study_circle_open_chats,StudyCircleScreen,Open chats,Chats खोलें,Chats kholein,Latin text in Hindi: inspect names/technical terms,Needs human review
study_circle_open_circle,StudyCircleScreen,Open circle,Circle खोलें,Circle kholein,Latin text in Hindi: inspect names/technical terms,Needs human review
study_circle_organizer,StudyCircleScreen,Organizer,Organizer,Organizer,Latin text in Hindi: inspect names/technical terms,Needs human review
study_circle_our_official,StudyCircleScreen,Our Official Circles,हमारे official circles,hamare official circles,Latin text in Hindi: inspect names/technical terms,Needs human review
study_circle_owner,StudyCircleScreen,Owner,Owner,Owner,Latin text in Hindi: inspect names/technical terms,Needs human review
study_circle_pin_official,StudyCircleScreen,Pin as official circle,Official circle के रूप में pin करें,Official circle ke roop mein pin karein,Latin text in Hindi: inspect names/technical terms,Needs human review
study_circle_pinned_count,StudyCircleScreen,Our Official Circles %1$d,%1$d/5 pinned,%1$d/5 pinned,Latin text in Hindi: inspect names/technical terms,Needs human review
study_circle_preview_join_help,StudyCircleScreen,Previewing Public Circle,Focus sessions log करने और leaderboard पर compete करने के लिए join करें।,Focus sessions log karne aur leaderboard par compete karne ke liye join karein.,Latin text in Hindi: inspect names/technical terms,Needs human review
study_circle_previewing_public,StudyCircleScreen,Previewing Public Circle,Public circle का preview,Public circle ka preview,Latin text in Hindi: inspect names/technical terms,Needs human review
study_circle_private_circle,StudyCircleScreen,Private circle,Private circle,Private circle,Latin text in Hindi: inspect names/technical terms,Needs human review
study_circle_private_explanation,StudyCircleScreen,Only people with the invite code can join.,सिर्फ invite code वाले लोग join कर सकते हैं।,sirf invite code waale log join kar sakte hain.,Latin text in Hindi: inspect names/technical terms,Needs human review
study_circle_public_circle,StudyCircleScreen,Public circle,Public circle,Public circle,Latin text in Hindi: inspect names/technical terms,Needs human review
study_circle_public_explanation,StudyCircleScreen,Only people with the invite code can join.,SAFAR में signed-in कोई भी इसे ढूंढकर join कर सकता है।,SAFAR mein signed-in koi bhi ise dhundhakara join kar sakta hai.,Latin text in Hindi: inspect names/technical terms,Needs human review
study_circle_rank,StudyCircleScreen,#%1$d Rank,#%1$d rank,#%1$d rank,Latin text in Hindi: inspect names/technical terms,Needs human review
study_circle_rankings,StudyCircleScreen,Circle Rankings,Circle rankings,Circle rankings,Latin text in Hindi: inspect names/technical terms,Needs human review
study_circle_refresh_circles,StudyCircleScreen,Refresh circles,Circles refresh करें,Circles refresh karein,Latin text in Hindi: inspect names/technical terms,Needs human review
study_circle_remove_description,StudyCircleScreen,Leave this circle?,इस person का member list और leaderboard access हट जाएगा।,is person ka member list aur leaderboard access hata jaayega.,Latin text in Hindi: inspect names/technical terms,Needs human review
study_circle_remove_member,StudyCircleScreen,Remove member,Member हटाएं,Member hataayein,Latin text in Hindi: inspect names/technical terms,Needs human review
study_circle_remove_person,StudyCircleScreen,Remove person %1$s,%1$s को हटाएं,%1$s ko hataayein,,Needs human review
study_circle_remove_title,StudyCircleScreen,Remove %1$s?,%1$s को हटाएं?,%1$s ko hataayein?,,Needs human review
study_circle_rename_example,StudyCircleScreen,e.g. UPSC Champions 2026,जैसे UPSC Champions 2026,jaise UPSC Champions 2026,Latin text in Hindi: inspect names/technical terms,Needs human review
study_circle_renamed_to,StudyCircleScreen,"Renamed to ""%1$s""",नाम बदलकर “%1$s” किया,naam badalakara “%1$s” kiya,,Needs human review
study_circle_requests_help,StudyCircleScreen,"When someone sends a chat request from Study Circles or Mehfil, you can accept here and start talking.","Study Circles या Mehfil से कोई chat request भेजे, तो आप यहीं accept करके बात शुरू कर सकते हैं।","Study Circles ya Mehfil se koi chat request bheje, to aap yahin accept karke baat shuru kar sakte hain.",Latin text in Hindi: inspect names/technical terms,Needs human review
study_circle_search,StudyCircleScreen,Search public circles by name,खोजें,khojein,,Needs human review
study_circle_search_placeholder,StudyCircleScreen,Search public circles by name,नाम से public circles खोजें,naam se public circles khojein,Latin text in Hindi: inspect names/technical terms,Needs human review
study_circle_share_code_help,StudyCircleScreen,Share this code with friends to join this circle.,दोस्तों को यह code भेजें ताकि वे circle join कर सकें।,doston ko yeh code bhejein taaki ve circle join kar sakein.,Latin text in Hindi: inspect names/technical terms,Needs human review
study_circle_show_more,StudyCircleScreen,Show more circles,और circles देखें,aur circles dekhein,Latin text in Hindi: inspect names/technical terms,Needs human review
study_circle_streak_needed,StudyCircleScreen,%1$d-day check-in streak needed to create circles.,Circle बनाने के लिए %1$d दिन की check-in streak चाहिए।,Circle banane ke liye %1$d din ki check-in streak chahiye.,Latin text in Hindi: inspect names/technical terms,Needs human review
study_circle_students_connect,StudyCircleScreen,%1$d students want to connect,%1$d students connect करना चाहते हैं,%1$d students connect karna chahte hain,Latin text in Hindi: inspect names/technical terms,Needs human review
study_circle_tab_all,StudyCircleScreen,All (%1$d),सभी (%1$d),sabhi (%1$d),,Needs human review
study_circle_tab_yours,StudyCircleScreen,Yours (%1$d),आपके (%1$d),aapke (%1$d),,Needs human review
study_circle_tap_to_rename,StudyCircleScreen,Tap to rename,नाम बदलने के लिए tap करें,naam badalane ke liye tap karein,Latin text in Hindi: inspect names/technical terms,Needs human review
study_circle_title,MehfilTabs; StudyCircleScreen,Study Circle,Study Circle,Study Circle,Latin text in Hindi: inspect names/technical terms,Needs human review
study_circle_transfer_description,StudyCircleScreen,You will lose access to this circle and its leaderboard.,सबसे पुराना active member नया owner बन जाएगा।,sabse purana active member naya owner bana jaayega.,Latin text in Hindi: inspect names/technical terms,Needs human review
study_circle_unpin_official,StudyCircleScreen,Unpin official circle,Official circles से unpin करें,Official circles se unpin karein,Latin text in Hindi: inspect names/technical terms,Needs human review
study_circle_wants_to_connect,StudyCircleScreen,Wants to connect,Connect करना चाहते हैं,Connect karna chahte hain,Latin text in Hindi: inspect names/technical terms,Needs human review
study_circle_you,LeaderboardScreen; StudyCircleScreen,YOU,आप,aap,,Needs human review
support_afternoon,SupportScreen,Afternoon,दोपहर,dopahara,,Needs human review
support_already_open,SupportViewModel,You already have an open request,आपकी एक रिक्वेस्ट पहले से खुली है,aapki ek request pehle se khuli hai,,Needs human review
support_anytime,SupportScreen,Anytime,कभी भी,kabhi bhi,,Needs human review
support_ask_volunteer,SupportScreen,Request a callback from a SAFAR volunteer.,SAFAR volunteer से call करने की request भेजें।,SAFAR volunteer se call karne ki request bhejein.,Latin text in Hindi: inspect names/technical terms,Needs human review
support_asked_before,SupportScreen,Have you asked for support before?,पहले भी support माँगा है?,pehle bhi support mamga hai?,Latin text in Hindi: inspect names/technical terms,Needs human review
support_best_time,SupportScreen,Best time to call,Call का best time,Call ka best time,Latin text in Hindi: inspect names/technical terms,Needs human review
support_callbacks_closed,SupportScreen,Callbacks are currently closed,Callbacks अभी open नहीं हैं,Callbacks abhi open nahi hain,Latin text in Hindi: inspect names/technical terms,Needs human review
support_can_wait,SupportScreen,I can wait,मैं wait कर सकता/सकती हूँ,Main wait kar sakta/sakti hoon,Latin text in Hindi: inspect names/technical terms,Needs human review
support_check_answers,SupportViewModel,Please check your answers and try again,अपने जवाब चेक करके फिर कोशिश करें,apne javaab check karke phir koshish karein,,Needs human review
support_check_back_emergency,SupportScreen,Please check back later. In danger? Contact your local emergency services or a trusted person nearby.,थोड़ी देर बाद फिर देखें। अभी खतरे में हैं? Local emergency service या पास के किसी भरोसेमंद व्यक्ति से संपर्क करें।,Thodi der baad phir dekhein. Abhi khatre mein hain? Local emergency service ya paas ke kisi bharosemand insaan se sampark karein.,Latin text in Hindi: inspect names/technical terms,Needs human review
support_current_request,SupportScreen,Current request,Current request,Current request,Latin text in Hindi: inspect names/technical terms,Needs human review
support_emergency_notice,SupportScreen,This is not an emergency service. In danger? Contact your local emergency services or a trusted person nearby.,यह emergency service नहीं है। अभी खतरे में हैं? Local emergency service या पास के किसी भरोसेमंद व्यक्ति से संपर्क करें।,yeh emergency service nahi hai. abhi khatare mein hain? Local emergency service ya paas ke kisi bharosemanda person se sampark karein.,Latin text in Hindi: inspect names/technical terms,Needs human review
support_empty_response,SupportViewModel,No response received,कोई जवाब नहीं मिला,koi javaab nahi mila,,Needs human review
support_evening,SupportScreen,Evening,शाम,sama,,Needs human review
support_feedback_failed,SupportViewModel,Could not send feedback,फ़ीडबैक नहीं भेज पाए,feedback nahi bheja paaye,,Needs human review
support_feedback_received,SupportScreen,Thank you. Your feedback has been received.,धन्यवाद। आपका feedback मिल गया।,dhanyavada. aapka feedback mila gaya.,Latin text in Hindi: inspect names/technical terms,Needs human review
support_feedback_thanks,SupportViewModel,Thank you for your feedback,फ़ीडबैक के लिए शुक्रिया,feedback ke liye sukriya,,Needs human review
support_first_time,SupportScreen,"No, first time","नहीं, पहली बार","nahi, pahali baar",,Needs human review
support_how_soon,SupportScreen,How soon?,कितनी जल्दी?,kitni jaldi?,,Needs human review
support_learn_more,SupportScreen,Learn more,और जानें,aur jaanein,,Needs human review
support_load_error,SupportScreen,Could not load your requests.,आपकी requests load नहीं हो पाईं।,Aapki requests load nahi ho paayi.,Latin text in Hindi: inspect names/technical terms,Needs human review
support_load_failed,SupportViewModel,Could not load requests. Please retry.,रिक्वेस्ट लोड नहीं हुईं। फिर कोशिश करें।,request load nahi hui. phir koshish karein.,,Needs human review
support_marked_urgent,SupportScreen; SupportViewModel,Marked as urgent. A team member may not have read this yet.,Urgent mark कर दिया है। हो सकता है team member ने अभी इसे पढ़ा न हो।,Urgent mark kar diya hai. ho sakta hai team member ne abhi ise padh na ho.,Latin text in Hindi: inspect names/technical terms,Needs human review
support_morning,SupportScreen,Morning,सुबह,subah,,Needs human review
support_need_help_sooner,SupportScreen,I need help sooner,मुझे जल्दी मदद चाहिए,mujhe jaldi madad chahiye,,Needs human review
support_optional_comment,SupportScreen,Optional comment,Optional comment,Optional comment,Latin text in Hindi: inspect names/technical terms,Needs human review
support_phone_help,SupportScreen,The support team will call you on this number.,Support team इसी number पर आपको call करेगी।,Support team isi number par aapko call karegi.,Latin text in Hindi: inspect names/technical terms,Needs human review
support_phone_number,SupportScreen,Phone number,Phone number,Phone number,Latin text in Hindi: inspect names/technical terms,Needs human review
support_preferred_callback,SupportScreen,Preferred callback: %1$s,Preferred callback: %1$s,Preferred callback: %1$s,Latin text in Hindi: inspect names/technical terms,Needs human review
support_previous_requests,SupportScreen,Previous requests,Previous requests,Previous requests,Latin text in Hindi: inspect names/technical terms,Needs human review
support_process_explanation,SupportScreen,"Our team reads your request and finds an available volunteer. They will try to call during your chosen time, but it may take time and immediate reply is not guaranteed.","हमारी team आपकी request पढ़कर available volunteer ढूंढती है। वे आपके चुने समय पर call की कोशिश करेंगे, लेकिन थोड़ा समय लग सकता है और तुरंत reply की guarantee नहीं है।","hamari team aapki request padhkar available volunteer dhoondhti hai. ve aapke chune samay par call ki koshish karenge, lekin thoda samay lag sakta hai aur turant reply ki guarantee nahi hai.",Latin text in Hindi: inspect names/technical terms,Needs human review
support_rating_of_four,SupportScreen,%1$d out of 4,4 में से %1$d,4 mein se %1$d,,Needs human review
support_request_ended,SupportScreen,This request has ended. Select Current Request to create a new request.,यह request बंद हो चुकी है। नई request के लिए Current request चुनें।,yeh request band ho cuki hai. nai request ke liye Current request chunein.,Latin text in Hindi: inspect names/technical terms,Needs human review
support_request_received,SupportScreen,Request received. Keep your phone nearby around the chosen time.,Request मिल गई। चुने हुए समय पर phone पास रखें।,Request mila gayi. chune hue samay par phone paas rakhein.,Latin text in Hindi: inspect names/technical terms,Needs human review
support_request_sent,SupportViewModel,Request sent,रिक्वेस्ट भेज दी,request bheja di,,Needs human review
support_request_status,SupportScreen,Request Status,Request status,Request status,Latin text in Hindi: inspect names/technical terms,Needs human review
support_send_feedback,SupportScreen,Send Feedback,Feedback भेजें,Feedback bhejein,Latin text in Hindi: inspect names/technical terms,Needs human review
support_send_request,SupportScreen,Send Request,मेरी request भेजें,meri request bhejein,Latin text in Hindi: inspect names/technical terms,Needs human review
support_share_only_want,SupportScreen,Share only as much as you feel comfortable sharing.,उतना ही share करें जितना comfortable लगे।,utna hi share karein jitana comfortable lage.,Latin text in Hindi: inspect names/technical terms,Needs human review
support_show_less,SupportScreen,Show less,कम दिखाएं,kam dikhayein,,Needs human review
support_soon,SupportScreen,Soon,जल्दी,jaldi,,Needs human review
support_status_assigned,SupportScreen,Assigned,Volunteer assign हुआ,Volunteer assign hua,Latin text in Hindi: inspect names/technical terms,Needs human review
support_status_closed,SupportScreen,Closed,बंद,band,,Needs human review
support_status_in_touch,SupportScreen,In Touch,Contact में हैं,Contact mein hain,Latin text in Hindi: inspect names/technical terms,Needs human review
support_status_received,SupportScreen,Received,मिल गई,mila gayi,,Needs human review
support_status_resolved,SupportScreen,Resolved,Resolve हो गई,Resolve ho gayi,Latin text in Hindi: inspect names/technical terms,Needs human review
support_status_reviewed,SupportScreen,Reviewed,Review हो गई,Review ho gayi,Latin text in Hindi: inspect names/technical terms,Needs human review
support_submitted,SupportScreen,Submitted: %1$s,Submitted: %1$s,Submitted: %1$s,Latin text in Hindi: inspect names/technical terms,Needs human review
support_talk_to_someone,SupportScreen,Talk to someone,किसी से बात करें,kisi se baat karein,,Needs human review
support_update_failed,SupportViewModel,Could not update request,रिक्वेस्ट अपडेट नहीं हुई,request update nahi hui,,Needs human review
support_urgent,SupportScreen,Urgent,Urgent,Urgent,Latin text in Hindi: inspect names/technical terms,Needs human review
support_very_urgent,SupportScreen,Very urgent,बहुत urgent,bahut urgent,Latin text in Hindi: inspect names/technical terms,Needs human review
support_was_helpful,SupportScreen,Was this helpful?,क्या यह helpful था?,kya yeh helpful tha?,Latin text in Hindi: inspect names/technical terms,Needs human review
support_whats_going_on,SupportScreen,What\'s going on?,क्या चल रहा है?,kya chala raha hai?,,Needs human review
tour_ambient_message,TourSteps,Tap the music icon to open the audio library.,Audio library खोलने के लिए music icon tap करें।,Audio library kholne ke liye music icon tap karein.,Latin text in Hindi: inspect names/technical terms,Needs human review
tour_ambient_title,TourSteps,Ambient Sound,Ambient sound,Ambient sound,Latin text in Hindi: inspect names/technical terms,Needs human review
tour_analytics_message,TourSteps,"View your weekly patterns, mood trends, and progress charts here.","Weekly patterns, mood trends और progress charts यहाँ देखें।","Weekly patterns, mood trends aur progress charts yahan dekhein.",Latin text in Hindi: inspect names/technical terms,Needs human review
tour_analytics_title,TourSteps,Analytics,Analytics,Analytics,Latin text in Hindi: inspect names/technical terms,Needs human review
tour_ask_accept,,"Yes, show me around!","हाँ, दिखाओ!","ham, dikhao!",,Needs human review
tour_ask_body_primary,,Would you like me to show you around?,क्या मैं आपको ऐप घुमाऊँ?,Kya main aapko app dikhaun?,,Needs human review
tour_ask_body_secondary_highlight,,the main features,मुख्य फीचर्स,main features,,Needs human review
tour_ask_body_secondary_prefix,,I\'ll highlight,मैं आपको,main aapko,,Needs human review
tour_ask_body_secondary_suffix,,- you can skip or close the tour any time.,दिखाऊँगी - आप इसे कभी भी छोड़ या बंद कर सकते हैं।,dikhaungi — aap ise kabhi bhi skip ya band kar sakte hain.,,Needs human review
tour_ask_decline,,"No thanks, I\'ll explore myself","नहीं, मैं खुद देख लूँगा","nahi, main khud dekha lumga",,Needs human review
tour_ask_title,,"Hi, I\'m Titli","नमस्ते, मैं हूँ तितली","Namaste, main Titli hoon",,Needs human review
tour_breathe_message,TourSteps,Open the Breathing tab and tap “Breathe with me” to start a guided session.,Breathing tab खोलें और guided session शुरू करने के लिए “Breathe with me” tap करें।,Breathing tab kholein aur guided session shuru karne ke liye “Breathe with me” tap karein.,Latin text in Hindi: inspect names/technical terms,Needs human review
tour_breathe_title,TourSteps,Breathe with Me,मेरे साथ breathe करें,mere saath breathe karein,Latin text in Hindi: inspect names/technical terms,Needs human review
tour_calendar_message,TourSteps,See your daily study schedule and understand your upcoming workload and pending work.,हर दिन का study schedule देखें और upcoming workload व pending work समझें।,har din ka study schedule dekhein aur upcoming workload va pending work samjhein.,Latin text in Hindi: inspect names/technical terms,Needs human review
tour_calendar_title,TourSteps,Study Calendar,Study calendar,Study calendar,Latin text in Hindi: inspect names/technical terms,Needs human review
tour_community_posts_message,TourSteps,"Explore Academic and Reflective posts. Like, comment, or save what you enjoy.","Academic और Reflective posts देखें। जो अच्छा लगे उसे like, comment या save करें।","Academic aur Reflective posts dekhein. jo accha lage use like, comment ya save karein.",Latin text in Hindi: inspect names/technical terms,Needs human review
tour_community_posts_title,TourSteps,Community Posts,Community posts,Community posts,Latin text in Hindi: inspect names/technical terms,Needs human review
tour_connect_message,TourSteps,See the person icon on a post? Tap to send a connection request for temporary private chat.,Post पर person icon दिख रहा है? Temporary private chat के लिए connection request भेजने को tap करें।,Post par person icon dikha raha hai? Temporary private chat ke liye connection request bhejne ko tap karein.,Latin text in Hindi: inspect names/technical terms,Needs human review
tour_connect_title,TourSteps,Connect with Someone,किसी से connect करें,kisi se connect karein,Latin text in Hindi: inspect names/technical terms,Needs human review
tour_connections_tab_message,TourSteps,Manage incoming requests and open chats from the Connections tab.,Bottom bar के Connections tab से incoming requests manage करें और chats खोलें।,Bottom bar ke Connections tab se incoming requests manage karein aur chats kholein.,Latin text in Hindi: inspect names/technical terms,Needs human review
tour_connections_tab_title,TourSteps,Connections Tab,Connections tab,Connections tab,Latin text in Hindi: inspect names/technical terms,Needs human review
tour_create_post_message,TourSteps,Tap + to share your thoughts. Choose Academic or Reflective space.,अपने thoughts share करने के लिए + tap करें। Academic या Reflective space चुनें।,apne thoughts share karne ke liye + tap karein. Academic ya Reflective space chunein.,Latin text in Hindi: inspect names/technical terms,Needs human review
tour_create_post_title,TourSteps,Create a Post,Post बनाएं,Post banayein,Latin text in Hindi: inspect names/technical terms,Needs human review
tour_daily_checkin_message,TourSteps,"Track your mood, energy, and reflect on your day.",हर दिन यहाँ से शुरू करें। अपना mood log करें और आज का intention तय करें। छोटे moments भी बड़ा फर्क लाते हैं!,har din yahan se shuru karein. apna mood log karein aur aaj ka intention tay karein. chhote moments bhi baar pharka late hain!,Latin text in Hindi: inspect names/technical terms,Needs human review
tour_daily_checkin_title,TourSteps,Daily Check-in,Daily check-in,Daily check-in,Latin text in Hindi: inspect names/technical terms,Needs human review
tour_daily_todo_message,TourSteps,Add recurring daily topics for regular practice here.,Regular practice के लिए repeat होने वाले daily topics यहाँ add करें।,Regular practice ke liye repeat hone waale daily topics yahan add karein.,Latin text in Hindi: inspect names/technical terms,Needs human review
tour_daily_todo_title,TourSteps,Daily To-Do,Daily to-do,Daily to-do,Latin text in Hindi: inspect names/technical terms,Needs human review
tour_dhyan_welcome_message,TourSteps,"Your place for breathing exercises, calm, and guided courses.","यह breathing exercises, शांति और guided courses की आपकी जगह है।","yeh breathing exercises, shaanti aur guided courses ki aapki jagah hai.",Latin text in Hindi: inspect names/technical terms,Needs human review
tour_dhyan_welcome_title,TourSteps,Welcome to Dhyan,Dhyan में आपका स्वागत है,Dhyan mein aapka swagat hai,Latin text in Hindi: inspect names/technical terms,Needs human review
tour_ekagra_welcome_message,TourSteps,Study without distractions.,बिना distraction के पढ़ें।,bina distraction ke padhein.,Latin text in Hindi: inspect names/technical terms,Needs human review
tour_ekagra_welcome_title,TourSteps,Ekagra Screen ⏱,Ekagra screen ⏱,Ekagra screen ⏱,Latin text in Hindi: inspect names/technical terms,Needs human review
tour_exam_plans_message,TourSteps,Find all your exam plans here. Open any plan to manage your preparation.,आपके सभी exam plans यहाँ मिलेंगे। Preparation manage करने के लिए कोई plan खोलें।,aapke sabhi exam plans yahan milenge. Preparation manage karne ke liye koi plan kholein.,Latin text in Hindi: inspect names/technical terms,Needs human review
tour_exam_plans_title,TourSteps,Your Exam Plans,आपके exam plans,aapke exam plans,Latin text in Hindi: inspect names/technical terms,Needs human review
tour_floating_timer_message,TourSteps,Turn on the floating timer or Kavach Always On from the menu.,Three-dot menu से floating timer या Kavach Always On चालू करें।,Three-dot menu se floating timer ya Kavach Always On chalu karein.,Latin text in Hindi: inspect names/technical terms,Needs human review
tour_floating_timer_title,TourSteps,Floating Timer,Floating timer,Floating timer,Latin text in Hindi: inspect names/technical terms,Needs human review
tour_goals_message,TourSteps,Set daily goals and track your accomplishments.,यहाँ daily या weekly goals बनाएं। उन्हें पूरा करने से आपकी streak चलती रहेगी।,yahan daily ya weekly goals banayein. unhein poora karne se aapki streak calati rahegi.,Latin text in Hindi: inspect names/technical terms,Needs human review
tour_goals_title,TourSteps,Goals,Goals,Goals,Latin text in Hindi: inspect names/technical terms,Needs human review
tour_journal_message,TourSteps,Write your thoughts and keep daily notes.,खुलकर लिखने के लिए Journal पर tap करें। आपकी entries private रहेंगी और device पर ही save होंगी।,khulkar likhane ke liye Journal par tap karein. aapki entries private rahengi aur device par hi save hongi.,Latin text in Hindi: inspect names/technical terms,Needs human review
tour_journal_title,TourSteps,Journal,Journal,Journal,Latin text in Hindi: inspect names/technical terms,Needs human review
tour_kavach_message,TourSteps,Don\'t forget to turn on Kavach for a distraction-free study session.,Distraction-free study session के लिए Kavach on करना न भूलें।,Distraction-free study session ke liye Kavach on karna na bhulem.,Latin text in Hindi: inspect names/technical terms,Needs human review
tour_kavach_title,TourSteps,Kavach Shield,Kavach Shield,Kavach Shield,Latin text in Hindi: inspect names/technical terms,Needs human review
tour_mehfil_welcome_message,TourSteps,"Mehfil is SAFAR\'s community space. Share thoughts, meet peers, and grow together.","Mehfil SAFAR की community space है। Thoughts share करें, अपने जैसे लोगों से मिलें और साथ grow करें।","Mehfil SAFAR ki community space hai. Thoughts share karein, apne jaise logom se milem aur saath grow karein.",Latin text in Hindi: inspect names/technical terms,Needs human review
tour_mehfil_welcome_title,TourSteps,Welcome to Mehfil,Mehfil में आपका स्वागत है,Mehfil mein aapka swagat hai,Latin text in Hindi: inspect names/technical terms,Needs human review
tour_new_plan_message,TourSteps,Tap Create Your New Plan to start a new exam plan.,नया exam plan शुरू करने के लिए Create Your New Plan पर tap करें।,naya exam plan shuru karne ke liye Create Your New Plan par tap karein.,Latin text in Hindi: inspect names/technical terms,Needs human review
tour_new_plan_title,TourSteps,New Exam Plan,नया exam plan,naya exam plan,Latin text in Hindi: inspect names/technical terms,Needs human review
tour_nishtha_welcome_message,TourSteps,"Your space for daily habits, check-ins, and goals.","यह आपका personal growth hub है—habits, mood, journal और streaks सब एक जगह track करें।","yeh aapka personal growth hub hai—habits, mood, journal aur streaks sab ek jagah track karein.",Latin text in Hindi: inspect names/technical terms,Needs human review
tour_nishtha_welcome_title,TourSteps,Welcome to Nishtha,Nishtha में आपका स्वागत है 🌱,Nishtha mein aapka swagat hai 🌱,Latin text in Hindi: inspect names/technical terms,Needs human review
tour_plan_overview_message,TourSteps,"See remaining days to exam, overall progress, and today\'s study at a glance.","Exam में बचे दिन, overall progress और आज की पढ़ाई एक नज़र में देखें।","Exam mein bache din, overall progress aur aaj ki padhai ek nazara mein dekhein.",Latin text in Hindi: inspect names/technical terms,Needs human review
tour_plan_overview_title,TourSteps,Plan Overview,Plan overview,Plan overview,Latin text in Hindi: inspect names/technical terms,Needs human review
tour_preparation_status_message,TourSteps,"Track your preparation across Today, Upcoming, Missed, and Completed.","Today, Upcoming, Missed और Completed से अपनी preparation track करें।","Today, Upcoming, Missed aur Completed se apni preparation track karein.",Latin text in Hindi: inspect names/technical terms,Needs human review
tour_preparation_status_title,TourSteps,Preparation Status,Preparation status,Preparation status,Latin text in Hindi: inspect names/technical terms,Needs human review
tour_progress_message,TourSteps,"Understand your study speed, syllabus progress, and weak areas to improve your preparation.","Study speed, syllabus progress और weak areas समझकर preparation बेहतर करें।","Study speed, syllabus progress aur weak areas samajhakara preparation behtar karein.",Latin text in Hindi: inspect names/technical terms,Needs human review
tour_progress_title,TourSteps,Progress Insights,Progress insights,Progress insights,Latin text in Hindi: inspect names/technical terms,Needs human review
tour_revision_message,TourSteps,Topics marked for revision and missed topics will appear here.,"Revision के लिए marked topics और जो miss हुए हैं, वे यहाँ दिखेंगे।","Revision ke liye marked topics aur jo miss hue hain, ve yahan dikhenge.",Latin text in Hindi: inspect names/technical terms,Needs human review
tour_revision_title,TourSteps,Revision & Missed Topics,Revision और missed topics,Revision aur missed topics,Latin text in Hindi: inspect names/technical terms,Needs human review
tour_sandesh_message,TourSteps,The top banner shows updates and messages from Parmar Sir.,ऊपर वाला banner Parmar Sir का sandesh दिखाता है।,upar waala banner Parmar Sir ka sandesh dikhaata hai.,Latin text in Hindi: inspect names/technical terms,Needs human review
tour_sandesh_title,TourSteps,Sandesh,Sandesh,Sandesh,Latin text in Hindi: inspect names/technical terms,Needs human review
tour_session_history_message,TourSteps,"Link to a goal or name your session, then save it to history.","Goal link करें या session को नाम दें, फिर history में save करें।","Goal link karein ya session ko naam dein, phir history mein save karein.",Latin text in Hindi: inspect names/technical terms,Needs human review
tour_session_history_title,TourSteps,Session History,Session history,Session history,Latin text in Hindi: inspect names/technical terms,Needs human review
tour_start_pomodoro_message,TourSteps,"Choose how many rounds to do, then start your Pomodoro session.","कितने rounds करने हैं चुनें, फिर Pomodoro session शुरू करें।","kitne rounds karne hain chunein, phir Pomodoro session shuru karein.",Latin text in Hindi: inspect names/technical terms,Needs human review
tour_start_pomodoro_title,TourSteps,Start Pomodoro,Pomodoro शुरू करें,Pomodoro shuru karein,Latin text in Hindi: inspect names/technical terms,Needs human review
tour_streaks_message,TourSteps,Your current streak is shown here. Consistency is magic—even a small action counts.,आपकी current streak यहाँ दिखेगी। Consistency ही magic है—एक छोटा action भी count करता है।,aapki current streak yahan dikhegi. Consistency hi magic hai—ek chhota action bhi count karta hai.,Latin text in Hindi: inspect names/technical terms,Needs human review
tour_streaks_title,TourSteps,Streaks,Streaks,Streaks,Latin text in Hindi: inspect names/technical terms,Needs human review
tour_syllabus_message,TourSteps,"Organize subjects, chapters, and topics, set priorities, and track preparation status.","Subjects, chapters और topics organize करें, priority set करें और preparation status देखें।","Subjects, chapters aur topics organize karein, priority set karein aur preparation status dekhein.",Latin text in Hindi: inspect names/technical terms,Needs human review
tour_syllabus_title,TourSteps,Syllabus,Syllabus,Syllabus,Latin text in Hindi: inspect names/technical terms,Needs human review
tour_techniques_message,TourSteps,Choose a breathing technique that fits your needs.,"जो breathing technique आपको सही लगे, उसे चुनें।","jo breathing technique aapko sahi lage, use chunein.",Latin text in Hindi: inspect names/technical terms,Needs human review
tour_techniques_title,TourSteps,Techniques,Techniques,Techniques,Latin text in Hindi: inspect names/technical terms,Needs human review
tour_timer_modes_message,TourSteps,"Choose your session type: Pomodoro, break, or stopwatch.","Session type चुनें: Pomodoro, break या stopwatch।","Session type chunein: Pomodoro, break ya stopwatch.",Latin text in Hindi: inspect names/technical terms,Needs human review
tour_timer_modes_title,TourSteps,Timer Modes,Timer modes,Timer modes,Latin text in Hindi: inspect names/technical terms,Needs human review
tour_timer_settings_message,TourSteps,Customize focus and break durations to suit your study style.,Focus और break का duration अपनी study style के हिसाब से set करें।,Focus aur break ka duration apni study style ke hisaab se set karein.,Latin text in Hindi: inspect names/technical terms,Needs human review
tour_timer_settings_title,TourSteps,Timer Settings,Timer settings,Timer settings,Latin text in Hindi: inspect names/technical terms,Needs human review
tour_today_plan_message,TourSteps,See what to study today and how many topics are planned.,"आज क्या पढ़ना है और कितने topics planned हैं, यहाँ देखें।","aaj kya padhna hai aur kitne topics planned hain, yahan dekhein.",Latin text in Hindi: inspect names/technical terms,Needs human review
tour_today_plan_title,TourSteps,Today\'s Study Plan,आज का study plan,aaj ka study plan,Latin text in Hindi: inspect names/technical terms,Needs human review
update_latest_version,ForceUpdateScreen,Latest version: %1$s,Latest version: %1$s,Latest version: %1$s,Latin text in Hindi: inspect names/technical terms,Needs human review
update_required,ForceUpdateScreen,This update is required to continue.,आगे बढ़ने के लिए यह update ज़रूरी है।,aage badhaane ke liye yeh update zaruri hai.,Latin text in Hindi: inspect names/technical terms,Needs human review
update_safar,ForceUpdateScreen,Update Safar,Safar update करें,Safar update karein,Latin text in Hindi: inspect names/technical terms,Needs human review
youtube_channel_classified,YoutubeStudyV2ViewModel,%1$s is now %2$s.,%1$s अब %2$s है।,%1$s ab %2$s hai.,,Needs human review
youtube_channel_productive,YoutubeStudyV2ViewModel,%1$s is now Productive.,%1$s अब Productive है।,%1$s ab Productive hai.,Latin text in Hindi: inspect names/technical terms,Needs human review
youtube_channel_update_failed,YoutubeStudyV2ViewModel,Could not update channel. Try again.,चैनल अपडेट नहीं हुआ। फिर कोशिश करें।,channel update nahi hua. phir koshish karein.,,Needs human review
youtube_distracting,YoutubeStudyV2Screen; YoutubeStudyV2ViewModel,Distracting,ध्यान भटकाने वाला,Distracting,,Needs human review
youtube_focus_about_function,YoutubeFocusAccessibilityTutorialSheet,About this function,यह feature क्या करता है,yeh feature kya karta hai,Latin text in Hindi: inspect names/technical terms,Needs human review
youtube_focus_about_function_body,YoutubeFocusAccessibilityTutorialSheet,YouTube Focus checks video channels to block distractions while keeping your chosen study channels open.,YouTube Focus video channels check करके distractions block करता है और आपके चुने study channels खुले रखता है।,YouTube Focus video channels check karke distractions block karta hai aur aapke chune study channels khule rakhta hai.,Latin text in Hindi: inspect names/technical terms,Needs human review
youtube_focus_accessibility_actions,YoutubeStudyV2Screen,"To apply your choices, SAFAR may pause playback, leave blocked content, and show blocking controls over YouTube.","आपकी choices लागू करने के लिए SAFAR playback pause कर सकता है, blocked content से पीछे जा सकता है और YouTube के ऊपर blocking controls दिखा सकता है।","aapki choices laagu karne ke liye SAFAR playback pause kar sakta hai, blocked content se peeche ja sakta hai aur YouTube ke upar blocking controls dikha sakta hai.",Latin text in Hindi: inspect names/technical terms,Needs human review
youtube_focus_accessibility_data,YoutubeStudyV2Screen,"Data accessed: names, including channel or account display names; personal identifiers such as YouTube @handles; and other content visible on screen, such as video titles, descriptions, and comments.","कौन-सा data दिखता है: channel या account names, YouTube @handles जैसे identifiers, और screen पर दिखने वाला content—जैसे video title, description और comments।","kaun-sa data dikhaata hai: channel ya account names, YouTube @handles jaise identifiers, aur screen par dikhne waala content—jaise video title, description aur comments.",Latin text in Hindi: inspect names/technical terms,Needs human review
youtube_focus_accessibility_intro,YoutubeStudyV2Screen,"When enabled, YouTube Focus uses Android’s AccessibilityService API to read visible text and controls in the YouTube app.","चालू होने पर YouTube Focus, Android की AccessibilityService API से YouTube app में दिख रहा text और controls पढ़ता है।","chalu hone par YouTube Focus, Android ki AccessibilityService API se YouTube app mein dikha raha text aur controls padhta hai.",Latin text in Hindi: inspect names/technical terms,Needs human review
youtube_focus_accessibility_optional,YoutubeStudyV2Screen,This access is optional. You can switch it off anytime in Android Settings → Accessibility → SAFAR YouTube Focus.,यह access optional है। Android Settings → Accessibility → SAFAR YouTube Focus में इसे कभी भी बंद कर सकते हैं।,yeh access optional hai. Android Settings → Accessibility → SAFAR YouTube Focus mein ise kabhi bhi band kar sakte hain.,Latin text in Hindi: inspect names/technical terms,Needs human review
youtube_focus_accessibility_purpose,YoutubeStudyV2Screen,"Why: SAFAR uses channel names, handles, player controls, and screen text to identify channels, detect videos and Shorts, apply your blocking choices, and measure viewing time. It does not use comments or unrelated account text to identify channels.","क्यों: SAFAR channel names, handles, player controls और screen text से channel पहचानता है, videos और Shorts detect करता है, आपकी blocking choices लागू करता है और watch time मापता है। Comments या unrelated account text से channel की पहचान नहीं की जाती।","kyon: SAFAR channel names, handles, player controls aur screen text se channel pehchaanta hai, videos aur Shorts detect karta hai, aapki blocking choices laagu karta hai aur watch time mapata hai. Comments ya unrelated account text se channel ki pahacana nahi ki jati.",Latin text in Hindi: inspect names/technical terms,Needs human review
youtube_focus_accessibility_storage,YoutubeStudyV2Screen,"What is saved: channel names or @handles in your productive list stay on this device. Daily viewing totals sync to SAFAR for analytics. Raw screen text, video titles, descriptions, and comments are not uploaded by this feature.","क्या save होता है: productive list के channel names या @handles इसी device पर रहते हैं। Daily viewing totals analytics के लिए SAFAR से sync होते हैं। Raw screen text, video titles, descriptions और comments upload नहीं होते।","kya save hota hai: productive list ke channel names ya @handles isi device par rehte hain. Daily viewing totals analytics ke liye SAFAR se sync hote hain. Raw screen text, video titles, descriptions aur comments upload nahi hote.",Latin text in Hindi: inspect names/technical terms,Needs human review
youtube_focus_accessibility_title,YoutubeStudyV2Screen,Accessibility access for YouTube Focus,YouTube Focus के लिए Accessibility access,YouTube Focus ke liye Accessibility access,Latin text in Hindi: inspect names/technical terms,Needs human review
youtube_focus_add_channel,YoutubeStudyV2Screen,Add channel,Channel जोड़ें,Channel jodein,Latin text in Hindi: inspect names/technical terms,Needs human review
youtube_focus_add_channel_below,YoutubeStudyV2Screen,Add a channel below.,नीचे channel जोड़ें।,neeche channel jodein.,Latin text in Hindi: inspect names/technical terms,Needs human review
youtube_focus_add_channel_title,YoutubeStudyV2Screen,Add the channel exactly as YouTube shows it,Channel को ठीक वैसे जोड़ें जैसे YouTube दिखाता है,Channel ko theek vaise jodein jaise YouTube dikhaata hai,Latin text in Hindi: inspect names/technical terms,Needs human review
youtube_focus_add_productive,YoutubeStudyV2AccessibilityService,Add to productive,Productive में जोड़ें,Productive mein jodein,Latin text in Hindi: inspect names/technical terms,Needs human review
youtube_focus_allow_list_empty,YoutubeStudyV2Screen,Your allow list is empty.,आपकी allow list खाली है।,aapki allow list khaali hai.,Latin text in Hindi: inspect names/technical terms,Needs human review
youtube_focus_back_permissions,YoutubeStudyV2Screen,← Back to permissions,← Permissions पर वापस जाएँ,← Permissions par wapas jaayein,Latin text in Hindi: inspect names/technical terms,Needs human review
youtube_focus_benefit_allow_productive,YoutubeStudyV2Screen,Your productive channels stay open,आपके productive channels खुले रहेंगे,aapke productive channels khule rahenge,Latin text in Hindi: inspect names/technical terms,Needs human review
youtube_focus_benefit_block_channels,YoutubeStudyV2Screen,Distracting channels are blocked automatically,Distracting channels अपने-आप block होंगे,Distracting channels apne-aap block honge,Latin text in Hindi: inspect names/technical terms,Needs human review
youtube_focus_benefit_block_shorts,YoutubeStudyV2Screen,YouTube Shorts stay blocked,YouTube Shorts हमेशा block रहेंगे,YouTube Shorts hamesha block rahenge,Latin text in Hindi: inspect names/technical terms,Needs human review
youtube_focus_beta_about,YoutubeFocusBetaBadge,About YouTube Focus Beta,YouTube Focus Beta के बारे में,YouTube Focus Beta ke baare mein,Latin text in Hindi: inspect names/technical terms,Needs human review
youtube_focus_beta_body,YoutubeFocusBetaBadge,We’re still testing YouTube Focus. You may notice a small delay or issue now and then—we’re improving it every day.,हम अभी YouTube Focus को test कर रहे हैं। कभी-कभी थोड़ा delay या छोटी दिक्कत आ सकती है—हम इसे हर दिन बेहतर बना रहे हैं।,hum abhi YouTube Focus ko test kar rahe hain. kabhi-kabhi thoda delay ya chhoti dikkat a sakti hai—hum ise har din behtar bana rahe hain.,Latin text in Hindi: inspect names/technical terms,Needs human review
youtube_focus_beta_title,YoutubeFocusBetaBadge,YouTube Focus is in Beta,YouTube Focus अभी Beta में है,YouTube Focus abhi Beta mein hai,Latin text in Hindi: inspect names/technical terms,Needs human review
youtube_focus_channel_blocked,YoutubeStudyV2AccessibilityService,Channel blocked,Channel block है,Channel block hai,Latin text in Hindi: inspect names/technical terms,Needs human review
youtube_focus_channel_not_allowed_body,YoutubeStudyV2AccessibilityService,%1$s isn’t in your productive list. Add it now to keep watching.,%1$s आपकी productive list में नहीं है। देखते रहने के लिए इसे अभी add करें।,%1$s aapki productive list mein nahi hai. dekhate rehne ke liye ise abhi add karein.,Latin text in Hindi: inspect names/technical terms,Needs human review
youtube_focus_channel_placeholder,YoutubeStudyV2Screen,Channel name or @handle shown by YouTube,YouTube पर दिख रहा channel name या @handle,YouTube par dikha raha channel name ya @handle,Latin text in Hindi: inspect names/technical terms,Needs human review
youtube_focus_channel_unidentified,YoutubeStudyV2AccessibilityService,Couldn’t identify this channel,यह channel पहचान नहीं पाए,yeh channel pahacana nahi paaye,Latin text in Hindi: inspect names/technical terms,Needs human review
youtube_focus_channel_unidentified_body,YoutubeStudyV2AccessibilityService,SAFAR couldn’t read the channel name or handle. Expand the player and try again.,SAFAR channel name या handle नहीं पढ़ पाया। Player expand करके फिर try करें।,SAFAR channel name ya handle nahi padh paaya. Player expand karke phir try karein.,Latin text in Hindi: inspect names/technical terms,Needs human review
youtube_focus_channels_allowed,YoutubeStudyV2Screen,Channels allowed,Allowed channels,Allowed channels,Latin text in Hindi: inspect names/technical terms,Needs human review
youtube_focus_channels_on_phone,YoutubeStudyV2Screen,Channels on this phone,इस phone के channels,is phone ke channels,Latin text in Hindi: inspect names/technical terms,Needs human review
youtube_focus_coming_soon,YoutubeStudyV2Screen,Coming soon to SAFAR,जल्द SAFAR में आ रहा है,jalda SAFAR mein a raha hai,Latin text in Hindi: inspect names/technical terms,Needs human review
youtube_focus_coming_soon_body,YoutubeStudyV2Screen,Good things take a little time.,अच्छी चीज़ों में थोड़ा समय लगता है।,acchi cizom mein thoda samay lagata hai.,,Needs human review
youtube_focus_delete_channel,YoutubeStudyV2Screen,Delete channel,Channel delete करें,Channel delete karein,Latin text in Hindi: inspect names/technical terms,Needs human review
youtube_focus_exact_channel_help,YoutubeStudyV2Screen,Add the exact name or @handle shown by YouTube on this phone.,"इस phone पर YouTube जो exact name या @handle दिखाता है, वही जोड़ें।","is phone par YouTube jo exact name ya @handle dikhaata hai, vahi jodein.",Latin text in Hindi: inspect names/technical terms,Needs human review
youtube_focus_fix_battery,YoutubeStudyV2Screen,Fix your phone’s battery settings,Phone की battery settings ठीक करें,Phone ki battery settings theek karein,Latin text in Hindi: inspect names/technical terms,Needs human review
youtube_focus_general_more,YoutubeFocusAccessibilityTutorialSheet,General · More,General · More,General · More,Latin text in Hindi: inspect names/technical terms,Needs human review
youtube_focus_guide_float_hint,YoutubeFocusAccessibilityTutorialSheet,"When supported, this guide will float beside Settings.",Support होने पर यह guide Settings के पास float करेगी।,Support hone par yeh guide Settings ke paas float karegi.,Latin text in Hindi: inspect names/technical terms,Needs human review
youtube_focus_is_off,YoutubeStudyV2HealthMonitor,YouTube Focus is off,YouTube Focus बंद है,YouTube Focus band hai,Latin text in Hindi: inspect names/technical terms,Needs human review
youtube_focus_is_on,YoutubeStudyV2GuardService,YouTube Focus is on,YouTube Focus चालू है,YouTube Focus chalu hai,Latin text in Hindi: inspect names/technical terms,Needs human review
youtube_focus_mock_permission_title,YoutubeFocusAccessibilityTutorialSheet,Allow “SAFAR YouTube Focus” to have full control of your device?,“SAFAR YouTube Focus” को device का full control दें?,“SAFAR YouTube Focus” ko device ka full control dein?,Latin text in Hindi: inspect names/technical terms,Needs human review
youtube_focus_name,YoutubeFocusAccessibilityTutorialSheet,YouTube Focus,YouTube Focus,YouTube Focus,Latin text in Hindi: inspect names/technical terms,Needs human review
youtube_focus_no_channels_found,YoutubeStudyV2Screen,No channels found yet. Open YouTube and visit a channel so it can appear here.,"अभी कोई channel नहीं मिला। YouTube खोलकर कोई channel देखें, फिर वह यहाँ दिखेगा।","abhi koi channel nahi mila. YouTube kholkar koi channel dekhein, phir woh yahan dikhega.",Latin text in Hindi: inspect names/technical terms,Needs human review
youtube_focus_no_productive_channels,YoutubeStudyV2Screen,No productive channels yet,अभी कोई productive channel नहीं है,abhi koi productive channel nahi hai,Latin text in Hindi: inspect names/technical terms,Needs human review
youtube_focus_on_return,YoutubeFocusAccessibilityTutorialSheet,On · Return to SAFAR,On · SAFAR पर वापस जाएँ,On · SAFAR par wapas jaayein,Latin text in Hindi: inspect names/technical terms,Needs human review
youtube_focus_other_services,YoutubeFocusAccessibilityTutorialSheet,Other services,दूसरी services,doosri services,Latin text in Hindi: inspect names/technical terms,Needs human review
youtube_focus_permissions_active,YoutubeStudyV2Screen,Permissions active,Permissions active हैं,Permissions active hain,Latin text in Hindi: inspect names/technical terms,Needs human review
youtube_focus_permissions_required,YoutubeStudyV2Screen,Permissions needed — tap for the guide,Permissions चाहिए — guide के लिए tap करें,Permissions chahiye — guide ke liye tap karein,Latin text in Hindi: inspect names/technical terms,Needs human review
youtube_focus_productive_allow_list,YoutubeStudyV2Screen,Productive allow list,Productive allow list,Productive allow list,Latin text in Hindi: inspect names/technical terms,Needs human review
youtube_focus_protection_active,YoutubeStudyV2GuardService,Focus protection is active.,Focus protection active है।,Focus protection active hai.,Latin text in Hindi: inspect names/technical terms,Needs human review
youtube_focus_protection_stopping,YoutubeStudyV2Screen,Does protection keep stopping?,Protection बार-बार बंद हो रही है?,Protection baar-baar band ho rahi hai?,Latin text in Hindi: inspect names/technical terms,Needs human review
youtube_focus_read_permission_details,YoutubeFocusAccessibilityTutorialSheet,Read the system permission details before allowing access.,Access allow करने से पहले system permission की details पढ़ लें।,Access allow karne se pehle system permission ki details padh lein.,Latin text in Hindi: inspect names/technical terms,Needs human review
youtube_focus_remove_channel,YoutubeStudyV2Screen,Remove channel,Channel हटाएँ,Channel hataayein,Latin text in Hindi: inspect names/technical terms,Needs human review
youtube_focus_return_home,YoutubeStudyV2AccessibilityService,Return to YouTube Home,YouTube Home पर जाएँ,YouTube Home par jaayein,Latin text in Hindi: inspect names/technical terms,Needs human review
youtube_focus_service_name,YoutubeFocusAccessibilityTutorialSheet,SAFAR YouTube Focus,SAFAR YouTube Focus,SAFAR YouTube Focus,Latin text in Hindi: inspect names/technical terms,Needs human review
youtube_focus_settings_may_differ,YoutubeFocusAccessibilityTutorialSheet,Settings may look a little different on your phone.,आपके phone में Settings थोड़ी अलग दिख सकती हैं।,aapke phone mein Settings thodi alag dikha sakti hain.,Latin text in Hindi: inspect names/technical terms,Needs human review
youtube_focus_shortcut,YoutubeFocusAccessibilityTutorialSheet,Shortcut,Shortcut,Shortcut,Latin text in Hindi: inspect names/technical terms,Needs human review
youtube_focus_shortcut_off_hint,YoutubeFocusAccessibilityTutorialSheet,Off · Leave this off,Off · इसे off ही रखें,Off · ise off hi rakhein,Latin text in Hindi: inspect names/technical terms,Needs human review
youtube_focus_shorts,YoutubeStudyV2Screen,Shorts,Shorts,Shorts,Latin text in Hindi: inspect names/technical terms,Needs human review
youtube_focus_shorts_blocked,YoutubeStudyV2AccessibilityService,YouTube Shorts is blocked,YouTube Shorts block हैं,YouTube Shorts block hain,Latin text in Hindi: inspect names/technical terms,Needs human review
youtube_focus_shorts_blocked_body,YoutubeStudyV2AccessibilityService,Shorts stay blocked in YouTube Focus. Need a quick break?,YouTube Focus में Shorts block रहते हैं। छोटा break चाहिए?,YouTube Focus mein Shorts block rehte hain. chhota break chahiye?,Latin text in Hindi: inspect names/technical terms,Needs human review
youtube_focus_switch_access,YoutubeFocusAccessibilityTutorialSheet,Switch Access,Switch Access,Switch Access,Latin text in Hindi: inspect names/technical terms,Needs human review
youtube_focus_tap_home_to_finish,YoutubeStudyV2AccessibilityService,Tap YouTube Home to finish returning.,वापस जाने के लिए YouTube Home tap करें।,wapas jane ke liye YouTube Home tap karein.,Latin text in Hindi: inspect names/technical terms,Needs human review
youtube_focus_this_channel,YoutubeStudyV2AccessibilityService,This channel,यह channel,yeh channel,Latin text in Hindi: inspect names/technical terms,Needs human review
youtube_focus_title_upper,YoutubeStudyV2Screen,YOUTUBE FOCUS,YOUTUBE FOCUS,YOUTUBE FOCUS,Latin text in Hindi: inspect names/technical terms,Needs human review
youtube_focus_turn_on_accessibility,YoutubeStudyV2HealthMonitor,Turn on SAFAR in Accessibility settings.,Accessibility settings में SAFAR चालू करें।,Accessibility settings mein SAFAR chalu karein.,Latin text in Hindi: inspect names/technical terms,Needs human review
youtube_focus_view_control_screen,YoutubeFocusAccessibilityTutorialSheet,View and control the screen,Screen देखें और control करें,Screen dekhein aur control karein,Latin text in Hindi: inspect names/technical terms,Needs human review
youtube_focus_view_control_screen_body,YoutubeFocusAccessibilityTutorialSheet,Read screen content and show controls over other apps.,Screen content पढ़ें और दूसरे apps के ऊपर controls दिखाएँ।,Screen content padhein aur doosre apps ke upar controls dikhayein.,Latin text in Hindi: inspect names/technical terms,Needs human review
youtube_focus_view_perform_actions,YoutubeFocusAccessibilityTutorialSheet,View and perform actions,Actions देखें और करें,Actions dekhein aur karein,Latin text in Hindi: inspect names/technical terms,Needs human review
youtube_focus_view_perform_actions_body,YoutubeFocusAccessibilityTutorialSheet,Track interactions and perform actions for you.,Interactions track करके आपके लिए actions करें।,Interactions track karke aapke liye actions karein.,Latin text in Hindi: inspect names/technical terms,Needs human review
youtube_focus_your_channels,YoutubeStudyV2Screen,Your YouTube channels,आपके YouTube channels,aapke YouTube channels,Latin text in Hindi: inspect names/technical terms,Needs human review
youtube_productive,YoutubeStudyV2ViewModel,Productive,Productive,Productive,Latin text in Hindi: inspect names/technical terms,Needs human review
youtube_quick_unlock_active,QuickUnlockNotification,YouTube Quick Unlock is active,YouTube Quick Unlock चालू है,YouTube Quick Unlock chalu hai,Latin text in Hindi: inspect names/technical terms,Needs human review
youtube_quick_unlock_notification_body,QuickUnlockNotification,YouTube is open for %1$d min. YouTube Focus will block it again when time’s up.,YouTube %1$d मिनट के लिए खुला है। समय पूरा होते ही YouTube Focus इसे फिर block कर देगा।,YouTube %1$d minute ke liye khula hai. samay poora hote hi YouTube Focus ise phir block kar dega.,Latin text in Hindi: inspect names/technical terms,Needs human review
youtube_study_v2_accessibility_description,,"Optional YouTube Focus reads visible YouTube text, including names, @handles and user-generated content, to identify videos and Shorts, measure viewing time and apply your blocking settings. Detected handles and daily viewing totals are sent to SAFAR for channel identification and analytics. Review the full disclosure in SAFAR before enabling this service.","YouTube Focus, Accessibility से YouTube पर दिखने वाले नाम, @handles और उपयोगकर्ताओं की बनाई सामग्री पढ़ता है। इसका उपयोग वीडियो और Shorts पहचानने, देखने का समय मापने और आपकी ब्लॉकिंग सेटिंग लागू करने के लिए होता है। चैनल handles और दैनिक देखने का कुल समय SAFAR सर्वर पर भेजा जाता है। सेवा चालू करने से पहले SAFAR में पूरा विवरण पढ़ें और सहमति दें।","YouTube Focus, Accessibility se YouTube par dikhne waale naam, @handles aur upayogakartaom ki banai samagri padhta hai. isaka upayoga video aur Shorts pahacanane, dekhne ka samay mapane aur aapki blokinga setinga laagu karne ke liye hota hai. channel handles aur daily dekhne ka kul samay SAFAR server par bheja jaata hai. save chalu karne se pehle SAFAR mein poora details padhein aur sahamati dein.",Latin text in Hindi: inspect names/technical terms,Needs human review
youtube_study_v2_accessibility_label,,SAFAR YouTube Focus,SAFAR YouTube फोकस,SAFAR YouTube focus,Latin text in Hindi: inspect names/technical terms,Needs human review
